[1088:7216:0130/145351.713:WARNING:chrome_main_delegate.cc(745)] This is Chrome version 128.0.6613.138 (not a warning)
[1088:22408:0130/145351.759:ERROR:google_update_settings.cc(265)] Failed opening key Software\Chromium to set usagestats; result: 5
[1088:7216:0130/145351.779:WARNING:account_consistency_mode_manager.cc(77)] Desktop Identity Consistency cannot be enabled as no OAuth client ID and client secret have been configured.
[33300:30568:0130/145358.099:WARNING:frame_impl.cc(430)] virtual CefFrameImpl::SendProcessMessage sent to detached frame 5-5F11A095169BB0CCDE34E23D6A9A38AF will be ignored
[1088:31008:0130/145507.809:VERBOSE1:media_stream_manager.cc(1533)] MSPL::OnSpeedLimitChange({this=0000773C00156D40}, {new_limit=24})
[1088:31008:0130/145509.827:VERBOSE1:media_stream_manager.cc(1533)] MSPL::OnSpeedLimitChange({this=0000773C00156D40}, {new_limit=25})
[1088:31008:0130/145510.827:VERBOSE1:media_stream_manager.cc(1533)] MSPL::OnSpeedLimitChange({this=0000773C00156D40}, {new_limit=24})
[1088:31008:0130/145511.826:VERBOSE1:media_stream_manager.cc(1533)] MSPL::OnSpeedLimitChange({this=0000773C00156D40}, {new_limit=25})
[1088:22888:0130/145517.405:VERBOSE1:unpacker.cc(66)] Verifying component: C:\Users\willr\Documents\GitHub\DDDS\Saved\webcache_6613\component_crx_cache\temp_1.7ab67a2dc1733fdfe268b6a914feb98a5b5fcd8b5380965261733897632cd521
[1088:22888:0130/145517.411:VERBOSE1:unpacker.cc(95)] Unpacking in: C:\Users\willr\AppData\Local\Temp\chrome_Unpacker_BeginUnzipping1088_1455448510
[1088:29304:0130/145517.561:VERBOSE1:component_installer.cc(146)] Install: version=619 current version=616
[1088:29304:0130/145517.561:VERBOSE1:component_installer.cc(165)] unpack_path=C:\Users\willr\AppData\Local\Temp\chrome_Unpacker_BeginUnzipping1088_1455448510 install_path=C:\Users\willr\Documents\GitHub\DDDS\Saved\webcache_6613\OptimizationHints\619
[1088:7216:0130/145517.576:VERBOSE1:component_installer.cc(572)] Component ready, version 619 in C:\Users\willr\Documents\GitHub\DDDS\Saved\webcache_6613\OptimizationHints\619
[29056:21068:0130/145517.594:VERBOSE1:network_delegate.cc(36)] NetworkDelegate::NotifyBeforeURLRequest: https://update.googleapis.com/service/update2/json
[29056:21068:0130/145517.595:VERBOSE1:tls_handshaker.cc(105)] TlsClient: Continuing handshake
[1088:7216:0130/145517.659:VERBOSE1:request_sender.cc(183)] Request completed from url: https://update.googleapis.com/service/update2/json
[29056:21068:0130/145517.728:VERBOSE1:tls_handshaker.cc(105)] TlsClient: Continuing handshake
[29056:21068:0130/145517.728:VERBOSE1:tls_handshaker.cc(105)] TlsClient: Continuing handshake
[29056:21068:0130/145517.729:VERBOSE1:tls_client_handshaker.cc(528)] Client: handshake finished
[1088:30576:0130/145517.739:VERBOSE1:background_downloader_win.cc(478)] Starting BITS download for: http://edgedl.me.gvt1.com/edgedl/diffgen-puffin/gcmjkmgdlgnkkcocmoeiminaijmmjnii/2f3afa8d081c5c88064eb6bf8af13cff3dbd90b818734939d657f305bde305be
[1088:29304:0130/145521.969:VERBOSE1:unpacker.cc(66)] Verifying component: C:\Users\willr\Documents\GitHub\DDDS\Saved\webcache_6613\component_crx_cache\temp_1.777adca19ccaca03f3922fa618833704d1a2cf1a06cd4ec1e257d4494afb2b95
[1088:29304:0130/145521.972:VERBOSE1:unpacker.cc(95)] Unpacking in: C:\Users\willr\AppData\Local\Temp\chrome_Unpacker_BeginUnzipping1088_362527677
[1088:29304:0130/145522.112:VERBOSE1:component_installer.cc(146)] Install: version=9.65.0 current version=9.64.0
[1088:29304:0130/145522.112:VERBOSE1:component_installer.cc(165)] unpack_path=C:\Users\willr\AppData\Local\Temp\chrome_Unpacker_BeginUnzipping1088_362527677 install_path=C:\Users\willr\Documents\GitHub\DDDS\Saved\webcache_6613\Subresource Filter\Unindexed Rules\9.65.0
[1088:7216:0130/145522.126:VERBOSE1:component_installer.cc(572)] Component ready, version 9.65.0 in C:\Users\willr\Documents\GitHub\DDDS\Saved\webcache_6613\Subresource Filter\Unindexed Rules\9.65.0
[29056:21068:0130/145522.143:VERBOSE1:network_delegate.cc(36)] NetworkDelegate::NotifyBeforeURLRequest: https://update.googleapis.com/service/update2/json
[1088:7216:0130/145522.210:VERBOSE1:request_sender.cc(183)] Request completed from url: https://update.googleapis.com/service/update2/json
[1088:30576:0130/145526.825:VERBOSE1:background_downloader_win.cc(478)] Starting BITS download for: http://edgedl.me.gvt1.com/edgedl/diffgen-puffin/hfnkpimlhhgieaddgfemjhofmfblmnib/4437f84f70ce2678933c29b7f8311b49334642c423c0d3afb5c970fc523b1904
[1088:31008:0130/145528.827:VERBOSE1:media_stream_manager.cc(1533)] MSPL::OnSpeedLimitChange({this=0000773C00156D40}, {new_limit=26})
[1088:22888:0130/145531.020:VERBOSE1:unpacker.cc(66)] Verifying component: C:\Users\willr\Documents\GitHub\DDDS\Saved\webcache_6613\component_crx_cache\temp_1.e48e59d92d7bb447f9bc5bf3149d0c3fb33e84399a87f93b0f978fefbfc2d283
[1088:22888:0130/145531.026:VERBOSE1:unpacker.cc(95)] Unpacking in: C:\Users\willr\AppData\Local\Temp\chrome_Unpacker_BeginUnzipping1088_1729778582
[1088:29304:0130/145531.146:VERBOSE1:component_installer.cc(146)] Install: version=10315 current version=10310
[1088:29304:0130/145531.147:VERBOSE1:component_installer.cc(165)] unpack_path=C:\Users\willr\AppData\Local\Temp\chrome_Unpacker_BeginUnzipping1088_1729778582 install_path=C:\Users\willr\Documents\GitHub\DDDS\Saved\webcache_6613\CertificateRevocation\10315
[1088:7216:0130/145531.161:VERBOSE1:component_installer.cc(572)] Component ready, version 10315 in C:\Users\willr\Documents\GitHub\DDDS\Saved\webcache_6613\CertificateRevocation\10315
[29056:21068:0130/145531.178:VERBOSE1:network_delegate.cc(36)] NetworkDelegate::NotifyBeforeURLRequest: https://update.googleapis.com/service/update2/json
[1088:7216:0130/145531.246:VERBOSE1:request_sender.cc(183)] Request completed from url: https://update.googleapis.com/service/update2/json
[1088:30576:0130/145531.308:VERBOSE1:background_downloader_win.cc(478)] Starting BITS download for: http://edgedl.me.gvt1.com/edgedl/diffgen-puffin/laoigpblnllgcgjnjnllmfolckpjlhki/112474fc2f4c568092618e8f1122a2afa2dcb17703c15b91e95aa44b5eddeac8
[1088:22888:0130/145535.499:VERBOSE1:unpacker.cc(66)] Verifying component: C:\Users\willr\Documents\GitHub\DDDS\Saved\webcache_6613\component_crx_cache\temp_1.7b05c14dba04ed522210b733f004cb0e74d7679a653b19bd029f9bc0e6b19903
[1088:22888:0130/145535.500:VERBOSE1:unpacker.cc(95)] Unpacking in: C:\Users\willr\AppData\Local\Temp\chrome_Unpacker_BeginUnzipping1088_2023317110
[1088:29304:0130/145535.629:VERBOSE1:component_installer.cc(146)] Install: version=1.1.0.3 current version=1.1.0.2
[1088:29304:0130/145535.629:VERBOSE1:component_installer.cc(165)] unpack_path=C:\Users\willr\AppData\Local\Temp\chrome_Unpacker_BeginUnzipping1088_2023317110 install_path=C:\Users\willr\Documents\GitHub\DDDS\Saved\webcache_6613\MEIPreload\1.1.0.3
[1088:7216:0130/145535.644:VERBOSE1:component_installer.cc(572)] Component ready, version 1.1.0.3 in C:\Users\willr\Documents\GitHub\DDDS\Saved\webcache_6613\MEIPreload\1.1.0.3
[29056:21068:0130/145535.661:VERBOSE1:network_delegate.cc(36)] NetworkDelegate::NotifyBeforeURLRequest: https://update.googleapis.com/service/update2/json
[29056:21068:0130/145535.662:VERBOSE1:tls_handshaker.cc(105)] TlsClient: Continuing handshake
[29056:21068:0130/145535.694:VERBOSE1:tls_handshaker.cc(105)] TlsClient: Continuing handshake
[29056:21068:0130/145535.694:VERBOSE1:tls_handshaker.cc(126)] TlsClient: SSL_do_handshake returned when entering early data. After retry, rv=-1, SSL_in_early_data=1
[29056:21068:0130/145535.826:VERBOSE1:tls_handshaker.cc(105)] TlsClient: Continuing handshake
[29056:21068:0130/145535.826:VERBOSE1:tls_handshaker.cc(105)] TlsClient: Continuing handshake
[29056:21068:0130/145535.826:VERBOSE1:tls_client_handshaker.cc(528)] Client: handshake finished
[1088:7216:0130/145535.894:VERBOSE1:request_sender.cc(183)] Request completed from url: https://update.googleapis.com/service/update2/json
[1088:30576:0130/145535.965:VERBOSE1:background_downloader_win.cc(478)] Starting BITS download for: http://edgedl.me.gvt1.com/edgedl/diffgen-puffin/ggkkehgbnfjpeggfpleeakpidbkibbmn/40cd857ee4e20bd88a8731628d29a4899e0a9d361982654a412b5dcc77d80bdb
[1088:31008:0130/145539.845:VERBOSE1:media_stream_manager.cc(1533)] MSPL::OnSpeedLimitChange({this=0000773C00156D40}, {new_limit=25})
[1088:22888:0130/145540.166:VERBOSE1:unpacker.cc(66)] Verifying component: C:\Users\willr\Documents\GitHub\DDDS\Saved\webcache_6613\component_crx_cache\temp_1.d43b7ec234601b8db83b39916231c1e9326506840555244d760b847cab49984f
[1088:22888:0130/145540.167:VERBOSE1:unpacker.cc(95)] Unpacking in: C:\Users\willr\AppData\Local\Temp\chrome_Unpacker_BeginUnzipping1088_1328847881
[1088:29304:0130/145540.296:VERBOSE1:component_installer.cc(146)] Install: version=2026.1.29.121 current version=2026.1.26.121
[1088:29304:0130/145540.296:VERBOSE1:component_installer.cc(165)] unpack_path=C:\Users\willr\AppData\Local\Temp\chrome_Unpacker_BeginUnzipping1088_1328847881 install_path=C:\Users\willr\Documents\GitHub\DDDS\Saved\webcache_6613\Crowd Deny\2026.1.29.121
[1088:7216:0130/145540.311:VERBOSE1:component_installer.cc(572)] Component ready, version 2026.1.29.121 in C:\Users\willr\Documents\GitHub\DDDS\Saved\webcache_6613\Crowd Deny\2026.1.29.121
[29056:21068:0130/145540.327:VERBOSE1:network_delegate.cc(36)] NetworkDelegate::NotifyBeforeURLRequest: https://update.googleapis.com/service/update2/json
[1088:7216:0130/145540.394:VERBOSE1:request_sender.cc(183)] Request completed from url: https://update.googleapis.com/service/update2/json
[1088:30576:0130/145544.903:VERBOSE1:background_downloader_win.cc(478)] Starting BITS download for: http://edgedl.me.gvt1.com/edgedl/diffgen-puffin/efniojlnjndmcbiieegkicadnoecjjef/478202ba54290cb61e93ae2ff592beb0f709066127c54e2fd23caa4e31124cb1
[1088:22888:0130/145549.100:VERBOSE1:unpacker.cc(66)] Verifying component: C:\Users\willr\Documents\GitHub\DDDS\Saved\webcache_6613\component_crx_cache\temp_1.222a57a0fcedeff2791842d8861d71e19d2df6548c66d312a60653215e558690
[1088:22888:0130/145549.104:VERBOSE1:unpacker.cc(95)] Unpacking in: C:\Users\willr\AppData\Local\Temp\chrome_Unpacker_BeginUnzipping1088_774888744
[1088:29304:0130/145549.230:VERBOSE1:component_installer.cc(146)] Install: version=1566 current version=1562
[1088:29304:0130/145549.230:VERBOSE1:component_installer.cc(165)] unpack_path=C:\Users\willr\AppData\Local\Temp\chrome_Unpacker_BeginUnzipping1088_774888744 install_path=C:\Users\willr\Documents\GitHub\DDDS\Saved\webcache_6613\PKIMetadata\1566
[1088:7216:0130/145549.246:VERBOSE1:component_installer.cc(572)] Component ready, version 1566 in C:\Users\willr\Documents\GitHub\DDDS\Saved\webcache_6613\PKIMetadata\1566
[29056:21068:0130/145549.263:VERBOSE1:network_delegate.cc(36)] NetworkDelegate::NotifyBeforeURLRequest: https://update.googleapis.com/service/update2/json
[29056:21068:0130/145549.264:VERBOSE1:tls_handshaker.cc(105)] TlsClient: Continuing handshake
[29056:21068:0130/145549.295:VERBOSE1:tls_handshaker.cc(105)] TlsClient: Continuing handshake
[29056:21068:0130/145549.295:VERBOSE1:tls_handshaker.cc(126)] TlsClient: SSL_do_handshake returned when entering early data. After retry, rv=-1, SSL_in_early_data=1
[29056:21068:0130/145549.390:VERBOSE1:tls_handshaker.cc(105)] TlsClient: Continuing handshake
[29056:21068:0130/145549.390:VERBOSE1:tls_handshaker.cc(105)] TlsClient: Continuing handshake
[29056:21068:0130/145549.390:VERBOSE1:tls_client_handshaker.cc(528)] Client: handshake finished
[1088:7216:0130/145549.462:VERBOSE1:request_sender.cc(183)] Request completed from url: https://update.googleapis.com/service/update2/json
[1088:7216:0130/145549.462:VERBOSE1:component_updater_service.cc(472)] Update completed with error 0
[29056:21068:0130/145557.697:VERBOSE1:tls_handshaker.cc(105)] TlsClient: Continuing handshake
[29056:21068:0130/145557.785:VERBOSE1:tls_handshaker.cc(105)] TlsClient: Continuing handshake
[29056:21068:0130/145557.793:VERBOSE1:tls_handshaker.cc(105)] TlsClient: Continuing handshake
[29056:21068:0130/145557.793:VERBOSE1:tls_handshaker.cc(105)] TlsClient: Continuing handshake
[29056:21068:0130/145557.794:VERBOSE1:tls_handshaker.cc(105)] TlsClient: Continuing handshake
[29056:21068:0130/145557.794:VERBOSE1:tls_handshaker.cc(105)] TlsClient: Continuing handshake
[29056:21068:0130/145557.813:VERBOSE1:tls_handshaker.cc(105)] TlsClient: Continuing handshake
[29056:21068:0130/145557.813:VERBOSE1:tls_client_handshaker.cc(528)] Client: handshake finished
[1088:31008:0130/145617.864:VERBOSE1:media_stream_manager.cc(1533)] MSPL::OnSpeedLimitChange({this=0000773C00156D40}, {new_limit=26})
[29056:21068:0130/145636.930:VERBOSE1:network_delegate.cc(36)] NetworkDelegate::NotifyBeforeURLRequest: https://optimizationguide-pa.googleapis.com/v1:GetModels?key=dummytoken
[29056:21068:0130/145636.931:VERBOSE1:tls_handshaker.cc(105)] TlsClient: Continuing handshake
[29056:21068:0130/145636.963:VERBOSE1:tls_handshaker.cc(105)] TlsClient: Continuing handshake
[29056:21068:0130/145636.964:VERBOSE1:tls_handshaker.cc(126)] TlsClient: SSL_do_handshake returned when entering early data. After retry, rv=-1, SSL_in_early_data=1
[29056:21068:0130/145637.062:VERBOSE1:tls_handshaker.cc(105)] TlsClient: Continuing handshake
[29056:21068:0130/145637.063:VERBOSE1:tls_handshaker.cc(105)] TlsClient: Continuing handshake
[29056:21068:0130/145637.063:VERBOSE1:tls_client_handshaker.cc(528)] Client: handshake finished
[1088:31008:0130/145638.880:VERBOSE1:media_stream_manager.cc(1533)] MSPL::OnSpeedLimitChange({this=0000773C00156D40}, {new_limit=25})
[1088:31008:0130/145641.880:VERBOSE1:media_stream_manager.cc(1533)] MSPL::OnSpeedLimitChange({this=0000773C00156D40}, {new_limit=26})
[1088:31008:0130/145659.897:VERBOSE1:media_stream_manager.cc(1533)] MSPL::OnSpeedLimitChange({this=0000773C00156D40}, {new_limit=25})
[29056:21068:0130/145729.467:VERBOSE1:network_delegate.cc(36)] NetworkDelegate::NotifyBeforeURLRequest: https://safebrowsing.googleapis.com/v4/threatListUpdates:fetch?$req=ChoKCGNocm9taXVtEg4xMjguMC42NjEzLjEzOBoMCAUQASIEIAEgAigBGgwIARABIgQgASACKAEaDAgDEAEiBCABIAIoARoMCAcQASIEIAEgAigBGgwIARAIIgQgASACKAQaDAgPEAEiBCABIAIoARoMCAkQASIEIAEgAigBIgIIAQ==&$ct=application/x-protobuf&key=dummytoken
[1088:31008:0130/145805.932:VERBOSE1:media_stream_manager.cc(1533)] MSPL::OnSpeedLimitChange({this=0000773C00156D40}, {new_limit=26})
[1088:31008:0130/145806.932:VERBOSE1:media_stream_manager.cc(1533)] MSPL::OnSpeedLimitChange({this=0000773C00156D40}, {new_limit=25})
[29056:21068:0130/145915.753:VERBOSE1:network_delegate.cc(36)] NetworkDelegate::NotifyBeforeURLRequest: https://optimizationguide-pa.googleapis.com/v1:GetModels?key=dummytoken
[29056:21068:0130/145915.785:VERBOSE1:tls_handshaker.cc(105)] TlsClient: Continuing handshake
[29056:21068:0130/145915.786:VERBOSE1:tls_handshaker.cc(126)] TlsClient: SSL_do_handshake returned when entering early data. After retry, rv=-1, SSL_in_early_data=1
[29056:21068:0130/145915.952:VERBOSE1:tls_handshaker.cc(105)] TlsClient: Continuing handshake
[29056:21068:0130/145915.952:VERBOSE1:tls_handshaker.cc(105)] TlsClient: Continuing handshake
[29056:21068:0130/145915.952:VERBOSE1:tls_client_handshaker.cc(625)] 0-RTT handshake attempted but was rejected by the server
[29056:21068:0130/145915.952:VERBOSE1:tls_handshaker.cc(105)] TlsClient: Continuing handshake
[29056:21068:0130/145915.952:VERBOSE1:tls_handshaker.cc(105)] TlsClient: Continuing handshake
[29056:21068:0130/145915.952:VERBOSE1:tls_handshaker.cc(105)] TlsClient: Continuing handshake
[29056:21068:0130/145915.952:VERBOSE1:tls_handshaker.cc(105)] TlsClient: Continuing handshake
[29056:21068:0130/145915.984:VERBOSE1:tls_handshaker.cc(105)] TlsClient: Continuing handshake
[29056:21068:0130/145915.984:VERBOSE1:tls_client_handshaker.cc(528)] Client: handshake finished
[1088:31008:0130/145916.971:VERBOSE1:media_stream_manager.cc(1533)] MSPL::OnSpeedLimitChange({this=0000773C00156D40}, {new_limit=24})
[1088:31008:0130/145920.985:VERBOSE1:media_stream_manager.cc(1533)] MSPL::OnSpeedLimitChange({this=0000773C00156D40}, {new_limit=23})
[1088:31008:0130/145926.985:VERBOSE1:media_stream_manager.cc(1533)] MSPL::OnSpeedLimitChange({this=0000773C00156D40}, {new_limit=24})
[1088:31008:0130/145927.985:VERBOSE1:media_stream_manager.cc(1533)] MSPL::OnSpeedLimitChange({this=0000773C00156D40}, {new_limit=25})
[1088:31008:0130/145947.002:VERBOSE1:media_stream_manager.cc(1533)] MSPL::OnSpeedLimitChange({this=0000773C00156D40}, {new_limit=24})
[1088:31008:0130/145955.999:VERBOSE1:media_stream_manager.cc(1533)] MSPL::OnSpeedLimitChange({this=0000773C00156D40}, {new_limit=25})
[1088:31008:0130/150007.016:VERBOSE1:media_stream_manager.cc(1533)] MSPL::OnSpeedLimitChange({this=0000773C00156D40}, {new_limit=24})
[1088:31008:0130/150017.015:VERBOSE1:media_stream_manager.cc(1533)] MSPL::OnSpeedLimitChange({this=0000773C00156D40}, {new_limit=25})
[1088:31008:0130/150018.017:VERBOSE1:media_stream_manager.cc(1533)] MSPL::OnSpeedLimitChange({this=0000773C00156D40}, {new_limit=24})
[1088:31008:0130/150021.017:VERBOSE1:media_stream_manager.cc(1533)] MSPL::OnSpeedLimitChange({this=0000773C00156D40}, {new_limit=25})
[1088:31008:0130/150134.069:VERBOSE1:media_stream_manager.cc(1533)] MSPL::OnSpeedLimitChange({this=0000773C00156D40}, {new_limit=26})
[1088:31008:0130/150139.069:VERBOSE1:media_stream_manager.cc(1533)] MSPL::OnSpeedLimitChange({this=0000773C00156D40}, {new_limit=25})
[29056:21068:0130/150148.470:VERBOSE1:network_delegate.cc(36)] NetworkDelegate::NotifyBeforeURLRequest: https://optimizationguide-pa.googleapis.com/v1:GetModels?key=dummytoken
[29056:21068:0130/150148.485:VERBOSE1:tls_handshaker.cc(105)] TlsClient: Continuing handshake
[29056:21068:0130/150148.486:VERBOSE1:tls_handshaker.cc(126)] TlsClient: SSL_do_handshake returned when entering early data. After retry, rv=-1, SSL_in_early_data=1
[29056:21068:0130/150148.594:VERBOSE1:tls_handshaker.cc(105)] TlsClient: Continuing handshake
[29056:21068:0130/150148.601:VERBOSE1:tls_handshaker.cc(105)] TlsClient: Continuing handshake
[29056:21068:0130/150148.601:VERBOSE1:tls_client_handshaker.cc(625)] 0-RTT handshake attempted but was rejected by the server
[29056:21068:0130/150148.601:VERBOSE1:tls_handshaker.cc(105)] TlsClient: Continuing handshake
[29056:21068:0130/150148.601:VERBOSE1:tls_handshaker.cc(105)] TlsClient: Continuing handshake
[29056:21068:0130/150148.601:VERBOSE1:tls_handshaker.cc(105)] TlsClient: Continuing handshake
[29056:21068:0130/150148.601:VERBOSE1:tls_handshaker.cc(105)] TlsClient: Continuing handshake
[29056:21068:0130/150148.601:VERBOSE1:tls_client_handshaker.cc(528)] Client: handshake finished
[1088:31008:0130/150211.103:VERBOSE1:media_stream_manager.cc(1533)] MSPL::OnSpeedLimitChange({this=0000773C00156D40}, {new_limit=24})
[1088:31008:0130/150216.104:VERBOSE1:media_stream_manager.cc(1533)] MSPL::OnSpeedLimitChange({this=0000773C00156D40}, {new_limit=25})
[1088:31008:0130/150234.121:VERBOSE1:media_stream_manager.cc(1533)] MSPL::OnSpeedLimitChange({this=0000773C00156D40}, {new_limit=26})
[1088:31008:0130/150242.121:VERBOSE1:media_stream_manager.cc(1533)] MSPL::OnSpeedLimitChange({this=0000773C00156D40}, {new_limit=25})
[1088:31008:0130/150413.191:VERBOSE1:media_stream_manager.cc(1533)] MSPL::OnSpeedLimitChange({this=0000773C00156D40}, {new_limit=26})
[1088:31008:0130/150421.191:VERBOSE1:media_stream_manager.cc(1533)] MSPL::OnSpeedLimitChange({this=0000773C00156D40}, {new_limit=25})
[1088:31008:0130/150432.208:VERBOSE1:media_stream_manager.cc(1533)] MSPL::OnSpeedLimitChange({this=0000773C00156D40}, {new_limit=26})
[1088:31008:0130/150436.208:VERBOSE1:media_stream_manager.cc(1533)] MSPL::OnSpeedLimitChange({this=0000773C00156D40}, {new_limit=25})
[29056:21068:0130/150439.076:VERBOSE1:network_delegate.cc(36)] NetworkDelegate::NotifyBeforeURLRequest: https://optimizationguide-pa.googleapis.com/v1:GetModels?key=dummytoken
[29056:21068:0130/150439.108:VERBOSE1:tls_handshaker.cc(105)] TlsClient: Continuing handshake
[29056:21068:0130/150439.109:VERBOSE1:tls_handshaker.cc(126)] TlsClient: SSL_do_handshake returned when entering early data. After retry, rv=-1, SSL_in_early_data=1
[29056:21068:0130/150439.215:VERBOSE1:tls_handshaker.cc(105)] TlsClient: Continuing handshake
[29056:21068:0130/150439.215:VERBOSE1:tls_handshaker.cc(105)] TlsClient: Continuing handshake
[29056:21068:0130/150439.215:VERBOSE1:tls_client_handshaker.cc(528)] Client: handshake finished
[1088:31008:0130/150440.209:VERBOSE1:media_stream_manager.cc(1533)] MSPL::OnSpeedLimitChange({this=0000773C00156D40}, {new_limit=24})
[1088:31008:0130/150446.211:VERBOSE1:media_stream_manager.cc(1533)] MSPL::OnSpeedLimitChange({this=0000773C00156D40}, {new_limit=25})
[1088:31008:0130/150452.210:VERBOSE1:media_stream_manager.cc(1533)] MSPL::OnSpeedLimitChange({this=0000773C00156D40}, {new_limit=26})
[1088:31008:0130/150501.227:VERBOSE1:media_stream_manager.cc(1533)] MSPL::OnSpeedLimitChange({this=0000773C00156D40}, {new_limit=25})
[1088:31008:0130/150507.228:VERBOSE1:media_stream_manager.cc(1533)] MSPL::OnSpeedLimitChange({this=0000773C00156D40}, {new_limit=24})
[1088:31008:0130/150527.245:VERBOSE1:media_stream_manager.cc(1533)] MSPL::OnSpeedLimitChange({this=0000773C00156D40}, {new_limit=23})
[1088:31008:0130/150528.245:VERBOSE1:media_stream_manager.cc(1533)] MSPL::OnSpeedLimitChange({this=0000773C00156D40}, {new_limit=24})
[1088:31008:0130/150546.246:VERBOSE1:media_stream_manager.cc(1533)] MSPL::OnSpeedLimitChange({this=0000773C00156D40}, {new_limit=25})
[1088:31008:0130/150618.263:VERBOSE1:media_stream_manager.cc(1533)] MSPL::OnSpeedLimitChange({this=0000773C00156D40}, {new_limit=26})
[1088:31008:0130/150619.263:VERBOSE1:media_stream_manager.cc(1533)] MSPL::OnSpeedLimitChange({this=0000773C00156D40}, {new_limit=25})
[1088:31008:0130/150632.280:VERBOSE1:media_stream_manager.cc(1533)] MSPL::OnSpeedLimitChange({this=0000773C00156D40}, {new_limit=26})
[1088:31008:0130/150639.280:VERBOSE1:media_stream_manager.cc(1533)] MSPL::OnSpeedLimitChange({this=0000773C00156D40}, {new_limit=25})
[1088:31008:0130/150721.315:VERBOSE1:media_stream_manager.cc(1533)] MSPL::OnSpeedLimitChange({this=0000773C00156D40}, {new_limit=26})
[29056:21068:0130/150723.050:VERBOSE1:network_delegate.cc(36)] NetworkDelegate::NotifyBeforeURLRequest: https://optimizationguide-pa.googleapis.com/v1:GetModels?key=dummytoken
[29056:21068:0130/150723.072:VERBOSE1:tls_handshaker.cc(105)] TlsClient: Continuing handshake
[29056:21068:0130/150723.072:VERBOSE1:tls_handshaker.cc(126)] TlsClient: SSL_do_handshake returned when entering early data. After retry, rv=-1, SSL_in_early_data=1
[29056:21068:0130/150723.185:VERBOSE1:tls_handshaker.cc(105)] TlsClient: Continuing handshake
[29056:21068:0130/150723.185:VERBOSE1:tls_handshaker.cc(105)] TlsClient: Continuing handshake
[29056:21068:0130/150723.185:VERBOSE1:tls_client_handshaker.cc(528)] Client: handshake finished
[1088:31008:0130/150724.316:VERBOSE1:media_stream_manager.cc(1533)] MSPL::OnSpeedLimitChange({this=0000773C00156D40}, {new_limit=25})
[1088:31008:0130/150737.333:VERBOSE1:media_stream_manager.cc(1533)] MSPL::OnSpeedLimitChange({this=0000773C00156D40}, {new_limit=26})
[1088:31008:0130/150803.350:VERBOSE1:media_stream_manager.cc(1533)] MSPL::OnSpeedLimitChange({this=0000773C00156D40}, {new_limit=25})
[1088:31008:0130/150833.368:VERBOSE1:media_stream_manager.cc(1533)] MSPL::OnSpeedLimitChange({this=0000773C00156D40}, {new_limit=26})
[1088:31008:0130/150836.367:VERBOSE1:media_stream_manager.cc(1533)] MSPL::OnSpeedLimitChange({this=0000773C00156D40}, {new_limit=25})
[1088:31008:0130/150837.368:VERBOSE1:media_stream_manager.cc(1533)] MSPL::OnSpeedLimitChange({this=0000773C00156D40}, {new_limit=26})
[1088:31008:0130/150839.368:VERBOSE1:media_stream_manager.cc(1533)] MSPL::OnSpeedLimitChange({this=0000773C00156D40}, {new_limit=25})
[1088:31008:0130/150849.368:VERBOSE1:media_stream_manager.cc(1533)] MSPL::OnSpeedLimitChange({this=0000773C00156D40}, {new_limit=26})
[1088:31008:0130/150854.371:VERBOSE1:media_stream_manager.cc(1533)] MSPL::OnSpeedLimitChange({this=0000773C00156D40}, {new_limit=25})
[1088:31008:0130/150913.386:VERBOSE1:media_stream_manager.cc(1533)] MSPL::OnSpeedLimitChange({this=0000773C00156D40}, {new_limit=26})
[1088:31008:0130/150919.403:VERBOSE1:media_stream_manager.cc(1533)] MSPL::OnSpeedLimitChange({this=0000773C00156D40}, {new_limit=25})
[29056:21068:0130/150957.003:VERBOSE1:network_delegate.cc(36)] NetworkDelegate::NotifyBeforeURLRequest: https://optimizationguide-pa.googleapis.com/v1:GetModels?key=dummytoken
[29056:21068:0130/150957.027:VERBOSE1:tls_handshaker.cc(105)] TlsClient: Continuing handshake
[29056:21068:0130/150957.028:VERBOSE1:tls_handshaker.cc(126)] TlsClient: SSL_do_handshake returned when entering early data. After retry, rv=-1, SSL_in_early_data=1
[29056:21068:0130/150957.146:VERBOSE1:tls_handshaker.cc(105)] TlsClient: Continuing handshake
[29056:21068:0130/150957.146:VERBOSE1:tls_handshaker.cc(105)] TlsClient: Continuing handshake
[29056:21068:0130/150957.146:VERBOSE1:tls_client_handshaker.cc(528)] Client: handshake finished
[1088:31008:0130/151013.421:VERBOSE1:media_stream_manager.cc(1533)] MSPL::OnSpeedLimitChange({this=0000773C00156D40}, {new_limit=26})
[1088:31008:0130/151019.439:VERBOSE1:media_stream_manager.cc(1533)] MSPL::OnSpeedLimitChange({this=0000773C00156D40}, {new_limit=25})
[1088:31008:0130/151045.456:VERBOSE1:media_stream_manager.cc(1533)] MSPL::OnSpeedLimitChange({this=0000773C00156D40}, {new_limit=26})
[1088:31008:0130/151047.455:VERBOSE1:media_stream_manager.cc(1533)] MSPL::OnSpeedLimitChange({this=0000773C00156D40}, {new_limit=25})
[1088:31008:0130/151111.472:VERBOSE1:media_stream_manager.cc(1533)] MSPL::OnSpeedLimitChange({this=0000773C00156D40}, {new_limit=26})
[1088:31008:0130/151116.473:VERBOSE1:media_stream_manager.cc(1533)] MSPL::OnSpeedLimitChange({this=0000773C00156D40}, {new_limit=25})
[1088:31008:0130/151134.491:VERBOSE1:media_stream_manager.cc(1533)] MSPL::OnSpeedLimitChange({this=0000773C00156D40}, {new_limit=26})
[1088:31008:0130/151136.491:VERBOSE1:media_stream_manager.cc(1533)] MSPL::OnSpeedLimitChange({this=0000773C00156D40}, {new_limit=25})
[1088:31008:0130/151234.526:VERBOSE1:media_stream_manager.cc(1533)] MSPL::OnSpeedLimitChange({this=0000773C00156D40}, {new_limit=26})
[1088:31008:0130/151250.544:VERBOSE1:media_stream_manager.cc(1533)] MSPL::OnSpeedLimitChange({this=0000773C00156D40}, {new_limit=25})
[29056:21068:0130/151253.329:VERBOSE1:network_delegate.cc(36)] NetworkDelegate::NotifyBeforeURLRequest: https://optimizationguide-pa.googleapis.com/v1:GetModels?key=dummytoken
[29056:21068:0130/151253.351:VERBOSE1:tls_handshaker.cc(105)] TlsClient: Continuing handshake
[29056:21068:0130/151253.352:VERBOSE1:tls_handshaker.cc(126)] TlsClient: SSL_do_handshake returned when entering early data. After retry, rv=-1, SSL_in_early_data=1
[29056:21068:0130/151253.468:VERBOSE1:tls_handshaker.cc(105)] TlsClient: Continuing handshake
[29056:21068:0130/151253.468:VERBOSE1:tls_handshaker.cc(105)] TlsClient: Continuing handshake
[29056:21068:0130/151253.468:VERBOSE1:tls_client_handshaker.cc(528)] Client: handshake finished
[1088:31008:0130/151300.544:VERBOSE1:media_stream_manager.cc(1533)] MSPL::OnSpeedLimitChange({this=0000773C00156D40}, {new_limit=26})
[1088:31008:0130/151302.545:VERBOSE1:media_stream_manager.cc(1533)] MSPL::OnSpeedLimitChange({this=0000773C00156D40}, {new_limit=25})
[1088:31008:0130/151313.560:VERBOSE1:media_stream_manager.cc(1533)] MSPL::OnSpeedLimitChange({this=0000773C00156D40}, {new_limit=26})
[1088:31008:0130/151314.561:VERBOSE1:media_stream_manager.cc(1533)] MSPL::OnSpeedLimitChange({this=0000773C00156D40}, {new_limit=25})
[1088:31008:0130/151345.578:VERBOSE1:media_stream_manager.cc(1533)] MSPL::OnSpeedLimitChange({this=0000773C00156D40}, {new_limit=26})
[1088:31008:0130/151410.595:VERBOSE1:media_stream_manager.cc(1533)] MSPL::OnSpeedLimitChange({this=0000773C00156D40}, {new_limit=25})
[1088:31008:0130/151425.596:VERBOSE1:media_stream_manager.cc(1533)] MSPL::OnSpeedLimitChange({this=0000773C00156D40}, {new_limit=26})
[1088:31008:0130/151426.596:VERBOSE1:media_stream_manager.cc(1533)] MSPL::OnSpeedLimitChange({this=0000773C00156D40}, {new_limit=25})
[1088:31008:0130/151448.613:VERBOSE1:media_stream_manager.cc(1533)] MSPL::OnSpeedLimitChange({this=0000773C00156D40}, {new_limit=26})
[1088:31008:0130/151502.618:VERBOSE1:media_stream_manager.cc(1533)] MSPL::OnSpeedLimitChange({this=0000773C00156D40}, {new_limit=25})
[29056:21068:0130/151549.214:VERBOSE1:network_delegate.cc(36)] NetworkDelegate::NotifyBeforeURLRequest: https://optimizationguide-pa.googleapis.com/v1:GetModels?key=dummytoken
[29056:21068:0130/151549.245:VERBOSE1:tls_handshaker.cc(105)] TlsClient: Continuing handshake
[29056:21068:0130/151549.245:VERBOSE1:tls_handshaker.cc(126)] TlsClient: SSL_do_handshake returned when entering early data. After retry, rv=-1, SSL_in_early_data=1
[29056:21068:0130/151549.391:VERBOSE1:tls_handshaker.cc(105)] TlsClient: Continuing handshake
[29056:21068:0130/151549.391:VERBOSE1:tls_handshaker.cc(105)] TlsClient: Continuing handshake
[29056:21068:0130/151549.391:VERBOSE1:tls_client_handshaker.cc(528)] Client: handshake finished
[1088:31008:0130/151621.682:VERBOSE1:media_stream_manager.cc(1533)] MSPL::OnSpeedLimitChange({this=0000773C00156D40}, {new_limit=26})
[1088:31008:0130/151624.682:VERBOSE1:media_stream_manager.cc(1533)] MSPL::OnSpeedLimitChange({this=0000773C00156D40}, {new_limit=25})
[1088:31008:0130/151645.682:VERBOSE1:media_stream_manager.cc(1533)] MSPL::OnSpeedLimitChange({this=0000773C00156D40}, {new_limit=26})
[1088:31008:0130/151647.683:VERBOSE1:media_stream_manager.cc(1533)] MSPL::OnSpeedLimitChange({this=0000773C00156D40}, {new_limit=25})
[1088:31008:0130/151734.717:VERBOSE1:media_stream_manager.cc(1533)] MSPL::OnSpeedLimitChange({this=0000773C00156D40}, {new_limit=26})
[1088:31008:0130/151735.717:VERBOSE1:media_stream_manager.cc(1533)] MSPL::OnSpeedLimitChange({this=0000773C00156D40}, {new_limit=25})
[1088:31008:0130/151736.718:VERBOSE1:media_stream_manager.cc(1533)] MSPL::OnSpeedLimitChange({this=0000773C00156D40}, {new_limit=26})
[1088:31008:0130/151739.735:VERBOSE1:media_stream_manager.cc(1533)] MSPL::OnSpeedLimitChange({this=0000773C00156D40}, {new_limit=25})
[1088:31008:0130/151830.753:VERBOSE1:media_stream_manager.cc(1533)] MSPL::OnSpeedLimitChange({this=0000773C00156D40}, {new_limit=26})
[29056:21068:0130/151838.487:VERBOSE1:network_delegate.cc(36)] NetworkDelegate::NotifyBeforeURLRequest: https://optimizationguide-pa.googleapis.com/v1:GetModels?key=dummytoken
[29056:21068:0130/151838.511:VERBOSE1:tls_handshaker.cc(105)] TlsClient: Continuing handshake
[29056:21068:0130/151838.511:VERBOSE1:tls_handshaker.cc(126)] TlsClient: SSL_do_handshake returned when entering early data. After retry, rv=-1, SSL_in_early_data=1
[29056:21068:0130/151838.663:VERBOSE1:tls_handshaker.cc(105)] TlsClient: Continuing handshake
[29056:21068:0130/151838.663:VERBOSE1:tls_handshaker.cc(105)] TlsClient: Continuing handshake
[29056:21068:0130/151838.663:VERBOSE1:tls_client_handshaker.cc(528)] Client: handshake finished
[1088:31008:0130/151838.770:VERBOSE1:media_stream_manager.cc(1533)] MSPL::OnSpeedLimitChange({this=0000773C00156D40}, {new_limit=25})
[1088:31008:0130/151856.787:VERBOSE1:media_stream_manager.cc(1533)] MSPL::OnSpeedLimitChange({this=0000773C00156D40}, {new_limit=26})
[1088:31008:0130/151902.787:VERBOSE1:media_stream_manager.cc(1533)] MSPL::OnSpeedLimitChange({this=0000773C00156D40}, {new_limit=25})
[1088:31008:0130/151913.788:VERBOSE1:media_stream_manager.cc(1533)] MSPL::OnSpeedLimitChange({this=0000773C00156D40}, {new_limit=26})
[1088:31008:0130/151916.789:VERBOSE1:media_stream_manager.cc(1533)] MSPL::OnSpeedLimitChange({this=0000773C00156D40}, {new_limit=25})
[1088:31008:0130/151926.805:VERBOSE1:media_stream_manager.cc(1533)] MSPL::OnSpeedLimitChange({this=0000773C00156D40}, {new_limit=26})
[1088:31008:0130/151934.805:VERBOSE1:media_stream_manager.cc(1533)] MSPL::OnSpeedLimitChange({this=0000773C00156D40}, {new_limit=25})
[1088:31008:0130/151944.806:VERBOSE1:media_stream_manager.cc(1533)] MSPL::OnSpeedLimitChange({this=0000773C00156D40}, {new_limit=26})
[1088:31008:0130/152009.823:VERBOSE1:media_stream_manager.cc(1533)] MSPL::OnSpeedLimitChange({this=0000773C00156D40}, {new_limit=25})
[1088:31008:0130/152021.841:VERBOSE1:media_stream_manager.cc(1533)] MSPL::OnSpeedLimitChange({this=0000773C00156D40}, {new_limit=26})
[1088:31008:0130/152024.841:VERBOSE1:media_stream_manager.cc(1533)] MSPL::OnSpeedLimitChange({this=0000773C00156D40}, {new_limit=25})
[1088:31008:0130/152028.841:VERBOSE1:media_stream_manager.cc(1533)] MSPL::OnSpeedLimitChange({this=0000773C00156D40}, {new_limit=26})
[1088:31008:0130/152029.842:VERBOSE1:media_stream_manager.cc(1533)] MSPL::OnSpeedLimitChange({this=0000773C00156D40}, {new_limit=25})
[1088:31008:0130/152034.841:VERBOSE1:media_stream_manager.cc(1533)] MSPL::OnSpeedLimitChange({this=0000773C00156D40}, {new_limit=26})
[1088:31008:0130/152038.842:VERBOSE1:media_stream_manager.cc(1533)] MSPL::OnSpeedLimitChange({this=0000773C00156D40}, {new_limit=25})
[1088:31008:0130/152039.842:VERBOSE1:media_stream_manager.cc(1533)] MSPL::OnSpeedLimitChange({this=0000773C00156D40}, {new_limit=26})
[1088:31008:0130/152102.858:VERBOSE1:media_stream_manager.cc(1533)] MSPL::OnSpeedLimitChange({this=0000773C00156D40}, {new_limit=25})
[1088:31008:0130/152112.875:VERBOSE1:media_stream_manager.cc(1533)] MSPL::OnSpeedLimitChange({this=0000773C00156D40}, {new_limit=26})
[1088:31008:0130/152114.875:VERBOSE1:media_stream_manager.cc(1533)] MSPL::OnSpeedLimitChange({this=0000773C00156D40}, {new_limit=25})
[29056:21068:0130/152119.075:VERBOSE1:network_delegate.cc(36)] NetworkDelegate::NotifyBeforeURLRequest: https://optimizationguide-pa.googleapis.com/v1:GetModels?key=dummytoken
[29056:21068:0130/152119.111:VERBOSE1:tls_handshaker.cc(105)] TlsClient: Continuing handshake
[29056:21068:0130/152119.112:VERBOSE1:tls_handshaker.cc(126)] TlsClient: SSL_do_handshake returned when entering early data. After retry, rv=-1, SSL_in_early_data=1
[29056:21068:0130/152119.252:VERBOSE1:tls_handshaker.cc(105)] TlsClient: Continuing handshake
[29056:21068:0130/152119.252:VERBOSE1:tls_handshaker.cc(105)] TlsClient: Continuing handshake
[29056:21068:0130/152119.252:VERBOSE1:tls_client_handshaker.cc(528)] Client: handshake finished
[1088:31008:0130/152129.876:VERBOSE1:media_stream_manager.cc(1533)] MSPL::OnSpeedLimitChange({this=0000773C00156D40}, {new_limit=26})
[1088:31008:0130/152138.892:VERBOSE1:media_stream_manager.cc(1533)] MSPL::OnSpeedLimitChange({this=0000773C00156D40}, {new_limit=25})
[1088:31008:0130/152229.910:VERBOSE1:media_stream_manager.cc(1533)] MSPL::OnSpeedLimitChange({this=0000773C00156D40}, {new_limit=26})
[1088:31008:0130/152230.911:VERBOSE1:media_stream_manager.cc(1533)] MSPL::OnSpeedLimitChange({this=0000773C00156D40}, {new_limit=25})
[29056:21068:0130/152405.214:VERBOSE1:network_delegate.cc(36)] NetworkDelegate::NotifyBeforeURLRequest: https://optimizationguide-pa.googleapis.com/v1:GetModels?key=dummytoken
[29056:21068:0130/152405.243:VERBOSE1:tls_handshaker.cc(105)] TlsClient: Continuing handshake
[29056:21068:0130/152405.244:VERBOSE1:tls_handshaker.cc(126)] TlsClient: SSL_do_handshake returned when entering early data. After retry, rv=-1, SSL_in_early_data=1
[29056:21068:0130/152405.425:VERBOSE1:tls_handshaker.cc(105)] TlsClient: Continuing handshake
[29056:21068:0130/152405.425:VERBOSE1:tls_handshaker.cc(105)] TlsClient: Continuing handshake
[29056:21068:0130/152405.425:VERBOSE1:tls_client_handshaker.cc(528)] Client: handshake finished
[29056:21068:0130/152416.371:VERBOSE1:network_delegate.cc(36)] NetworkDelegate::NotifyBeforeURLRequest: https://safebrowsing.googleapis.com/v4/threatListUpdates:fetch?$req=ChoKCGNocm9taXVtEg4xMjguMC42NjEzLjEzOBoMCAUQASIEIAEgAigBGgwIARABIgQgASACKAEaDAgDEAEiBCABIAIoARoMCAcQASIEIAEgAigBGgwIARAIIgQgASACKAQaDAgPEAEiBCABIAIoARoMCAkQASIEIAEgAigBIgIIAQ==&$ct=application/x-protobuf&key=dummytoken
[29056:21068:0130/152416.406:VERBOSE1:tls_handshaker.cc(105)] TlsClient: Continuing handshake
[29056:21068:0130/152416.521:VERBOSE1:tls_handshaker.cc(105)] TlsClient: Continuing handshake
[29056:21068:0130/152416.526:VERBOSE1:tls_handshaker.cc(105)] TlsClient: Continuing handshake
[29056:21068:0130/152416.526:VERBOSE1:tls_handshaker.cc(105)] TlsClient: Continuing handshake
[29056:21068:0130/152416.526:VERBOSE1:tls_handshaker.cc(105)] TlsClient: Continuing handshake
[29056:21068:0130/152416.526:VERBOSE1:tls_handshaker.cc(105)] TlsClient: Continuing handshake
[29056:21068:0130/152416.526:VERBOSE1:tls_client_handshaker.cc(528)] Client: handshake finished
[1088:31008:0130/152420.987:VERBOSE1:media_stream_manager.cc(1533)] MSPL::OnSpeedLimitChange({this=0000773C00156D40}, {new_limit=26})
[1088:31008:0130/152422.981:VERBOSE1:media_stream_manager.cc(1533)] MSPL::OnSpeedLimitChange({this=0000773C00156D40}, {new_limit=25})
[1088:31008:0130/152503.009:VERBOSE1:media_stream_manager.cc(1533)] MSPL::OnSpeedLimitChange({this=0000773C00156D40}, {new_limit=24})
[1088:31008:0130/152506.166:VERBOSE1:media_stream_manager.cc(1533)] MSPL::OnSpeedLimitChange({this=0000773C00156D40}, {new_limit=25})
[1088:7216:0130/152508.743:VERBOSE1:frame_host_impl.cc(515)] frame 6-459CDA1BC83B3E494A65B5D909A4FC0E (sub) detached (reason=RENDER_FRAME_DELETED, is_connected=1)
[24980:3160:0130/152508.743:VERBOSE1:dispatcher.cc(596)] Num tracked contexts: 1
[24980:3160:0130/152508.743:VERBOSE1:frame_impl.cc(620)] frame 6-459CDA1BC83B3E494A65B5D909A4FC0E disconnected (reason=DETACHED, current_state=CONNECTION_ACKED, FRAME_INVALID)
[24980:3160:0130/152508.745:VERBOSE1:script_context.cc(164)] Destroyed context for extension
  extension id: 
  effective extension id: 
[24980:3160:0130/152508.745:VERBOSE1:script_context.cc(164)] Destroyed context for extension
  extension id: 
  effective extension id: 
[24980:3160:0130/152508.746:VERBOSE1:frame_impl.cc(620)] frame 6-5F8ADF1A12FB1C90D8A1055D9CBCC7CC disconnected (reason=BROWSER_FRAME_DISCONNECT, current_state=CONNECTION_ACKED)
[24980:3160:0130/152508.746:VERBOSE1:frame_impl.cc(633)] frame 6-5F8ADF1A12FB1C90D8A1055D9CBCC7CC connection retry scheduled
[1088:7216:0130/152508.750:VERBOSE1:frame_host_impl.cc(515)] frame 6-5F8ADF1A12FB1C90D8A1055D9CBCC7CC (main) detached (reason=NEW_MAIN_FRAME, is_connected=1)
[1088:7216:0130/152508.773:VERBOSE1:account_reconcilor.cc(264)] AccountReconcilor::Shutdown
[1088:7216:0130/152508.773:VERBOSE1:account_reconcilor.cc(718)] AccountReconcilor::AbortReconcile: try again later
[1088:7216:0130/152508.773:VERBOSE1:account_reconcilor.cc(827)] AccountReconcilor::CalculateIfMultiloginReconcileIsDone: Error was 
[1088:7216:0130/152508.773:VERBOSE1:account_reconcilor.cc(313)] AccountReconcilor::UnregisterWithIdentityManager
[1088:7216:0130/152508.773:VERBOSE1:account_reconcilor.cc(286)] AccountReconcilor::UnregisterWithContentSettings
[1088:7216:0130/152508.774:VERBOSE1:gaia_cookie_manager_service.cc(628)] GaiaCookieManagerService::CancelAll
[1088:7216:0130/152508.774:VERBOSE1:mutable_profile_oauth2_token_service_delegate.cc(752)] MutablePO2TS::Shutdown
[1088:7216:0130/152508.774:VERBOSE1:mutable_profile_oauth2_token_service_delegate.cc(235)] MutablePO2TS::~MutablePO2TS
[1088:7216:0130/152508.775:VERBOSE1:device_event_log_impl.cc(198)] [15:25:08.775] Bluetooth: EVENT: bluetooth_api.cc:109 BluetoothAPI: Shutdown
[1088:7216:0130/152508.783:VERBOSE1:account_reconcilor.cc(193)] AccountReconcilor::~AccountReconcilor
[1088:7216:0130/152508.785:VERBOSE1:device_event_log_impl.cc(198)] [15:25:08.785] Bluetooth: EVENT: bluetooth_api.cc:95 ~BluetoothAPI: 0000773C0034DA00
[1088:7216:0130/152509.176:VERBOSE1:component_updater_service.cc(180)] CrxUpdateService stopping
[1088:7216:0130/152509.177:WARNING:pref_notifier_impl.cc(41)] Pref observer for media_router.cast_allow_all_ips found at shutdown.
[1088:7216:0130/152509.201:VERBOSE1:statistics_recorder.cc(607)] Collections of all histograms
Histogram: API.StorageAccess.AllowedRequests2 recorded 117 samples, mean = 0.1 (flags = 0x41)
0  ------------------------------------------------------------------------O (107 = 91.5%)
1  -------O                                                                  (10 = 8.5%) {91.5%}
2  ... 

Histogram: API.StorageAccess.DocumentInheritedStorageAccess recorded 7 samples, mean = 0.0 (flags = 0x41)
0  -------O                                                                  (7 = 100.0%)
1  ... 

Histogram: API.StorageAccess.DocumentLoadedWithStorageAccess recorded 7 samples, mean = 0.0 (flags = 0x41)
0  -------O                                                                  (7 = 100.0%)
1  ... 

Histogram: Accessibility.CaptionSettingsLoadedFromSystemSettings recorded 1 samples, mean = 0.0 (flags = 0x41)
0  -O                                                                        (1 = 100.0%)
1  ... 

Histogram: Accessibility.ImageLabels2 recorded 1 samples, mean = 0.0 (flags = 0x41)
0  -O                                                                        (1 = 100.0%)
1  ... 

Histogram: Accessibility.LiveCaption.FeatureEnabled2 recorded 1 samples, mean = 1.0 (flags = 0x41)
0  O                                                                         (0 = 0.0%)
1  -O                                                                        (1 = 100.0%) {0.0%}
2  O                                                                         (0 = 0.0%) {100.0%}

Histogram: Accessibility.LiveCaption2 recorded 1 samples, mean = 0.0 (flags = 0x41)
0  -O                                                                        (1 = 100.0%)
1  ... 

Histogram: Accessibility.ManuallyEnabled recorded 1 samples, mean = 0.0 (flags = 0x41)
0  -O                                                                        (1 = 100.0%)
1  ... 

Histogram: Accessibility.WinJAWS recorded 1 samples, mean = 0.0 (flags = 0x41)
0  -O                                                                        (1 = 100.0%)
1  ... 

Histogram: Accessibility.WinNVDA recorded 1 samples, mean = 0.0 (flags = 0x41)
0  -O                                                                        (1 = 100.0%)
1  ... 

Histogram: Accessibility.WinSAToGo recorded 1 samples, mean = 0.0 (flags = 0x41)
0  -O                                                                        (1 = 100.0%)
1  ... 

Histogram: Accessibility.WinScreenReader2 recorded 1 samples, mean = 0.0 (flags = 0x41)
0  -O                                                                        (1 = 100.0%)
1  ... 

Histogram: Accessibility.WinStickyKeys recorded 1 samples, mean = 0.0 (flags = 0x41)
0  -O                                                                        (1 = 100.0%)
1  ... 

Histogram: Accessibility.WinSupernova recorded 1 samples, mean = 0.0 (flags = 0x41)
0  -O                                                                        (1 = 100.0%)
1  ... 

Histogram: Accessibility.WinZoomText recorded 1 samples, mean = 0.0 (flags = 0x41)
0  -O                                                                        (1 = 100.0%)
1  ... 

Histogram: AppBanners.InstallableStatusCode recorded 1 samples (flags = 0x41)
8  -O                                                                        (1 = 100.0%)

Histogram: Apps.PreferredApps.EntryCount recorded 1 samples, mean = 0.0 (flags = 0x41)
0  -O                                                                        (1 = 100.0%)
1  ... 

Histogram: Autofill.Address.IsEnabled.PageLoad recorded 1 samples, mean = 1.0 (flags = 0x41)
0  O                                                                         (0 = 0.0%)
1  -O                                                                        (1 = 100.0%) {0.0%}
2  O                                                                         (0 = 0.0%) {100.0%}

Histogram: Autofill.Address.IsEnabled.PageLoad.SignedOut recorded 1 samples, mean = 1.0 (flags = 0x41)
0  O                                                                         (0 = 0.0%)
1  -O                                                                        (1 = 100.0%) {0.0%}
2  O                                                                         (0 = 0.0%) {100.0%}

Histogram: Autofill.Address.IsEnabled.Startup recorded 1 samples, mean = 1.0 (flags = 0x41)
0  O                                                                         (0 = 0.0%)
1  -O                                                                        (1 = 100.0%) {0.0%}
2  O                                                                         (0 = 0.0%) {100.0%}

Histogram: Autofill.CreditCard.IsEnabled.PageLoad recorded 1 samples, mean = 1.0 (flags = 0x41)
0  O                                                                         (0 = 0.0%)
1  -O                                                                        (1 = 100.0%) {0.0%}
2  O                                                                         (0 = 0.0%) {100.0%}

Histogram: Autofill.CreditCard.IsEnabled.PageLoad.SignedOut recorded 1 samples, mean = 1.0 (flags = 0x41)
0  O                                                                         (0 = 0.0%)
1  -O                                                                        (1 = 100.0%) {0.0%}
2  O                                                                         (0 = 0.0%) {100.0%}

Histogram: Autofill.CreditCard.IsEnabled.Startup recorded 1 samples, mean = 1.0 (flags = 0x41)
0  O                                                                         (0 = 0.0%)
1  -O                                                                        (1 = 100.0%) {0.0%}
2  O                                                                         (0 = 0.0%) {100.0%}

Histogram: Autofill.DOMContentLoadedInOutermostMainFrame recorded 3 samples, mean = 0.3 (flags = 0x41)
0  --O                                                                       (2 = 66.7%)
1  -O                                                                        (1 = 33.3%) {66.7%}
2  O                                                                         (0 = 0.0%) {100.0%}

Histogram: Autofill.ExtractFormUnowned.FieldCount recorded 4 samples, mean = 0.0 (flags = 0x41)
0  ----O                                                                     (4 = 100.0%)
1  ... 

Histogram: Autofill.FormForest.GetBrowserFormOfRendererForm.Duration recorded 1 samples, mean = 0.0 (flags = 0x41)
0  -O                                                                        (1 = 100.0%)
1  ... 

Histogram: Autofill.FormForest.UpdateTreeOfRendererForm.Duration recorded 1 samples, mean = 28.0 (flags = 0x41)
0   ... 
28  -O                                                                        (1 = 100.0%) {0.0%}
37  ... 

Histogram: Autofill.FormForest.UpdateTreeOfRendererForm.Visits recorded 1 samples, mean = 2.0 (flags = 0x41)
0  ... 
2  -O                                                                        (1 = 100.0%) {0.0%}
3  ... 

Histogram: Autofill.Funnel.ParsedAsType.Address recorded 6 samples, mean = 0.0 (flags = 0x41)
0  ------O                                                                   (6 = 100.0%)
1  ... 

Histogram: Autofill.Funnel.ParsedAsType.CreditCard recorded 6 samples, mean = 0.0 (flags = 0x41)
0  ------O                                                                   (6 = 100.0%)
1  ... 

Histogram: Autofill.Funnel.ParsedAsType.VirtualCard.StandaloneCvc recorded 6 samples, mean = 0.0 (flags = 0x41)
0  ------O                                                                   (6 = 100.0%)
1  ... 

Histogram: Autofill.IsEnabled.PageLoad recorded 1 samples, mean = 1.0 (flags = 0x41)
0  O                                                                         (0 = 0.0%)
1  -O                                                                        (1 = 100.0%) {0.0%}
2  O                                                                         (0 = 0.0%) {100.0%}

Histogram: Autofill.IsEnabled.PageLoad.SignedOut recorded 1 samples, mean = 1.0 (flags = 0x41)
0  O                                                                         (0 = 0.0%)
1  -O                                                                        (1 = 100.0%) {0.0%}
2  O                                                                         (0 = 0.0%) {100.0%}

Histogram: Autofill.IsEnabled.Startup recorded 1 samples, mean = 1.0 (flags = 0x41)
0  O                                                                         (0 = 0.0%)
1  -O                                                                        (1 = 100.0%) {0.0%}
2  O                                                                         (0 = 0.0%) {100.0%}

Histogram: Autofill.Leipzig.Duplication.NumberOfLocalSupersetProfilesOnStartup recorded 1 samples, mean = 0.0 (flags = 0x41)
0  -O                                                                        (1 = 100.0%)
1  ... 

Histogram: Autofill.NumberOfDriversPerFactory recorded 1 samples, mean = 3.0 (flags = 0x41)
0  ... 
3  -O                                                                        (1 = 100.0%) {0.0%}
4  ... 

Histogram: Autofill.Offer.StoredOfferCount2.CardLinkedOffer recorded 1 samples, mean = 0.0 (flags = 0x41)
0  -O                                                                        (1 = 100.0%)
1  ... 

Histogram: Autofill.Offer.StoredOfferCount2.GPayPromoCodeOffer recorded 1 samples, mean = 0.0 (flags = 0x41)
0  -O                                                                        (1 = 100.0%)
1  ... 

Histogram: Autofill.PaymentMethods.CvcStorageIsEnabled.Startup recorded 1 samples, mean = 0.0 (flags = 0x41)
0  -O                                                                        (1 = 100.0%)
1  ... 

Histogram: Autofill.StoredCreditCardCount recorded 1 samples, mean = 0.0 (flags = 0x41)
0  -O                                                                        (1 = 100.0%)
1  ... 

Histogram: Autofill.StoredCreditCardCount.Local recorded 1 samples, mean = 0.0 (flags = 0x41)
0  -O                                                                        (1 = 100.0%)
1  ... 

Histogram: Autofill.StoredCreditCardCount.Local.WithInvalidCardNumber recorded 1 samples, mean = 0.0 (flags = 0x41)
0  -O                                                                        (1 = 100.0%)
1  ... 

Histogram: Autofill.StoredCreditCardCount.Local.WithNickname recorded 1 samples, mean = 0.0 (flags = 0x41)
0  -O                                                                        (1 = 100.0%)
1  ... 

Histogram: Autofill.StoredCreditCardCount.Server recorded 1 samples, mean = 0.0 (flags = 0x41)
0  -O                                                                        (1 = 100.0%)
1  ... 

Histogram: Autofill.StoredCreditCardCount.Server.Masked recorded 1 samples, mean = 0.0 (flags = 0x41)
0  -O                                                                        (1 = 100.0%)
1  ... 

Histogram: Autofill.StoredCreditCardCount.Server.Masked.WithNickname recorded 1 samples, mean = 0.0 (flags = 0x41)
0  -O                                                                        (1 = 100.0%)
1  ... 

Histogram: Autofill.StoredCreditCardCount.Server.Unmasked recorded 1 samples, mean = 0.0 (flags = 0x41)
0  -O                                                                        (1 = 100.0%)
1  ... 

Histogram: Autofill.StoredCreditCardCount.Server.WithCardArtImage recorded 1 samples, mean = 0.0 (flags = 0x41)
0  -O                                                                        (1 = 100.0%)
1  ... 

Histogram: Autofill.StoredCreditCardCount.Server.WithVirtualCardMetadata recorded 1 samples, mean = 0.0 (flags = 0x41)
0  -O                                                                        (1 = 100.0%)
1  ... 

Histogram: Autofill.StoredIbanCount recorded 1 samples, mean = 0.0 (flags = 0x41)
0  -O                                                                        (1 = 100.0%)
1  ... 

Histogram: Autofill.StoredProfileCount.AccountChrome recorded 1 samples, mean = 0.0 (flags = 0x41)
0  -O                                                                        (1 = 100.0%)
1  ... 

Histogram: Autofill.StoredProfileCount.AccountNonChrome recorded 1 samples, mean = 0.0 (flags = 0x41)
0  -O                                                                        (1 = 100.0%)
1  ... 

Histogram: Autofill.StoredProfileCount.Legacy recorded 1 samples, mean = 0.0 (flags = 0x41)
0  -O                                                                        (1 = 100.0%)
1  ... 

Histogram: Autofill.StoredProfileCount.Total recorded 1 samples, mean = 0.0 (flags = 0x41)
0  -O                                                                        (1 = 100.0%)
1  ... 

Histogram: Autofill.SubmissionDetectionSource.FormTracker recorded 2 samples, mean = 3.0 (flags = 0x41)
0  ... 
3  --O                                                                       (2 = 100.0%) {0.0%}
4  ... 

Histogram: Autofill.Timing.ParseFormsAsync recorded 1 samples, mean = 0.0 (flags = 0x41)
0  -O                                                                        (1 = 100.0%)
1  ... 

Histogram: Autofill.Timing.ParseFormsAsync.RunHeuristics recorded 1 samples, mean = 0.0 (flags = 0x41)
0  -O                                                                        (1 = 100.0%)
1  ... 

Histogram: Autofill.Timing.ParseFormsAsync.UpdateCache recorded 1 samples, mean = 0.0 (flags = 0x41)
0  -O                                                                        (1 = 100.0%)
1  ... 

Histogram: Autofill.TimingInterval.ExtractFormData.GetFormDataFromUnownedInputElements.AutofillAgentReset recorded 2 samples, mean = 683720.5 (flags = 0x41)
0       ... 
529117  -O                                                                        (1 = 50.0%) {0.0%}
617637  O                                                                         (0 = 0.0%) {50.0%}
720966  -O                                                                        (1 = 50.0%) {50.0%}
841582  ... 

Histogram: Autofill.TimingInterval.ExtractFormData.GetFormDataFromUnownedInputElements.DOMContentLoaded recorded 2 samples, mean = 1073891328.0 (flags = 0x41)
0         ... 
284987    -O                                                                        (1 = 50.0%) {0.0%}
332665    ... 
10000000  -O                                                                        (1 = 50.0%) {50.0%}

Histogram: Autofill.TimingInterval.ExtractFormData.UpdateFormCache.AutofillAgentReset recorded 4 samples, mean = 342151.0 (flags = 0x41)
0       ... 
58      -O                                                                        (1 = 25.0%) {0.0%}
68      ... 
1270    -O                                                                        (1 = 25.0%) {25.0%}
1482    ... 
529117  -O                                                                        (1 = 25.0%) {50.0%}
617637  O                                                                         (0 = 0.0%) {75.0%}
720966  -O                                                                        (1 = 25.0%) {75.0%}
841582  ... 

Histogram: Autofill.TimingInterval.ExtractFormData.UpdateFormCache.DOMContentLoaded recorded 4 samples, mean = 74978.5 (flags = 0x41)
0       ... 
4       -O                                                                        (1 = 25.0%) {0.0%}
5       ... 
8       -O                                                                        (1 = 25.0%) {25.0%}
9       ... 
932     -O                                                                        (1 = 25.0%) {50.0%}
1088    ... 
284987  -O                                                                        (1 = 25.0%) {75.0%}
332665  ... 

Histogram: Autofill.TimingInterval.UpdateFormCache.UpdateFormCache.AutofillAgentReset recorded 4 samples, mean = 342233.2 (flags = 0x41)
0       ... 
58      -O                                                                        (1 = 25.0%) {0.0%}
68      ... 
1270    -O                                                                        (1 = 25.0%) {25.0%}
1482    ... 
529117  -O                                                                        (1 = 25.0%) {50.0%}
617637  O                                                                         (0 = 0.0%) {75.0%}
720966  -O                                                                        (1 = 25.0%) {75.0%}
841582  ... 

Histogram: Autofill.TimingInterval.UpdateFormCache.UpdateFormCache.DOMContentLoaded recorded 4 samples, mean = 75060.8 (flags = 0x41)
0       ... 
11      -O                                                                        (1 = 25.0%) {0.0%}
13      ... 
107     -O                                                                        (1 = 25.0%) {25.0%}
125     ... 
1088    -O                                                                        (1 = 25.0%) {50.0%}
1270    ... 
284987  -O                                                                        (1 = 25.0%) {75.0%}
332665  ... 

Histogram: Autofill.TimingPrecise.ExtractFormData recorded 6 samples, mean = 215.3 (flags = 0x41)
0    ... 
3    -O                                                                        (1 = 16.7%) {0.0%}
4    ... 
6    -O                                                                        (1 = 16.7%) {16.7%}
7    ... 
13   -O                                                                        (1 = 16.7%) {33.3%}
15   ... 
25   -O                                                                        (1 = 16.7%) {50.0%}
28   ... 
247  -O                                                                        (1 = 16.7%) {66.7%}
281  ... 
901  -O                                                                        (1 = 16.7%) {83.3%}
1026 ... 

Histogram: Autofill.TimingPrecise.ExtractFormData.GetFormDataFromUnownedInputElements recorded 2 samples, mean = 135.5 (flags = 0x41)
0    ... 
13   -O                                                                        (1 = 50.0%) {0.0%}
15   ... 
247  -O                                                                        (1 = 50.0%) {50.0%}
281  ... 

Histogram: Autofill.TimingPrecise.ExtractFormData.UpdateFormCache recorded 4 samples, mean = 255.2 (flags = 0x41)
0    ... 
3    -O                                                                        (1 = 25.0%) {0.0%}
4    ... 
6    -O                                                                        (1 = 25.0%) {25.0%}
7    ... 
25   -O                                                                        (1 = 25.0%) {50.0%}
28   ... 
901  -O                                                                        (1 = 25.0%) {75.0%}
1026 ... 

Histogram: Autofill.TimingPrecise.InferLabelForElement recorded 6 samples, mean = 0.2 (flags = 0x41)
0  -----O                                                                    (5 = 83.3%)
1  -O                                                                        (1 = 16.7%) {83.3%}
2  ... 

Histogram: Autofill.TimingPrecise.UpdateFormCache recorded 4 samples, mean = 363.8 (flags = 0x41)
0     ... 
11    -O                                                                        (1 = 25.0%) {0.0%}
13    ... 
114   -O                                                                        (1 = 25.0%) {25.0%}
130   ... 
217   -O                                                                        (1 = 25.0%) {50.0%}
247   ... 
1026  -O                                                                        (1 = 25.0%) {75.0%}
1168  ... 

Histogram: Autofill.TimingPrecise.UpdateFormCache.UpdateFormCache recorded 4 samples, mean = 363.8 (flags = 0x41)
0     ... 
11    -O                                                                        (1 = 25.0%) {0.0%}
13    ... 
114   -O                                                                        (1 = 25.0%) {25.0%}
130   ... 
217   -O                                                                        (1 = 25.0%) {50.0%}
247   ... 
1026  -O                                                                        (1 = 25.0%) {75.0%}
1168  ... 

Histogram: Autofill.VirtualCardUsageData.StoredUsageDataCount recorded 1 samples, mean = 0.0 (flags = 0x41)
0  -O                                                                        (1 = 100.0%)
1  ... 

Histogram: Blink.CSSStyleSheetResource.ParseTime recorded 8 samples, mean = 931.4 (flags = 0x41)
0     ... 
55    -O                                                                        (1 = 12.5%) {0.0%}
76    ---O                                                                      (3 = 37.5%) {12.5%}
105   O                                                                         (0 = 0.0%) {50.0%}
146   -O                                                                        (1 = 12.5%) {50.0%}
203   ... 
542   -O                                                                        (1 = 12.5%) {62.5%}
752   ... 
1447  -O                                                                        (1 = 12.5%) {75.0%}
2008  ... 
3865  -O                                                                        (1 = 12.5%) {87.5%}
5362  ... 

Histogram: Blink.CommitDocumentLoaderTime recorded 7 samples, mean = 6.7 (flags = 0x41)
0   --O                                                                       (2 = 28.6%)
1   -O                                                                        (1 = 14.3%) {28.6%}
2   -O                                                                        (1 = 14.3%) {42.9%}
3   -O                                                                        (1 = 14.3%) {57.1%}
4   ... 
20  --O                                                                       (2 = 28.6%) {71.4%}
24  ... 

Histogram: Blink.CookiesTime recorded 2 samples, mean = 6.0 (flags = 0x41)
0   -O                                                                        (1 = 50.0%)
1   ... 
12  -O                                                                        (1 = 50.0%) {50.0%}
14  ... 

Histogram: Blink.CullRect.UpdateTime recorded 18 samples, mean = 26.4 (flags = 0x41)
0    -O                                                                        (1 = 5.6%)
1    ---------O                                                                (9 = 50.0%) {5.6%}
2    ... 
4    --O                                                                       (2 = 11.1%) {55.6%}
6    --O                                                                       (2 = 11.1%) {66.7%}
8    -O                                                                        (1 = 5.6%) {77.8%}
11   -O                                                                        (1 = 5.6%) {83.3%}
15   -O                                                                        (1 = 5.6%) {88.9%}
21   ... 
391  -O                                                                        (1 = 5.6%) {94.4%}
542  ... 

Histogram: Blink.DecodedImage.WebPDensity.Count.02MP recorded 1 samples, mean = 291.0 (flags = 0x41)
0    ... 
285  -O                                                                        (1 = 100.0%) {0.0%}
300  ... 

Histogram: Blink.DecodedImage.WebPDensity.KiBWeighted2 recorded 392 samples, mean = 291.0 (flags = 0x41)
0    ... 
285  ------------------------------------------------------------------------O (392 = 100.0%) {0.0%}
300  ... 

Histogram: Blink.DecodedImage.WebPFileFormat recorded 1 samples, mean = 0.0 (flags = 0x41)
0  -O                                                                        (1 = 100.0%)
1  ... 

Histogram: Blink.DecodedImageType recorded 1 samples, mean = 4.0 (flags = 0x41)
0  ... 
4  -O                                                                        (1 = 100.0%) {0.0%}
5  ... 

Histogram: Blink.DocumentLoader.CommitNavigationToStartLoadingResponse.Time.OutermostMainFrame.NewNavigation.IsHTTPOrHTTPS recorded 1 samples, mean = 5.0 (flags = 0x41)
0  ... 
5  -O                                                                        (1 = 100.0%) {0.0%}
6  ... 

Histogram: Blink.DocumentLoader.CreateParserPostCommit.Time.OutermostMainFrame.NewNavigation.IsHTTPOrHTTPS recorded 1 samples, mean = 14.0 (flags = 0x41)
0   ... 
14  -O                                                                        (1 = 100.0%) {0.0%}
17  ... 

Histogram: Blink.EffectiveZoom recorded 17 samples (flags = 0x41)
150  -----------------O                                                        (17 = 100.0%)

Histogram: Blink.Experimental.Cookies.CacheLookupResult2 recorded 2 samples, mean = 0.5 (flags = 0x41)
0  -O                                                                        (1 = 50.0%)
1  -O                                                                        (1 = 50.0%) {50.0%}
2  ... 

Histogram: Blink.Experimental.Cookies.FirstCookieRequest recorded 1 samples, mean = 1.0 (flags = 0x41)
0  O                                                                         (0 = 0.0%)
1  -O                                                                        (1 = 100.0%) {0.0%}
2  ... 

Histogram: Blink.Fetch.RequestResourceTime2 recorded 120 samples, mean = 237.3 (flags = 0x41)
0      ... 
11     ----------------O                                                         (16 = 13.3%) {0.0%}
15     ------------------------O                                                 (24 = 20.0%) {13.3%}
21     -------------------O                                                      (19 = 15.8%) {33.3%}
29     ----------O                                                               (10 = 8.3%) {49.2%}
40     ----------O                                                               (10 = 8.3%) {57.5%}
55     -----O                                                                    (5 = 4.2%) {65.8%}
76     ------------O                                                             (12 = 10.0%) {70.0%}
105    ------O                                                                   (6 = 5.0%) {80.0%}
146    --O                                                                       (2 = 1.7%) {85.0%}
203    -------O                                                                  (7 = 5.8%) {86.7%}
282    ------O                                                                   (6 = 5.0%) {92.5%}
391    -O                                                                        (1 = 0.8%) {97.5%}
542    ... 
2008   -O                                                                        (1 = 0.8%) {98.3%}
2786   ... 
14319  -O                                                                        (1 = 0.8%) {99.2%}
19866  ... 

Histogram: Blink.Fetch.RequestResourceTime2.Preload recorded 41 samples, mean = 120.3 (flags = 0x41)
0     ... 
11    ---O                                                                      (3 = 7.3%) {0.0%}
15    ----O                                                                     (4 = 9.8%) {7.3%}
21    ----------O                                                               (10 = 24.4%) {17.1%}
29    ----------O                                                               (10 = 24.4%) {41.5%}
40    --O                                                                       (2 = 4.9%) {65.9%}
55    --O                                                                       (2 = 4.9%) {70.7%}
76    -O                                                                        (1 = 2.4%) {75.6%}
105   ----O                                                                     (4 = 9.8%) {78.0%}
146   O                                                                         (0 = 0.0%) {87.8%}
203   --O                                                                       (2 = 4.9%) {87.8%}
282   -O                                                                        (1 = 2.4%) {92.7%}
391   -O                                                                        (1 = 2.4%) {95.1%}
542   ... 
2008  -O                                                                        (1 = 2.4%) {97.6%}
2786  ... 

Histogram: Blink.FetchQueuedPreloadsTime.MainFrame.Initial recorded 1 samples, mean = 2.0 (flags = 0x41)
0  ... 
2  -O                                                                        (1 = 100.0%) {0.0%}
3  ... 

Histogram: Blink.Fonts.DecodeTime recorded 5 samples, mean = 6660.4 (flags = 0x41)
0      ... 
2786   --O                                                                       (2 = 40.0%) {0.0%}
3865   --O                                                                       (2 = 40.0%) {40.0%}
5362   ... 
14319  -O                                                                        (1 = 20.0%) {80.0%}
19866  ... 

Histogram: Blink.Fonts.VariableFontsRatio recorded 5 samples, mean = 1.2 (flags = 0x41)
0  O                                                                         (0 = 0.0%)
1  ----O                                                                     (4 = 80.0%) {0.0%}
2  -O                                                                        (1 = 20.0%) {80.0%}
3  ... 

Histogram: Blink.ForcedStyleAndLayout.UpdateTime.PreFCP recorded 2 samples, mean = 12.0 (flags = 0x41)
0   ... 
11  --O                                                                       (2 = 100.0%) {0.0%}
15  ... 

Histogram: Blink.HTMLFastPathParser.AbortedParseSize recorded 21 samples, mean = 1.5 (flags = 0x41)
0  -----O                                                                    (5 = 23.8%)
1  O                                                                         (0 = 0.0%) {23.8%}
2  ----------------O                                                         (16 = 76.2%) {23.8%}
3  ... 

Histogram: Blink.HTMLFastPathParser.AbortedParseTime2 recorded 21 samples, mean = 13.1 (flags = 0x41)
0    -------O                                                                  (7 = 33.3%)
1    -------O                                                                  (7 = 33.3%) {33.3%}
2    --O                                                                       (2 = 9.5%) {66.7%}
3    --O                                                                       (2 = 9.5%) {76.2%}
4    -O                                                                        (1 = 4.8%) {85.7%}
5    ... 
21   -O                                                                        (1 = 4.8%) {90.5%}
23   ... 
219  -O                                                                        (1 = 4.8%) {95.2%}
237  ... 

Histogram: Blink.HTMLFastPathParser.ParseResult recorded 41 samples, mean = 7.5 (flags = 0x41)
0   --------------------O                                                     (20 = 48.8%)
1   ... 
4   -----O                                                                    (5 = 12.2%) {48.8%}
5   ... 
18  ----------------O                                                         (16 = 39.0%) {61.0%}
19  ... 

Histogram: Blink.HTMLFastPathParser.SuccessfulParseSize recorded 20 samples, mean = 348.9 (flags = 0x41)
0    ... 
146  ------O                                                                   (6 = 30.0%) {0.0%}
203  O                                                                         (0 = 0.0%) {30.0%}
282  -------O                                                                  (7 = 35.0%) {30.0%}
391  -------O                                                                  (7 = 35.0%) {65.0%}
542  ... 

Histogram: Blink.HTMLFastPathParser.SuccessfulParseTime2 recorded 20 samples, mean = 12.6 (flags = 0x41)
0    O                                                                         (0 = 0.0%)
1    ----O                                                                     (4 = 20.0%) {0.0%}
2    -----O                                                                    (5 = 25.0%) {20.0%}
3    ----O                                                                     (4 = 20.0%) {45.0%}
4    -----O                                                                    (5 = 25.0%) {65.0%}
5    ... 
17   -O                                                                        (1 = 5.0%) {90.0%}
18   ... 
188  -O                                                                        (1 = 5.0%) {95.0%}
203  ... 

Histogram: Blink.HTMLFastPathParser.TotalParseTime2 recorded 41 samples, mean = 29.8 (flags = 0x41)
0    O                                                                         (0 = 0.0%)
1    ----O                                                                     (4 = 9.8%) {0.0%}
2    ---O                                                                      (3 = 7.3%) {9.8%}
3    ---O                                                                      (3 = 7.3%) {17.1%}
4    -----O                                                                    (5 = 12.2%) {24.4%}
5    ------O                                                                   (6 = 14.6%) {36.6%}
6    ---O                                                                      (3 = 7.3%) {51.2%}
7    --O                                                                       (2 = 4.9%) {58.5%}
8    ... 
10   -O                                                                        (1 = 2.4%) {63.4%}
11   ... 
14   -O                                                                        (1 = 2.4%) {65.9%}
15   ... 
17   -O                                                                        (1 = 2.4%) {68.3%}
18   O                                                                         (0 = 0.0%) {70.7%}
19   -O                                                                        (1 = 2.4%) {70.7%}
21   ... 
25   --O                                                                       (2 = 4.9%) {73.2%}
27   -O                                                                        (1 = 2.4%) {78.0%}
29   ... 
43   -O                                                                        (1 = 2.4%) {80.5%}
46   -O                                                                        (1 = 2.4%) {82.9%}
50   ... 
58   --O                                                                       (2 = 4.9%) {85.4%}
63   ... 
93   -O                                                                        (1 = 2.4%) {90.2%}
101  ... 
174  -O                                                                        (1 = 2.4%) {92.7%}
188  -O                                                                        (1 = 2.4%) {95.1%}
203  ... 
277  -O                                                                        (1 = 2.4%) {97.6%}
299  ... 

Histogram: Blink.HTMLParsing.ChunkCount4 recorded 1 samples, mean = 1.0 (flags = 0x41)
0  O                                                                         (0 = 0.0%)
1  -O                                                                        (1 = 100.0%) {0.0%}
2  ... 

Histogram: Blink.HTMLParsing.InputCharacterCount4 recorded 1 samples, mean = 130117.0 (flags = 0x41)
0       ... 
102126  -O                                                                        (1 = 100.0%) {0.0%}
141691  ... 

Histogram: Blink.HTMLParsing.ParsingTimeMax4 recorded 1 samples, mean = 6037.0 (flags = 0x41)
0     ... 
6008  -O                                                                        (1 = 100.0%) {0.0%}
6101  ... 

Histogram: Blink.HTMLParsing.ParsingTimeMin4 recorded 1 samples, mean = 6037.0 (flags = 0x41)
0     ... 
5548  -O                                                                        (1 = 100.0%) {0.0%}
6317  ... 

Histogram: Blink.HTMLParsing.ParsingTimeTotal4 recorded 1 samples, mean = 6037.0 (flags = 0x41)
0     ... 
6008  -O                                                                        (1 = 100.0%) {0.0%}
6101  ... 

Histogram: Blink.HTMLParsing.PreloadRequestCount recorded 1 samples, mean = 33.0 (flags = 0x41)
0   ... 
33  -O                                                                        (1 = 100.0%) {0.0%}
37  ... 

Histogram: Blink.HTMLParsing.TimeToDeferredPumpTokenizer4 recorded 1 samples, mean = 789.0 (flags = 0x41)
0    ... 
695  -O                                                                        (1 = 100.0%) {0.0%}
791  ... 

Histogram: Blink.HTMLParsing.TokensParsedAverage4 recorded 1 samples, mean = 110.0 (flags = 0x41)
0   ... 
86  -O                                                                        (1 = 100.0%) {0.0%}
113 ... 

Histogram: Blink.HTMLParsing.TokensParsedMax4 recorded 1 samples, mean = 110.0 (flags = 0x41)
0   ... 
86  -O                                                                        (1 = 100.0%) {0.0%}
113 ... 

Histogram: Blink.HTMLParsing.TokensParsedMin4 recorded 1 samples, mean = 110.0 (flags = 0x41)
0   ... 
96  -O                                                                        (1 = 100.0%) {0.0%}
114 ... 

Histogram: Blink.HTMLParsing.TokensParsedTotal4 recorded 1 samples, mean = 110.0 (flags = 0x41)
0    ... 
105  -O                                                                        (1 = 100.0%) {0.0%}
146  ... 

Histogram: Blink.HTMLParsing.YieldedTimeAverage4 recorded 1 samples, mean = 549.0 (flags = 0x41)
0    ... 
502  -O                                                                        (1 = 100.0%) {0.0%}
586  ... 

Histogram: Blink.HTMLParsing.YieldedTimeMax4 recorded 1 samples, mean = 795.0 (flags = 0x41)
0    ... 
785  -O                                                                        (1 = 100.0%) {0.0%}
797  ... 

Histogram: Blink.HTMLParsing.YieldedTimeMin4 recorded 1 samples, mean = 303.0 (flags = 0x41)
0    ... 
270  -O                                                                        (1 = 100.0%) {0.0%}
315  ... 

Histogram: Blink.History.VisitedLinks.IsLinkStyledAsVisited recorded 31 samples, mean = 0.0 (flags = 0x41)
0  -------------------------------O                                          (31 = 100.0%)
1  ... 

Histogram: Blink.ImageDecoders.ImageHasMultipleGeneratorClientIds recorded 1 samples, mean = 0.0 (flags = 0x41)
0  -O                                                                        (1 = 100.0%)
1  ... 

Histogram: Blink.JavascriptDocumentUpdate.UpdateTime.PreFCP recorded 1 samples, mean = 13.0 (flags = 0x41)
0   ... 
11  -O                                                                        (1 = 100.0%) {0.0%}
15  ... 

Histogram: Blink.Layout.InlineNode.ShapeText.MaxTime.InOutermostMainFrame3 recorded 1 samples, mean = 0.0 (flags = 0x41)
0  -O                                                                        (1 = 100.0%)
1  ... 

Histogram: Blink.Layout.InlineNode.ShapeText.TotalTime.InOutermostMainFrame3 recorded 1 samples, mean = 0.0 (flags = 0x41)
0  -O                                                                        (1 = 100.0%)
1  ... 

Histogram: Blink.Layout.SVGImage.Count.InOutermostMainFrame recorded 1 samples, mean = 0.0 (flags = 0x41)
0  -O                                                                        (1 = 100.0%)
1  ... 

Histogram: Blink.Layout.SVGImage.TotalTime.InOutermostMainFrame recorded 1 samples, mean = 0.0 (flags = 0x41)
0  -O                                                                        (1 = 100.0%)
1  ... 

Histogram: Blink.MainFrame.UpdateTime.PreFCP recorded 18 samples, mean = 5105.1 (flags = 0x41)
0      ... 
76     ---O                                                                      (3 = 16.7%) {0.0%}
105    O                                                                         (0 = 0.0%) {16.7%}
146    ----O                                                                     (4 = 22.2%) {16.7%}
203    -O                                                                        (1 = 5.6%) {38.9%}
282    --O                                                                       (2 = 11.1%) {44.4%}
391    -O                                                                        (1 = 5.6%) {55.6%}
542    ... 
1043   -O                                                                        (1 = 5.6%) {61.1%}
1447   -O                                                                        (1 = 5.6%) {66.7%}
2008   O                                                                         (0 = 0.0%) {72.2%}
2786   -O                                                                        (1 = 5.6%) {72.2%}
3865   --O                                                                       (2 = 11.1%) {77.8%}
5362   ... 
27562  -O                                                                        (1 = 5.6%) {88.9%}
38240  -O                                                                        (1 = 5.6%) {94.4%}
53055  ... 

Histogram: Blink.MemoryCache.RevalidationPolicy.AsyncScript recorded 46 samples, mean = 1.5 (flags = 0x41)
0  -----------------------O                                                  (23 = 50.0%)
1  ... 
3  -----------------------O                                                  (23 = 50.0%) {50.0%}
4  ... 

Histogram: Blink.MemoryCache.RevalidationPolicy.CSSStyleSheet recorded 8 samples, mean = 0.0 (flags = 0x41)
0  --------O                                                                 (8 = 100.0%)
1  ... 

Histogram: Blink.MemoryCache.RevalidationPolicy.Dead.CSSStyleSheet recorded 1 samples, mean = 0.0 (flags = 0x41)
0  -O                                                                        (1 = 100.0%)
1  ... 

Histogram: Blink.MemoryCache.RevalidationPolicy.Dead.Font recorded 2 samples, mean = 0.0 (flags = 0x41)
0  --O                                                                       (2 = 100.0%)
1  ... 

Histogram: Blink.MemoryCache.RevalidationPolicy.Dead.Script recorded 22 samples, mean = 0.0 (flags = 0x41)
0  ----------------------O                                                   (22 = 100.0%)
1  ... 

Histogram: Blink.MemoryCache.RevalidationPolicy.Font recorded 23 samples, mean = 4.0 (flags = 0x41)
0  -O                                                                        (1 = 4.3%)
1  ... 
4  ------------------O                                                       (18 = 78.3%) {4.3%}
5  ----O                                                                     (4 = 17.4%) {82.6%}
6  O                                                                         (0 = 0.0%) {100.0%}

Histogram: Blink.MemoryCache.RevalidationPolicy.Image recorded 23 samples, mean = 4.0 (flags = 0x41)
0  ... 
3  --O                                                                       (2 = 8.7%) {0.0%}
4  --------------------O                                                     (20 = 87.0%) {8.7%}
5  -O                                                                        (1 = 4.3%) {95.7%}
6  O                                                                         (0 = 0.0%) {100.0%}

Histogram: Blink.MemoryCache.RevalidationPolicy.Manifest recorded 1 samples, mean = 3.0 (flags = 0x41)
0  ... 
3  -O                                                                        (1 = 100.0%) {0.0%}
4  ... 

Histogram: Blink.MemoryCache.RevalidationPolicy.Preload.CSSStyleSheet recorded 15 samples, mean = 1.6 (flags = 0x41)
0  -------O                                                                  (7 = 46.7%)
1  ... 
3  --------O                                                                 (8 = 53.3%) {46.7%}
4  ... 

Histogram: Blink.MemoryCache.RevalidationPolicy.Preload.Font recorded 2 samples, mean = 1.5 (flags = 0x41)
0  -O                                                                        (1 = 50.0%)
1  ... 
3  -O                                                                        (1 = 50.0%) {50.0%}
4  ... 

Histogram: Blink.MemoryCache.RevalidationPolicy.Preload.Script recorded 24 samples, mean = 2.8 (flags = 0x41)
0  --O                                                                       (2 = 8.3%)
1  ... 
3  ----------------------O                                                   (22 = 91.7%) {8.3%}
4  ... 

Histogram: Blink.MemoryCache.RevalidationPolicy.Raw recorded 4 samples, mean = 3.0 (flags = 0x41)
0  ... 
3  ----O                                                                     (4 = 100.0%) {0.0%}
4  ... 

Histogram: Blink.MemoryCache.RevalidationPolicy.Script recorded 24 samples, mean = 0.2 (flags = 0x41)
0  ----------------------O                                                   (22 = 91.7%)
1  ... 
3  --O                                                                       (2 = 8.3%) {91.7%}
4  ... 

Histogram: Blink.PreloadRequestStartDuration recorded 41 samples, mean = 128.6 (flags = 0x41)
0     ... 
11    ---O                                                                      (3 = 7.3%) {0.0%}
15    ---O                                                                      (3 = 7.3%) {7.3%}
21    -----------O                                                              (11 = 26.8%) {14.6%}
29    ----------O                                                               (10 = 24.4%) {41.5%}
40    --O                                                                       (2 = 4.9%) {65.9%}
55    --O                                                                       (2 = 4.9%) {70.7%}
76    -O                                                                        (1 = 2.4%) {75.6%}
105   ---O                                                                      (3 = 7.3%) {78.0%}
146   O                                                                         (0 = 0.0%) {85.4%}
203   ---O                                                                      (3 = 7.3%) {85.4%}
282   -O                                                                        (1 = 2.4%) {92.7%}
391   O                                                                         (0 = 0.0%) {95.1%}
542   -O                                                                        (1 = 2.4%) {95.1%}
752   ... 
2008  -O                                                                        (1 = 2.4%) {97.6%}
2786  ... 

Histogram: Blink.PreloadRequestWaitTime recorded 31 samples, mean = 2.4 (flags = 0x41)
0  O                                                                         (0 = 0.0%)
1  -O                                                                        (1 = 3.2%) {0.0%}
2  ----------------O                                                         (16 = 51.6%) {3.2%}
3  --------------O                                                           (14 = 45.2%) {54.8%}
4  ... 

Histogram: Blink.PrepareToStopParsingTime recorded 28 samples, mean = 0.2 (flags = 0x41)
0  -------------------------O                                                (25 = 89.3%)
1  -O                                                                        (1 = 3.6%) {89.3%}
2  -O                                                                        (1 = 3.6%) {92.9%}
3  -O                                                                        (1 = 3.6%) {96.4%}
4  ... 

Histogram: Blink.PumpTokenizerTime recorded 54 samples, mean = 0.7 (flags = 0x41)
0   --------------------------------------------------O                       (50 = 92.6%)
1   O                                                                         (0 = 0.0%) {92.6%}
2   -O                                                                        (1 = 1.9%) {92.6%}
3   ... 
7   -O                                                                        (1 = 1.9%) {94.4%}
8   O                                                                         (0 = 0.0%) {96.3%}
10  -O                                                                        (1 = 1.9%) {96.3%}
12  ... 
17  -O                                                                        (1 = 1.9%) {98.1%}
20  ... 

Histogram: Blink.ResourceRequest.BackgroundResourceFetchSupportStatus recorded 45 samples, mean = 0.0 (flags = 0x41)
0  --------------------------------------------O                             (44 = 97.8%)
1  O                                                                         (0 = 0.0%) {97.8%}
2  -O                                                                        (1 = 2.2%) {97.8%}
3  ... 

Histogram: Blink.ResourceRequest.CompletionDelay2 recorded 45 samples, mean = 16.1 (flags = 0x41)
0    ------O                                                                   (6 = 13.3%)
1    --O                                                                       (2 = 4.4%) {13.3%}
2    -O                                                                        (1 = 2.2%) {17.8%}
3    -O                                                                        (1 = 2.2%) {20.0%}
4    -O                                                                        (1 = 2.2%) {22.2%}
5    ... 
7    -O                                                                        (1 = 2.2%) {24.4%}
8    --------O                                                                 (8 = 17.8%) {26.7%}
10   -------O                                                                  (7 = 15.6%) {44.4%}
12   -----O                                                                    (5 = 11.1%) {60.0%}
14   -----O                                                                    (5 = 11.1%) {71.1%}
17   --O                                                                       (2 = 4.4%) {82.2%}
20   O                                                                         (0 = 0.0%) {86.7%}
24   -O                                                                        (1 = 2.2%) {86.7%}
29   --O                                                                       (2 = 4.4%) {88.9%}
34   -O                                                                        (1 = 2.2%) {93.3%}
40   ... 
114  -O                                                                        (1 = 2.2%) {95.6%}
135  -O                                                                        (1 = 2.2%) {97.8%}
160  ... 

Histogram: Blink.ResourceRequest.RedirectDelay2 recorded 1 samples, mean = 9.0 (flags = 0x41)
0  ... 
8  -O                                                                        (1 = 100.0%) {0.0%}
10 ... 

Histogram: Blink.ResourceRequest.ResponseDelay2 recorded 45 samples, mean = 17.7 (flags = 0x41)
0    ------O                                                                   (6 = 13.3%)
1    O                                                                         (0 = 0.0%) {13.3%}
2    --O                                                                       (2 = 4.4%) {13.3%}
3    -O                                                                        (1 = 2.2%) {17.8%}
4    -O                                                                        (1 = 2.2%) {20.0%}
5    O                                                                         (0 = 0.0%) {22.2%}
6    ------O                                                                   (6 = 13.3%) {22.2%}
7    O                                                                         (0 = 0.0%) {35.6%}
8    -O                                                                        (1 = 2.2%) {35.6%}
10   ---O                                                                      (3 = 6.7%) {37.8%}
12   -------------O                                                            (13 = 28.9%) {44.4%}
14   -----O                                                                    (5 = 11.1%) {73.3%}
17   -O                                                                        (1 = 2.2%) {84.4%}
20   O                                                                         (0 = 0.0%) {86.7%}
24   -O                                                                        (1 = 2.2%) {86.7%}
29   -O                                                                        (1 = 2.2%) {88.9%}
34   --O                                                                       (2 = 4.4%) {91.1%}
40   ... 
135  -O                                                                        (1 = 2.2%) {95.6%}
160  -O                                                                        (1 = 2.2%) {97.8%}
190  ... 

Histogram: Blink.ResourceRequest.StartDelay2 recorded 45 samples, mean = 128.3 (flags = 0x41)
0    O                                                                         (0 = 0.0%)
1    -O                                                                        (1 = 2.2%) {0.0%}
2    -O                                                                        (1 = 2.2%) {2.2%}
3    ---O                                                                      (3 = 6.7%) {4.4%}
4    ... 
7    -O                                                                        (1 = 2.2%) {11.1%}
8    ... 
17   --O                                                                       (2 = 4.4%) {13.3%}
20   O                                                                         (0 = 0.0%) {17.8%}
24   ----O                                                                     (4 = 8.9%) {17.8%}
29   -O                                                                        (1 = 2.2%) {26.7%}
34   -O                                                                        (1 = 2.2%) {28.9%}
40   ... 
114  -O                                                                        (1 = 2.2%) {31.1%}
135  O                                                                         (0 = 0.0%) {33.3%}
160  -----------------------O                                                  (23 = 51.1%) {33.3%}
190  -------O                                                                  (7 = 15.6%) {84.4%}
226  ... 

Histogram: Blink.ScanAndPreloadTime.MainFrame.Initial recorded 1 samples, mean = 4.0 (flags = 0x41)
0  ... 
4  -O                                                                        (1 = 100.0%) {0.0%}
5  ... 

Histogram: Blink.ScanAndPreloadTime.MainFrame.NonInitial recorded 1 samples, mean = 0.0 (flags = 0x41)
0  -O                                                                        (1 = 100.0%)
1  ... 

Histogram: Blink.ScanAndPreloadTime2.MainFrame.Initial recorded 1 samples, mean = 4435.0 (flags = 0x41)
0     ... 
3865  -O                                                                        (1 = 100.0%) {0.0%}
5362  ... 

Histogram: Blink.ScanAndPreloadTime2.MainFrame.NonInitial recorded 1 samples, mean = 24.0 (flags = 0x41)
0   ... 
21  -O                                                                        (1 = 100.0%) {0.0%}
29  ... 

Histogram: Blink.ScanAndPreloadTime2.Preload.MainFrame.Initial recorded 1 samples, mean = 2191.0 (flags = 0x41)
0     ... 
2008  -O                                                                        (1 = 100.0%) {0.0%}
2786  ... 

Histogram: Blink.ScanAndPreloadTime2.Preload.MainFrame.NonInitial recorded 1 samples, mean = 1.0 (flags = 0x41)
0  O                                                                         (0 = 0.0%)
1  -O                                                                        (1 = 100.0%) {0.0%}
2  ... 

Histogram: Blink.ScanAndPreloadTime2.Scan.MainFrame.Initial recorded 1 samples, mean = 2228.0 (flags = 0x41)
0     ... 
2008  -O                                                                        (1 = 100.0%) {0.0%}
2786  ... 

Histogram: Blink.ScanAndPreloadTime2.Scan.MainFrame.NonInitial recorded 1 samples, mean = 1.0 (flags = 0x41)
0  O                                                                         (0 = 0.0%)
1  -O                                                                        (1 = 100.0%) {0.0%}
2  ... 

Histogram: Blink.Script.AsyncScript.FromReadyToStartExecution.Time recorded 24 samples, mean = 4.8 (flags = 0x41)
0   ------------O                                                             (12 = 50.0%)
1   ------O                                                                   (6 = 25.0%) {50.0%}
2   --O                                                                       (2 = 8.3%) {75.0%}
3   ... 
8   -O                                                                        (1 = 4.2%) {83.3%}
10  -O                                                                        (1 = 4.2%) {87.5%}
13  ... 
20  -O                                                                        (1 = 4.2%) {91.7%}
25  ... 
52  -O                                                                        (1 = 4.2%) {95.8%}
66  ... 

Histogram: Blink.Script.SchedulingType recorded 39 samples, mean = 5.3 (flags = 0x41)
0  ... 
3  -O                                                                        (1 = 2.6%) {0.0%}
4  O                                                                         (0 = 0.0%) {2.6%}
5  -----------------------O                                                  (23 = 59.0%) {2.6%}
6  ---------------O                                                          (15 = 38.5%) {61.5%}
7  ... 

Histogram: Blink.UseCounter.AnimatedCSSProperties recorded 1 samples, mean = 1.0 (flags = 0x41)
0  O                                                                         (0 = 0.0%)
1  -O                                                                        (1 = 100.0%) {0.0%}
2  ... 

Histogram: Blink.UseCounter.CSSProperties recorded 96 samples, mean = 275.0 (flags = 0x41)
0    O                                                                         (0 = 0.0%)
1    -O                                                                        (1 = 1.0%) {0.0%}
2    -O                                                                        (1 = 1.0%) {1.0%}
3    -O                                                                        (1 = 1.0%) {2.1%}
4    -O                                                                        (1 = 1.0%) {3.1%}
5    -O                                                                        (1 = 1.0%) {4.2%}
6    -O                                                                        (1 = 1.0%) {5.2%}
7    -O                                                                        (1 = 1.0%) {6.2%}
8    -O                                                                        (1 = 1.0%) {7.3%}
9    O                                                                         (0 = 0.0%) {8.3%}
10   -O                                                                        (1 = 1.0%) {8.3%}
11   ... 
14   -O                                                                        (1 = 1.0%) {9.4%}
15   ... 
20   -O                                                                        (1 = 1.0%) {10.4%}
21   -O                                                                        (1 = 1.0%) {11.5%}
22   ... 
24   -O                                                                        (1 = 1.0%) {12.5%}
25   ... 
34   -O                                                                        (1 = 1.0%) {13.5%}
35   ... 
42   -O                                                                        (1 = 1.0%) {14.6%}
43   ... 
53   -O                                                                        (1 = 1.0%) {15.6%}
54   ... 
59   -O                                                                        (1 = 1.0%) {16.7%}
60   ... 
66   -O                                                                        (1 = 1.0%) {17.7%}
67   ... 
69   -O                                                                        (1 = 1.0%) {18.8%}
70   ... 
72   -O                                                                        (1 = 1.0%) {19.8%}
73   O                                                                         (0 = 0.0%) {20.8%}
74   -O                                                                        (1 = 1.0%) {20.8%}
75   ... 
77   -O                                                                        (1 = 1.0%) {21.9%}
78   ... 
81   -O                                                                        (1 = 1.0%) {22.9%}
82   ... 
84   -O                                                                        (1 = 1.0%) {24.0%}
85   ... 
89   -O                                                                        (1 = 1.0%) {25.0%}
90   ... 
95   -O                                                                        (1 = 1.0%) {26.0%}
96   -O                                                                        (1 = 1.0%) {27.1%}
97   -O                                                                        (1 = 1.0%) {28.1%}
98   -O                                                                        (1 = 1.0%) {29.2%}
99   O                                                                         (0 = 0.0%) {30.2%}
100  -O                                                                        (1 = 1.0%) {30.2%}
101  ... 
105  -O                                                                        (1 = 1.0%) {31.2%}
106  -O                                                                        (1 = 1.0%) {32.3%}
107  -O                                                                        (1 = 1.0%) {33.3%}
108  O                                                                         (0 = 0.0%) {34.4%}
109  -O                                                                        (1 = 1.0%) {34.4%}
110  ... 
118  -O                                                                        (1 = 1.0%) {35.4%}
119  -O                                                                        (1 = 1.0%) {36.5%}
120  ... 
124  -O                                                                        (1 = 1.0%) {37.5%}
125  ... 
127  -O                                                                        (1 = 1.0%) {38.5%}
128  -O                                                                        (1 = 1.0%) {39.6%}
129  -O                                                                        (1 = 1.0%) {40.6%}
130  ... 
143  -O                                                                        (1 = 1.0%) {41.7%}
144  ... 
150  -O                                                                        (1 = 1.0%) {42.7%}
151  O                                                                         (0 = 0.0%) {43.8%}
152  -O                                                                        (1 = 1.0%) {43.8%}
153  -O                                                                        (1 = 1.0%) {44.8%}
154  -O                                                                        (1 = 1.0%) {45.8%}
155  O                                                                         (0 = 0.0%) {46.9%}
156  -O                                                                        (1 = 1.0%) {46.9%}
157  -O                                                                        (1 = 1.0%) {47.9%}
158  O                                                                         (0 = 0.0%) {49.0%}
159  -O                                                                        (1 = 1.0%) {49.0%}
160  O                                                                         (0 = 0.0%) {50.0%}
161  -O                                                                        (1 = 1.0%) {50.0%}
162  ... 
164  -O                                                                        (1 = 1.0%) {51.0%}
165  -O                                                                        (1 = 1.0%) {52.1%}
166  ... 
175  -O                                                                        (1 = 1.0%) {53.1%}
176  ... 
231  -O                                                                        (1 = 1.0%) {54.2%}
232  -O                                                                        (1 = 1.0%) {55.2%}
233  O                                                                         (0 = 0.0%) {56.2%}
234  -O                                                                        (1 = 1.0%) {56.2%}
235  -O                                                                        (1 = 1.0%) {57.3%}
236  O                                                                         (0 = 0.0%) {58.3%}
237  -O                                                                        (1 = 1.0%) {58.3%}
238  -O                                                                        (1 = 1.0%) {59.4%}
239  -O                                                                        (1 = 1.0%) {60.4%}
240  -O                                                                        (1 = 1.0%) {61.5%}
241  O                                                                         (0 = 0.0%) {62.5%}
242  -O                                                                        (1 = 1.0%) {62.5%}
243  ... 
303  -O                                                                        (1 = 1.0%) {63.5%}
304  ... 
369  -O                                                                        (1 = 1.0%) {64.6%}
370  -O                                                                        (1 = 1.0%) {65.6%}
371  ... 
415  -O                                                                        (1 = 1.0%) {66.7%}
416  ... 
432  -O                                                                        (1 = 1.0%) {67.7%}
433  -O                                                                        (1 = 1.0%) {68.8%}
434  ... 
437  -O                                                                        (1 = 1.0%) {69.8%}
438  ... 
446  -O                                                                        (1 = 1.0%) {70.8%}
447  ... 
508  -O                                                                        (1 = 1.0%) {71.9%}
509  ... 
514  -O                                                                        (1 = 1.0%) {72.9%}
515  -O                                                                        (1 = 1.0%) {74.0%}
516  -O                                                                        (1 = 1.0%) {75.0%}
517  ... 
537  -O                                                                        (1 = 1.0%) {76.0%}
538  ... 
549  -O                                                                        (1 = 1.0%) {77.1%}
550  ... 
563  -O                                                                        (1 = 1.0%) {78.1%}
564  ... 
591  -O                                                                        (1 = 1.0%) {79.2%}
592  -O                                                                        (1 = 1.0%) {80.2%}
593  O                                                                         (0 = 0.0%) {81.2%}
594  -O                                                                        (1 = 1.0%) {81.2%}
595  -O                                                                        (1 = 1.0%) {82.3%}
596  ... 
598  -O                                                                        (1 = 1.0%) {83.3%}
599  -O                                                                        (1 = 1.0%) {84.4%}
600  ... 
618  -O                                                                        (1 = 1.0%) {85.4%}
619  -O                                                                        (1 = 1.0%) {86.5%}
620  -O                                                                        (1 = 1.0%) {87.5%}
621  -O                                                                        (1 = 1.0%) {88.5%}
622  ... 
636  -O                                                                        (1 = 1.0%) {89.6%}
637  ... 
657  -O                                                                        (1 = 1.0%) {90.6%}
658  -O                                                                        (1 = 1.0%) {91.7%}
659  ... 
662  -O                                                                        (1 = 1.0%) {92.7%}
663  ... 
672  -O                                                                        (1 = 1.0%) {93.8%}
673  -O                                                                        (1 = 1.0%) {94.8%}
674  O                                                                         (0 = 0.0%) {95.8%}
675  -O                                                                        (1 = 1.0%) {95.8%}
676  ... 
696  -O                                                                        (1 = 1.0%) {96.9%}
697  ... 
746  -O                                                                        (1 = 1.0%) {97.9%}
747  ... 
770  -O                                                                        (1 = 1.0%) {99.0%}
771  ... 

Histogram: Blink.UseCounter.Features recorded 162 samples, mean = 2286.1 (flags = 0x41)
0     ... 
13    -O                                                                        (1 = 0.6%) {0.0%}
14    ... 
16    -O                                                                        (1 = 0.6%) {0.6%}
17    ... 
52    -O                                                                        (1 = 0.6%) {1.2%}
53    ... 
69    -O                                                                        (1 = 0.6%) {1.9%}
70    ... 
123   -O                                                                        (1 = 0.6%) {2.5%}
124   -O                                                                        (1 = 0.6%) {3.1%}
125   -O                                                                        (1 = 0.6%) {3.7%}
126   ... 
138   -O                                                                        (1 = 0.6%) {4.3%}
139   ... 
240   -O                                                                        (1 = 0.6%) {4.9%}
241   ... 
250   -O                                                                        (1 = 0.6%) {5.6%}
251   ... 
429   -O                                                                        (1 = 0.6%) {6.2%}
430   -O                                                                        (1 = 0.6%) {6.8%}
431   -O                                                                        (1 = 0.6%) {7.4%}
432   -O                                                                        (1 = 0.6%) {8.0%}
433   ... 
469   -O                                                                        (1 = 0.6%) {8.6%}
470   ... 
523   -O                                                                        (1 = 0.6%) {9.3%}
524   ... 
587   -O                                                                        (1 = 0.6%) {9.9%}
588   -O                                                                        (1 = 0.6%) {10.5%}
589   ... 
675   -O                                                                        (1 = 0.6%) {11.1%}
676   ... 
710   -O                                                                        (1 = 0.6%) {11.7%}
711   -O                                                                        (1 = 0.6%) {12.3%}
712   -O                                                                        (1 = 0.6%) {13.0%}
713   ... 
717   -O                                                                        (1 = 0.6%) {13.6%}
718   ... 
730   -O                                                                        (1 = 0.6%) {14.2%}
731   ... 
744   -O                                                                        (1 = 0.6%) {14.8%}
745   ... 
780   -O                                                                        (1 = 0.6%) {15.4%}
781   -O                                                                        (1 = 0.6%) {16.0%}
782   ... 
786   -O                                                                        (1 = 0.6%) {16.7%}
787   -O                                                                        (1 = 0.6%) {17.3%}
788   ... 
804   -O                                                                        (1 = 0.6%) {17.9%}
805   ... 
900   -O                                                                        (1 = 0.6%) {18.5%}
901   -O                                                                        (1 = 0.6%) {19.1%}
902   ... 
907   -O                                                                        (1 = 0.6%) {19.8%}
908   ... 
954   -O                                                                        (1 = 0.6%) {20.4%}
955   ... 
970   -O                                                                        (1 = 0.6%) {21.0%}
971   O                                                                         (0 = 0.0%) {21.6%}
972   -O                                                                        (1 = 0.6%) {21.6%}
973   -O                                                                        (1 = 0.6%) {22.2%}
974   ... 
976   -O                                                                        (1 = 0.6%) {22.8%}
977   ... 
1023  -O                                                                        (1 = 0.6%) {23.5%}
1024  ... 
1069  -O                                                                        (1 = 0.6%) {24.1%}
1070  -O                                                                        (1 = 0.6%) {24.7%}
1071  ... 
1075  -O                                                                        (1 = 0.6%) {25.3%}
1076  -O                                                                        (1 = 0.6%) {25.9%}
1077  ... 
1124  -O                                                                        (1 = 0.6%) {26.5%}
1125  ... 
1302  -O                                                                        (1 = 0.6%) {27.2%}
1303  ... 
1307  -O                                                                        (1 = 0.6%) {27.8%}
1308  ... 
1347  -O                                                                        (1 = 0.6%) {28.4%}
1348  ... 
1351  -O                                                                        (1 = 0.6%) {29.0%}
1352  ... 
1354  -O                                                                        (1 = 0.6%) {29.6%}
1355  ... 
1368  -O                                                                        (1 = 0.6%) {30.2%}
1369  ... 
1417  -O                                                                        (1 = 0.6%) {30.9%}
1418  ... 
1441  -O                                                                        (1 = 0.6%) {31.5%}
1442  ... 
1467  -O                                                                        (1 = 0.6%) {32.1%}
1468  ... 
1502  -O                                                                        (1 = 0.6%) {32.7%}
1503  ... 
1692  -O                                                                        (1 = 0.6%) {33.3%}
1693  -O                                                                        (1 = 0.6%) {34.0%}
1694  ... 
1827  -O                                                                        (1 = 0.6%) {34.6%}
1828  ... 
2013  -O                                                                        (1 = 0.6%) {35.2%}
2014  ... 
2096  -O                                                                        (1 = 0.6%) {35.8%}
2097  ... 
2121  -O                                                                        (1 = 0.6%) {36.4%}
2122  ... 
2157  -O                                                                        (1 = 0.6%) {37.0%}
2158  ... 
2203  -O                                                                        (1 = 0.6%) {37.7%}
2204  -O                                                                        (1 = 0.6%) {38.3%}
2205  ... 
2217  -O                                                                        (1 = 0.6%) {38.9%}
2218  ... 
2226  -O                                                                        (1 = 0.6%) {39.5%}
2227  O                                                                         (0 = 0.0%) {40.1%}
2228  -O                                                                        (1 = 0.6%) {40.1%}
2229  -O                                                                        (1 = 0.6%) {40.7%}
2230  ... 
2236  -O                                                                        (1 = 0.6%) {41.4%}
2237  ... 
2298  -O                                                                        (1 = 0.6%) {42.0%}
2299  ... 
2314  -O                                                                        (1 = 0.6%) {42.6%}
2315  ... 
2319  -O                                                                        (1 = 0.6%) {43.2%}
2320  ... 
2322  -O                                                                        (1 = 0.6%) {43.8%}
2323  ... 
2347  -O                                                                        (1 = 0.6%) {44.4%}
2348  -O                                                                        (1 = 0.6%) {45.1%}
2349  ... 
2355  -O                                                                        (1 = 0.6%) {45.7%}
2356  ... 
2361  -O                                                                        (1 = 0.6%) {46.3%}
2362  ... 
2387  -O                                                                        (1 = 0.6%) {46.9%}
2388  -O                                                                        (1 = 0.6%) {47.5%}
2389  ... 
2399  -O                                                                        (1 = 0.6%) {48.1%}
2400  ... 
2413  -O                                                                        (1 = 0.6%) {48.8%}
2414  ... 
2429  -O                                                                        (1 = 0.6%) {49.4%}
2430  O                                                                         (0 = 0.0%) {50.0%}
2431  -O                                                                        (1 = 0.6%) {50.0%}
2432  ... 
2518  -O                                                                        (1 = 0.6%) {50.6%}
2519  ... 
2598  -O                                                                        (1 = 0.6%) {51.2%}
2599  ... 
2618  -O                                                                        (1 = 0.6%) {51.9%}
2619  ... 
2654  -O                                                                        (1 = 0.6%) {52.5%}
2655  -O                                                                        (1 = 0.6%) {53.1%}
2656  -O                                                                        (1 = 0.6%) {53.7%}
2657  -O                                                                        (1 = 0.6%) {54.3%}
2658  -O                                                                        (1 = 0.6%) {54.9%}
2659  -O                                                                        (1 = 0.6%) {55.6%}
2660  -O                                                                        (1 = 0.6%) {56.2%}
2661  -O                                                                        (1 = 0.6%) {56.8%}
2662  -O                                                                        (1 = 0.6%) {57.4%}
2663  -O                                                                        (1 = 0.6%) {58.0%}
2664  ... 
2699  -O                                                                        (1 = 0.6%) {58.6%}
2700  -O                                                                        (1 = 0.6%) {59.3%}
2701  -O                                                                        (1 = 0.6%) {59.9%}
2702  -O                                                                        (1 = 0.6%) {60.5%}
2703  -O                                                                        (1 = 0.6%) {61.1%}
2704  -O                                                                        (1 = 0.6%) {61.7%}
2705  -O                                                                        (1 = 0.6%) {62.3%}
2706  -O                                                                        (1 = 0.6%) {63.0%}
2707  -O                                                                        (1 = 0.6%) {63.6%}
2708  ... 
2710  -O                                                                        (1 = 0.6%) {64.2%}
2711  -O                                                                        (1 = 0.6%) {64.8%}
2712  ... 
2716  -O                                                                        (1 = 0.6%) {65.4%}
2717  ... 
2723  -O                                                                        (1 = 0.6%) {66.0%}
2724  ... 
2738  -O                                                                        (1 = 0.6%) {66.7%}
2739  ... 
2769  -O                                                                        (1 = 0.6%) {67.3%}
2770  ... 
2789  -O                                                                        (1 = 0.6%) {67.9%}
2790  -O                                                                        (1 = 0.6%) {68.5%}
2791  -O                                                                        (1 = 0.6%) {69.1%}
2792  -O                                                                        (1 = 0.6%) {69.8%}
2793  ... 
2841  -O                                                                        (1 = 0.6%) {70.4%}
2842  ... 
2903  -O                                                                        (1 = 0.6%) {71.0%}
2904  -O                                                                        (1 = 0.6%) {71.6%}
2905  ... 
2935  -O                                                                        (1 = 0.6%) {72.2%}
2936  ... 
3019  -O                                                                        (1 = 0.6%) {72.8%}
3020  -O                                                                        (1 = 0.6%) {73.5%}
3021  ... 
3066  -O                                                                        (1 = 0.6%) {74.1%}
3067  ... 
3116  -O                                                                        (1 = 0.6%) {74.7%}
3117  ... 
3157  -O                                                                        (1 = 0.6%) {75.3%}
3158  ... 
3189  -O                                                                        (1 = 0.6%) {75.9%}
3190  ... 
3198  -O                                                                        (1 = 0.6%) {76.5%}
3199  ... 
3273  -O                                                                        (1 = 0.6%) {77.2%}
3274  O                                                                         (0 = 0.0%) {77.8%}
3275  -O                                                                        (1 = 0.6%) {77.8%}
3276  ... 
3279  -O                                                                        (1 = 0.6%) {78.4%}
3280  ... 
3307  -O                                                                        (1 = 0.6%) {79.0%}
3308  -O                                                                        (1 = 0.6%) {79.6%}
3309  ... 
3349  -O                                                                        (1 = 0.6%) {80.2%}
3350  ... 
3359  -O                                                                        (1 = 0.6%) {80.9%}
3360  ... 
3409  -O                                                                        (1 = 0.6%) {81.5%}
3410  ... 
3444  -O                                                                        (1 = 0.6%) {82.1%}
3445  ... 
3580  -O                                                                        (1 = 0.6%) {82.7%}
3581  -O                                                                        (1 = 0.6%) {83.3%}
3582  ... 
3698  -O                                                                        (1 = 0.6%) {84.0%}
3699  ... 
3789  -O                                                                        (1 = 0.6%) {84.6%}
3790  -O                                                                        (1 = 0.6%) {85.2%}
3791  ... 
3797  -O                                                                        (1 = 0.6%) {85.8%}
3798  ... 
3803  -O                                                                        (1 = 0.6%) {86.4%}
3804  ... 
3870  -O                                                                        (1 = 0.6%) {87.0%}
3871  ... 
3945  -O                                                                        (1 = 0.6%) {87.7%}
3946  ... 
3973  -O                                                                        (1 = 0.6%) {88.3%}
3974  ... 
4007  -O                                                                        (1 = 0.6%) {88.9%}
4008  ... 
4079  -O                                                                        (1 = 0.6%) {89.5%}
4080  ... 
4113  -O                                                                        (1 = 0.6%) {90.1%}
4114  ... 
4177  -O                                                                        (1 = 0.6%) {90.7%}
4178  ... 
4194  -O                                                                        (1 = 0.6%) {91.4%}
4195  O                                                                         (0 = 0.0%) {92.0%}
4196  -O                                                                        (1 = 0.6%) {92.0%}
4197  ... 
4240  -O                                                                        (1 = 0.6%) {92.6%}
4241  O                                                                         (0 = 0.0%) {93.2%}
4242  -O                                                                        (1 = 0.6%) {93.2%}
4243  ... 
4317  -O                                                                        (1 = 0.6%) {93.8%}
4318  ... 
4346  -O                                                                        (1 = 0.6%) {94.4%}
4347  ... 
4372  -O                                                                        (1 = 0.6%) {95.1%}
4373  ... 
4379  -O                                                                        (1 = 0.6%) {95.7%}
4380  ... 
4419  -O                                                                        (1 = 0.6%) {96.3%}
4420  ... 
4561  -O                                                                        (1 = 0.6%) {96.9%}
4562  ... 
4673  -O                                                                        (1 = 0.6%) {97.5%}
4674  ... 
4743  -O                                                                        (1 = 0.6%) {98.1%}
4744  ... 
4877  -O                                                                        (1 = 0.6%) {98.8%}
4878  ... 
4994  -O                                                                        (1 = 0.6%) {99.4%}
4995  ... 

Histogram: Blink.UseCounter.MainFrame.Features recorded 162 samples, mean = 2286.1 (flags = 0x41)
0     ... 
13    -O                                                                        (1 = 0.6%) {0.0%}
14    ... 
16    -O                                                                        (1 = 0.6%) {0.6%}
17    ... 
52    -O                                                                        (1 = 0.6%) {1.2%}
53    ... 
69    -O                                                                        (1 = 0.6%) {1.9%}
70    ... 
123   -O                                                                        (1 = 0.6%) {2.5%}
124   -O                                                                        (1 = 0.6%) {3.1%}
125   -O                                                                        (1 = 0.6%) {3.7%}
126   ... 
138   -O                                                                        (1 = 0.6%) {4.3%}
139   ... 
240   -O                                                                        (1 = 0.6%) {4.9%}
241   ... 
250   -O                                                                        (1 = 0.6%) {5.6%}
251   ... 
429   -O                                                                        (1 = 0.6%) {6.2%}
430   -O                                                                        (1 = 0.6%) {6.8%}
431   -O                                                                        (1 = 0.6%) {7.4%}
432   -O                                                                        (1 = 0.6%) {8.0%}
433   ... 
469   -O                                                                        (1 = 0.6%) {8.6%}
470   ... 
523   -O                                                                        (1 = 0.6%) {9.3%}
524   ... 
587   -O                                                                        (1 = 0.6%) {9.9%}
588   -O                                                                        (1 = 0.6%) {10.5%}
589   ... 
675   -O                                                                        (1 = 0.6%) {11.1%}
676   ... 
710   -O                                                                        (1 = 0.6%) {11.7%}
711   -O                                                                        (1 = 0.6%) {12.3%}
712   -O                                                                        (1 = 0.6%) {13.0%}
713   ... 
717   -O                                                                        (1 = 0.6%) {13.6%}
718   ... 
730   -O                                                                        (1 = 0.6%) {14.2%}
731   ... 
744   -O                                                                        (1 = 0.6%) {14.8%}
745   ... 
780   -O                                                                        (1 = 0.6%) {15.4%}
781   -O                                                                        (1 = 0.6%) {16.0%}
782   ... 
786   -O                                                                        (1 = 0.6%) {16.7%}
787   -O                                                                        (1 = 0.6%) {17.3%}
788   ... 
804   -O                                                                        (1 = 0.6%) {17.9%}
805   ... 
900   -O                                                                        (1 = 0.6%) {18.5%}
901   -O                                                                        (1 = 0.6%) {19.1%}
902   ... 
907   -O                                                                        (1 = 0.6%) {19.8%}
908   ... 
954   -O                                                                        (1 = 0.6%) {20.4%}
955   ... 
970   -O                                                                        (1 = 0.6%) {21.0%}
971   O                                                                         (0 = 0.0%) {21.6%}
972   -O                                                                        (1 = 0.6%) {21.6%}
973   -O                                                                        (1 = 0.6%) {22.2%}
974   ... 
976   -O                                                                        (1 = 0.6%) {22.8%}
977   ... 
1023  -O                                                                        (1 = 0.6%) {23.5%}
1024  ... 
1069  -O                                                                        (1 = 0.6%) {24.1%}
1070  -O                                                                        (1 = 0.6%) {24.7%}
1071  ... 
1075  -O                                                                        (1 = 0.6%) {25.3%}
1076  -O                                                                        (1 = 0.6%) {25.9%}
1077  ... 
1124  -O                                                                        (1 = 0.6%) {26.5%}
1125  ... 
1302  -O                                                                        (1 = 0.6%) {27.2%}
1303  ... 
1307  -O                                                                        (1 = 0.6%) {27.8%}
1308  ... 
1347  -O                                                                        (1 = 0.6%) {28.4%}
1348  ... 
1351  -O                                                                        (1 = 0.6%) {29.0%}
1352  ... 
1354  -O                                                                        (1 = 0.6%) {29.6%}
1355  ... 
1368  -O                                                                        (1 = 0.6%) {30.2%}
1369  ... 
1417  -O                                                                        (1 = 0.6%) {30.9%}
1418  ... 
1441  -O                                                                        (1 = 0.6%) {31.5%}
1442  ... 
1467  -O                                                                        (1 = 0.6%) {32.1%}
1468  ... 
1502  -O                                                                        (1 = 0.6%) {32.7%}
1503  ... 
1692  -O                                                                        (1 = 0.6%) {33.3%}
1693  -O                                                                        (1 = 0.6%) {34.0%}
1694  ... 
1827  -O                                                                        (1 = 0.6%) {34.6%}
1828  ... 
2013  -O                                                                        (1 = 0.6%) {35.2%}
2014  ... 
2096  -O                                                                        (1 = 0.6%) {35.8%}
2097  ... 
2121  -O                                                                        (1 = 0.6%) {36.4%}
2122  ... 
2157  -O                                                                        (1 = 0.6%) {37.0%}
2158  ... 
2203  -O                                                                        (1 = 0.6%) {37.7%}
2204  -O                                                                        (1 = 0.6%) {38.3%}
2205  ... 
2217  -O                                                                        (1 = 0.6%) {38.9%}
2218  ... 
2226  -O                                                                        (1 = 0.6%) {39.5%}
2227  O                                                                         (0 = 0.0%) {40.1%}
2228  -O                                                                        (1 = 0.6%) {40.1%}
2229  -O                                                                        (1 = 0.6%) {40.7%}
2230  ... 
2236  -O                                                                        (1 = 0.6%) {41.4%}
2237  ... 
2298  -O                                                                        (1 = 0.6%) {42.0%}
2299  ... 
2314  -O                                                                        (1 = 0.6%) {42.6%}
2315  ... 
2319  -O                                                                        (1 = 0.6%) {43.2%}
2320  ... 
2322  -O                                                                        (1 = 0.6%) {43.8%}
2323  ... 
2347  -O                                                                        (1 = 0.6%) {44.4%}
2348  -O                                                                        (1 = 0.6%) {45.1%}
2349  ... 
2355  -O                                                                        (1 = 0.6%) {45.7%}
2356  ... 
2361  -O                                                                        (1 = 0.6%) {46.3%}
2362  ... 
2387  -O                                                                        (1 = 0.6%) {46.9%}
2388  -O                                                                        (1 = 0.6%) {47.5%}
2389  ... 
2399  -O                                                                        (1 = 0.6%) {48.1%}
2400  ... 
2413  -O                                                                        (1 = 0.6%) {48.8%}
2414  ... 
2429  -O                                                                        (1 = 0.6%) {49.4%}
2430  O                                                                         (0 = 0.0%) {50.0%}
2431  -O                                                                        (1 = 0.6%) {50.0%}
2432  ... 
2518  -O                                                                        (1 = 0.6%) {50.6%}
2519  ... 
2598  -O                                                                        (1 = 0.6%) {51.2%}
2599  ... 
2618  -O                                                                        (1 = 0.6%) {51.9%}
2619  ... 
2654  -O                                                                        (1 = 0.6%) {52.5%}
2655  -O                                                                        (1 = 0.6%) {53.1%}
2656  -O                                                                        (1 = 0.6%) {53.7%}
2657  -O                                                                        (1 = 0.6%) {54.3%}
2658  -O                                                                        (1 = 0.6%) {54.9%}
2659  -O                                                                        (1 = 0.6%) {55.6%}
2660  -O                                                                        (1 = 0.6%) {56.2%}
2661  -O                                                                        (1 = 0.6%) {56.8%}
2662  -O                                                                        (1 = 0.6%) {57.4%}
2663  -O                                                                        (1 = 0.6%) {58.0%}
2664  ... 
2699  -O                                                                        (1 = 0.6%) {58.6%}
2700  -O                                                                        (1 = 0.6%) {59.3%}
2701  -O                                                                        (1 = 0.6%) {59.9%}
2702  -O                                                                        (1 = 0.6%) {60.5%}
2703  -O                                                                        (1 = 0.6%) {61.1%}
2704  -O                                                                        (1 = 0.6%) {61.7%}
2705  -O                                                                        (1 = 0.6%) {62.3%}
2706  -O                                                                        (1 = 0.6%) {63.0%}
2707  -O                                                                        (1 = 0.6%) {63.6%}
2708  ... 
2710  -O                                                                        (1 = 0.6%) {64.2%}
2711  -O                                                                        (1 = 0.6%) {64.8%}
2712  ... 
2716  -O                                                                        (1 = 0.6%) {65.4%}
2717  ... 
2723  -O                                                                        (1 = 0.6%) {66.0%}
2724  ... 
2738  -O                                                                        (1 = 0.6%) {66.7%}
2739  ... 
2769  -O                                                                        (1 = 0.6%) {67.3%}
2770  ... 
2789  -O                                                                        (1 = 0.6%) {67.9%}
2790  -O                                                                        (1 = 0.6%) {68.5%}
2791  -O                                                                        (1 = 0.6%) {69.1%}
2792  -O                                                                        (1 = 0.6%) {69.8%}
2793  ... 
2841  -O                                                                        (1 = 0.6%) {70.4%}
2842  ... 
2903  -O                                                                        (1 = 0.6%) {71.0%}
2904  -O                                                                        (1 = 0.6%) {71.6%}
2905  ... 
2935  -O                                                                        (1 = 0.6%) {72.2%}
2936  ... 
3019  -O                                                                        (1 = 0.6%) {72.8%}
3020  -O                                                                        (1 = 0.6%) {73.5%}
3021  ... 
3066  -O                                                                        (1 = 0.6%) {74.1%}
3067  ... 
3116  -O                                                                        (1 = 0.6%) {74.7%}
3117  ... 
3157  -O                                                                        (1 = 0.6%) {75.3%}
3158  ... 
3189  -O                                                                        (1 = 0.6%) {75.9%}
3190  ... 
3198  -O                                                                        (1 = 0.6%) {76.5%}
3199  ... 
3273  -O                                                                        (1 = 0.6%) {77.2%}
3274  O                                                                         (0 = 0.0%) {77.8%}
3275  -O                                                                        (1 = 0.6%) {77.8%}
3276  ... 
3279  -O                                                                        (1 = 0.6%) {78.4%}
3280  ... 
3307  -O                                                                        (1 = 0.6%) {79.0%}
3308  -O                                                                        (1 = 0.6%) {79.6%}
3309  ... 
3349  -O                                                                        (1 = 0.6%) {80.2%}
3350  ... 
3359  -O                                                                        (1 = 0.6%) {80.9%}
3360  ... 
3409  -O                                                                        (1 = 0.6%) {81.5%}
3410  ... 
3444  -O                                                                        (1 = 0.6%) {82.1%}
3445  ... 
3580  -O                                                                        (1 = 0.6%) {82.7%}
3581  -O                                                                        (1 = 0.6%) {83.3%}
3582  ... 
3698  -O                                                                        (1 = 0.6%) {84.0%}
3699  ... 
3789  -O                                                                        (1 = 0.6%) {84.6%}
3790  -O                                                                        (1 = 0.6%) {85.2%}
3791  ... 
3797  -O                                                                        (1 = 0.6%) {85.8%}
3798  ... 
3803  -O                                                                        (1 = 0.6%) {86.4%}
3804  ... 
3870  -O                                                                        (1 = 0.6%) {87.0%}
3871  ... 
3945  -O                                                                        (1 = 0.6%) {87.7%}
3946  ... 
3973  -O                                                                        (1 = 0.6%) {88.3%}
3974  ... 
4007  -O                                                                        (1 = 0.6%) {88.9%}
4008  ... 
4079  -O                                                                        (1 = 0.6%) {89.5%}
4080  ... 
4113  -O                                                                        (1 = 0.6%) {90.1%}
4114  ... 
4177  -O                                                                        (1 = 0.6%) {90.7%}
4178  ... 
4194  -O                                                                        (1 = 0.6%) {91.4%}
4195  O                                                                         (0 = 0.0%) {92.0%}
4196  -O                                                                        (1 = 0.6%) {92.0%}
4197  ... 
4240  -O                                                                        (1 = 0.6%) {92.6%}
4241  O                                                                         (0 = 0.0%) {93.2%}
4242  -O                                                                        (1 = 0.6%) {93.2%}
4243  ... 
4317  -O                                                                        (1 = 0.6%) {93.8%}
4318  ... 
4346  -O                                                                        (1 = 0.6%) {94.4%}
4347  ... 
4372  -O                                                                        (1 = 0.6%) {95.1%}
4373  ... 
4379  -O                                                                        (1 = 0.6%) {95.7%}
4380  ... 
4419  -O                                                                        (1 = 0.6%) {96.3%}
4420  ... 
4561  -O                                                                        (1 = 0.6%) {96.9%}
4562  ... 
4673  -O                                                                        (1 = 0.6%) {97.5%}
4674  ... 
4743  -O                                                                        (1 = 0.6%) {98.1%}
4744  ... 
4877  -O                                                                        (1 = 0.6%) {98.8%}
4878  ... 
4994  -O                                                                        (1 = 0.6%) {99.4%}
4995  ... 

Histogram: Blink.UseCounter.PermissionsPolicy.Allow2 recorded 0 samples (flags = 0x41)
0 ... 

Histogram: Blink.UseCounter.PermissionsPolicy.Header2 recorded 0 samples (flags = 0x41)
0 ... 

Histogram: Blink.UseCounter.PermissionsPolicy.Violation.Enforce recorded 0 samples (flags = 0x41)
0 ... 

Histogram: Blink.UseCounter.WebDXFeatures recorded 16 samples, mean = 40.2 (flags = 0x41)
0   ... 
5   -O                                                                        (1 = 6.2%) {0.0%}
6   ... 
8   -O                                                                        (1 = 6.2%) {6.2%}
9   -O                                                                        (1 = 6.2%) {12.5%}
10  O                                                                         (0 = 0.0%) {18.8%}
11  -O                                                                        (1 = 6.2%) {18.8%}
12  ... 
27  -O                                                                        (1 = 6.2%) {25.0%}
28  -O                                                                        (1 = 6.2%) {31.2%}
29  -O                                                                        (1 = 6.2%) {37.5%}
30  ... 
38  -O                                                                        (1 = 6.2%) {43.8%}
39  -O                                                                        (1 = 6.2%) {50.0%}
40  ... 
45  -O                                                                        (1 = 6.2%) {56.2%}
46  -O                                                                        (1 = 6.2%) {62.5%}
47  ... 
58  -O                                                                        (1 = 6.2%) {68.8%}
59  ... 
68  -O                                                                        (1 = 6.2%) {75.0%}
69  ... 
71  -O                                                                        (1 = 6.2%) {81.2%}
72  ... 
79  -O                                                                        (1 = 6.2%) {87.5%}
80  ... 
83  -O                                                                        (1 = 6.2%) {93.8%}
84  ... 

Histogram: Blink.UserDrivenDocumentUpdate.UpdateTime.PreFCP recorded 1 samples, mean = 11.0 (flags = 0x41)
0   ... 
11  -O                                                                        (1 = 100.0%) {0.0%}
15  ... 

Histogram: Bookmarks.BookmarkBar.Shown recorded 1 samples, mean = 0.0 (flags = 0x41)
0  -O                                                                        (1 = 100.0%)
1  ... 

Histogram: Bookmarks.Count.OnProfileLoad3 recorded 1 samples, mean = 0.0 (flags = 0x41)
0  -O                                                                        (1 = 100.0%)
1  ... 

Histogram: Bookmarks.Storage.TimeToLoadAtStartup2 recorded 1 samples, mean = 4045.0 (flags = 0x41)
0     ... 
3553  -O                                                                        (1 = 100.0%) {0.0%}
4222  ... 

Histogram: Bookmarks.Times.OnProfileLoad.TimeSinceAdded3 recorded 1 samples, mean = 0.0 (flags = 0x41)
0  -O                                                                        (1 = 100.0%)
1  ... 

Histogram: Bookmarks.Utilization.OnProfileLoad.PercentageUsed recorded 1 samples, mean = 0.0 (flags = 0x41)
0  -O                                                                        (1 = 100.0%)
1  ... 

Histogram: Bookmarks.Utilization.OnProfileLoad.TotalUnused recorded 1 samples, mean = 0.0 (flags = 0x41)
0  -O                                                                        (1 = 100.0%)
1  ... 

Histogram: Bookmarks.Utilization.OnProfileLoad.TotalUsed recorded 1 samples, mean = 0.0 (flags = 0x41)
0  -O                                                                        (1 = 100.0%)
1  ... 

Histogram: BrotliFilter.CompressionPercent recorded 32 samples, mean = 35.7 (flags = 0x41)
0    ... 
10   -O                                                                        (1 = 3.1%) {0.0%}
11   -O                                                                        (1 = 3.1%) {3.1%}
12   --O                                                                       (2 = 6.2%) {6.2%}
13   -O                                                                        (1 = 3.1%) {12.5%}
14   -O                                                                        (1 = 3.1%) {15.6%}
15   -O                                                                        (1 = 3.1%) {18.8%}
16   O                                                                         (0 = 0.0%) {21.9%}
17   -O                                                                        (1 = 3.1%) {21.9%}
18   -O                                                                        (1 = 3.1%) {25.0%}
19   -O                                                                        (1 = 3.1%) {28.1%}
20   -O                                                                        (1 = 3.1%) {31.2%}
21   ... 
24   -O                                                                        (1 = 3.1%) {34.4%}
25   -O                                                                        (1 = 3.1%) {37.5%}
26   -O                                                                        (1 = 3.1%) {40.6%}
27   -O                                                                        (1 = 3.1%) {43.8%}
28   -O                                                                        (1 = 3.1%) {46.9%}
29   ---O                                                                      (3 = 9.4%) {50.0%}
30   -O                                                                        (1 = 3.1%) {59.4%}
31   ... 
33   -O                                                                        (1 = 3.1%) {62.5%}
34   -O                                                                        (1 = 3.1%) {65.6%}
35   O                                                                         (0 = 0.0%) {68.8%}
36   -O                                                                        (1 = 3.1%) {68.8%}
37   ... 
43   -O                                                                        (1 = 3.1%) {71.9%}
44   O                                                                         (0 = 0.0%) {75.0%}
45   -O                                                                        (1 = 3.1%) {75.0%}
46   ... 
48   -O                                                                        (1 = 3.1%) {78.1%}
49   -O                                                                        (1 = 3.1%) {81.2%}
50   -O                                                                        (1 = 3.1%) {84.4%}
51   -O                                                                        (1 = 3.1%) {87.5%}
52   ... 
85   -O                                                                        (1 = 3.1%) {90.6%}
86   ... 
101  --O                                                                       (2 = 6.2%) {93.8%}

Histogram: BrotliFilter.Status recorded 32 samples, mean = 1.0 (flags = 0x41)
0  O                                                                         (0 = 0.0%)
1  --------------------------------O                                         (32 = 100.0%) {0.0%}
2  ... 

Histogram: BrotliFilter.UsedMemoryKB recorded 32 samples, mean = 187.4 (flags = 0x41)
0    ... 
16   --O                                                                       (2 = 6.2%) {0.0%}
20   O                                                                         (0 = 0.0%) {6.2%}
25   ----O                                                                     (4 = 12.5%) {6.2%}
31   -----O                                                                    (5 = 15.6%) {18.8%}
39   -O                                                                        (1 = 3.1%) {34.4%}
49   -O                                                                        (1 = 3.1%) {37.5%}
61   ----O                                                                     (4 = 12.5%) {40.6%}
76   -O                                                                        (1 = 3.1%) {53.1%}
95   O                                                                         (0 = 0.0%) {56.2%}
119  --O                                                                       (2 = 6.2%) {56.2%}
149  -O                                                                        (1 = 3.1%) {62.5%}
187  ---O                                                                      (3 = 9.4%) {65.6%}
234  ... 
367  ------O                                                                   (6 = 18.8%) {75.0%}
460  ... 
722  --O                                                                       (2 = 6.2%) {93.8%}
905  ... 

Histogram: Browser.MainThreadsCongestion.RunningOnly recorded 62 samples, mean = 0.0 (flags = 0x41)
0  --------------------------------------------------------------O           (62 = 100.0%)
1  ... 

Histogram: Browser.MainThreadsCongestion.RunningOnly.Initial recorded 1 samples, mean = 0.0 (flags = 0x41)
0  -O                                                                        (1 = 100.0%)
1  ... 

Histogram: Browser.Responsiveness.IOJanksTotalPerMinute recorded 31 samples, mean = 0.0 (flags = 0x41)
0  -------------------------------O                                          (31 = 100.0%)
1  ... 

Histogram: Browser.Responsiveness.IOJankyIntervalsPerMinute recorded 31 samples, mean = 0.0 (flags = 0x41)
0  -------------------------------O                                          (31 = 100.0%)
1  ... 

Histogram: BrowserRenderProcessHost.Cleanup.DelayReason recorded 10 samples, mean = 7.2 (flags = 0x41)
0  --O                                                                       (2 = 20.0%)
1  ... 
9  --------O                                                                 (8 = 80.0%) {20.0%}
10 ... 

Histogram: BrowserRenderProcessHost.Cleanup.Total recorded 10 samples, mean = 1.0 (flags = 0x41)
0  O                                                                         (0 = 0.0%)
1  ----------O                                                               (10 = 100.0%) {0.0%}
2  O                                                                         (0 = 0.0%) {100.0%}

Histogram: BrowserRenderProcessHost.ExistingRendererIsInitializedAndNotDead recorded 1 samples, mean = 1.0 (flags = 0x41)
0  O                                                                         (0 = 0.0%)
1  -O                                                                        (1 = 100.0%) {0.0%}
2  O                                                                         (0 = 0.0%) {100.0%}

Histogram: BrowserRenderProcessHost.FastShutdownIfPossible.DelayReason recorded 1 samples, mean = 4.0 (flags = 0x41)
0  ... 
4  -O                                                                        (1 = 100.0%) {0.0%}
5  ... 

Histogram: BrowserRenderProcessHost.FastShutdownIfPossible.Total recorded 1 samples, mean = 1.0 (flags = 0x41)
0  O                                                                         (0 = 0.0%)
1  -O                                                                        (1 = 100.0%) {0.0%}
2  O                                                                         (0 = 0.0%) {100.0%}

Histogram: BrowserRenderProcessHost.SpareProcessEvictedOtherSpare recorded 3 samples, mean = 0.0 (flags = 0x41)
0  ---O                                                                      (3 = 100.0%)
1  ... 

Histogram: BrowserRenderProcessHost.SpareProcessMaybeTakeAction recorded 2 samples, mean = 2.0 (flags = 0x41)
0  -O                                                                        (1 = 50.0%)
1  ... 
4  -O                                                                        (1 = 50.0%) {50.0%}
5  ... 

Histogram: BrowserRenderProcessHost.SpareProcessStartupTime recorded 1 samples, mean = 5032.0 (flags = 0x41)
0     ... 
5017  -O                                                                        (1 = 100.0%) {0.0%}
5961  ... 

Histogram: BrowserSwitcher.ExternalGreylistSize recorded 1 samples, mean = 0.0 (flags = 0x41)
0  -O                                                                        (1 = 100.0%)
1  ... 

Histogram: BrowserSwitcher.ExternalSitelistSize recorded 1 samples, mean = 0.0 (flags = 0x41)
0  -O                                                                        (1 = 100.0%)
1  ... 

Histogram: BrowserSwitcher.IeemSitelistSize recorded 1 samples, mean = 0.0 (flags = 0x41)
0  -O                                                                        (1 = 100.0%)
1  ... 

Histogram: BrowsingTopics.BrowsingTopicsState.LoadFinishStatus recorded 1 samples, mean = 1.0 (flags = 0x41)
0  O                                                                         (0 = 0.0%)
1  -O                                                                        (1 = 100.0%) {0.0%}
2  O                                                                         (0 = 0.0%) {100.0%}

Histogram: BrowsingTopics.SiteDataStorage.FileSize.KB recorded 1 samples, mean = 28.0 (flags = 0x41)
0   ... 
28  -O                                                                        (1 = 100.0%) {0.0%}
37  ... 

Histogram: BrowsingTopics.SiteDataStorage.InitStatus recorded 1 samples, mean = 1.0 (flags = 0x41)
0  O                                                                         (0 = 0.0%)
1  -O                                                                        (1 = 100.0%) {0.0%}
2  O                                                                         (0 = 0.0%) {100.0%}

Histogram: CPU.Experimental.CpuEstimationTaskMigrated recorded 6 samples, mean = 0.0 (flags = 0x41)
0  ------O                                                                   (6 = 100.0%)
1  ... 

Histogram: CPU.Experimental.CpuEstimationTaskQueuedTime.Performance recorded 6 samples, mean = 21.7 (flags = 0x41)
0   ... 
9   -O                                                                        (1 = 16.7%) {0.0%}
12  --O                                                                       (2 = 33.3%) {16.7%}
16  O                                                                         (0 = 0.0%) {50.0%}
21  --O                                                                       (2 = 33.3%) {50.0%}
28  ... 
49  -O                                                                        (1 = 16.7%) {83.3%}
65  ... 

Histogram: CPU.Experimental.CpuEstimationTaskThreadTime.Performance recorded 6 samples, mean = 112.3 (flags = 0x41)
0    ... 
86   ----O                                                                     (4 = 66.7%) {0.0%}
113  --O                                                                       (2 = 33.3%) {66.7%}
149  ... 

Histogram: CPU.Experimental.CpuEstimationTaskTotalTime.Performance recorded 6 samples, mean = 137.2 (flags = 0x41)
0    ... 
113  -----O                                                                    (5 = 83.3%) {0.0%}
149  -O                                                                        (1 = 16.7%) {83.3%}
196  ... 

Histogram: CPU.Experimental.CpuEstimationTaskWallTime.Performance recorded 6 samples, mean = 115.5 (flags = 0x41)
0    ... 
113  ------O                                                                   (6 = 100.0%) {0.0%}
149  ... 

Histogram: CPU.Experimental.CpuEstimationThreadTimePercent.Performance recorded 6 samples, mean = 97.0 (flags = 0x41)
0   ... 
91  -O                                                                        (1 = 16.7%) {0.0%}
92  ... 
98  ----O                                                                     (4 = 66.7%) {16.7%}
99  -O                                                                        (1 = 16.7%) {83.3%}
100 ... 

Histogram: CPU.Experimental.EstimatedFrequencyAsPercentOfLimit.Performance recorded 6 samples, mean = 205.7 (flags = 0x41)
0    ... 
101  ------O                                                                   (6 = 100.0%) {0.0%}

Histogram: CPU.Experimental.EstimatedFrequencyAsPercentOfMax.Performance recorded 6 samples, mean = 205.7 (flags = 0x41)
0    ... 
101  ------O                                                                   (6 = 100.0%) {0.0%}

Histogram: CertificateType2.BR.Intermediate.ECDSA recorded 6 samples, mean = 256.0 (flags = 0x41)
0    ... 
256  ------O                                                                   (6 = 100.0%) {0.0%}
257  ... 

Histogram: CertificateType2.BR.Intermediate.RSA recorded 14 samples, mean = 2048.0 (flags = 0x41)
0     ... 
2048  --------------O                                                           (14 = 100.0%) {0.0%}
2049  ... 

Histogram: CertificateType2.BR.Leaf.ECDSA recorded 18 samples, mean = 256.0 (flags = 0x41)
0    ... 
256  ------------------O                                                       (18 = 100.0%) {0.0%}
257  ... 

Histogram: CertificateType2.BR.Leaf.RSA recorded 2 samples, mean = 2048.0 (flags = 0x41)
0     ... 
2048  --O                                                                       (2 = 100.0%) {0.0%}
2049  ... 

Histogram: CertificateType2.BR.Root.ECDSA recorded 6 samples, mean = 384.0 (flags = 0x41)
0    ... 
384  ------O                                                                   (6 = 100.0%) {0.0%}
385  ... 

Histogram: CertificateType2.BR.Root.RSA recorded 14 samples, mean = 3803.4 (flags = 0x41)
0     ... 
2048  --O                                                                       (2 = 14.3%) {0.0%}
2049  ... 
4096  ------------O                                                             (12 = 85.7%) {14.3%}
4097  ... 

Histogram: ChildProcess.Launched.UtilityProcessHash recorded 16 samples (flags = 0x41)
-2043041185 -O                                                                        (1 = 6.2%)
-1706449158 ------O                                                                   (6 = 37.5%)
-1468742076 -O                                                                        (1 = 6.2%)
331504207   -O                                                                        (1 = 6.2%)
1411170475  -O                                                                        (1 = 6.2%)
1882216268  ------O                                                                   (6 = 37.5%)

Histogram: ChildProcess.ProcessLifetime.Utility recorded 16 samples, mean = 234459.8 (flags = 0x41)
0        ... 
64       -----------O                                                              (11 = 68.8%) {0.0%}
87       -O                                                                        (1 = 6.2%) {68.8%}
118      ... 
398      -O                                                                        (1 = 6.2%) {75.0%}
539      ... 
4516     -O                                                                        (1 = 6.2%) {81.2%}
6118     ... 
1447542  --O                                                                       (2 = 12.5%) {87.5%}
1961199  ... 

Histogram: Chrome.ProcessSingleton.NotifyResult recorded 1 samples, mean = 0.0 (flags = 0x41)
0  -O                                                                        (1 = 100.0%)
1  ... 

Histogram: Chrome.ProcessSingleton.TimeToCreate recorded 1 samples, mean = 7.0 (flags = 0x41)
0  -O                                                                        (1 = 100.0%)
10 ... 

Histogram: Chrome.SystemNetworkContextManager.NetworkSandboxState recorded 4 samples, mean = 0.0 (flags = 0x41)
0  ----O                                                                     (4 = 100.0%)
1  ... 

Histogram: ChromeElf.Beacon.RetryAttemptsBeforeSuccess recorded 1 samples, mean = 0.0 (flags = 0x41)
0  -O                                                                        (1 = 100.0%)
1  ... 

Histogram: ChromeElf.Beacon.SetupStatus recorded 1 samples, mean = 1.0 (flags = 0x41)
0  O                                                                         (0 = 0.0%)
1  -O                                                                        (1 = 100.0%) {0.0%}
2  ... 

Histogram: ChromeElf.ExtensionPoint.EnableState recorded 1 samples, mean = 1.0 (flags = 0x41)
0  O                                                                         (0 = 0.0%)
1  -O                                                                        (1 = 100.0%) {0.0%}
2  O                                                                         (0 = 0.0%) {100.0%}

Histogram: ClientHints.CriticalCHRestart recorded 1 samples, mean = 0.0 (flags = 0x41)
0  -O                                                                        (1 = 100.0%)
1  ... 

Histogram: ClientHints.FetchLatency_PrefRead recorded 5 samples, mean = 10.4 (flags = 0x41)
0   ... 
6   --O                                                                       (2 = 40.0%) {0.0%}
8   --O                                                                       (2 = 40.0%) {40.0%}
11  ... 
21  -O                                                                        (1 = 20.0%) {80.0%}
29  ... 

Histogram: ClientHints.FetchLatency_PrerenderHost recorded 5 samples, mean = 0.4 (flags = 0x41)
0  ---O                                                                      (3 = 60.0%)
1  --O                                                                       (2 = 40.0%) {60.0%}
2  ... 

Histogram: ClientHints.FetchLatency_Total recorded 5 samples, mean = 10.8 (flags = 0x41)
0   ... 
6   -O                                                                        (1 = 20.0%) {0.0%}
8   ---O                                                                      (3 = 60.0%) {20.0%}
11  ... 
21  -O                                                                        (1 = 20.0%) {80.0%}
29  ... 

Histogram: Commerce.PDPNavigation.ShoppingList.IneligibilityReason recorded 6 samples, mean = 4.0 (flags = 0x41)
0  ... 
3  --O                                                                       (2 = 33.3%) {0.0%}
4  --O                                                                       (2 = 33.3%) {33.3%}
5  --O                                                                       (2 = 33.3%) {66.7%}
6  ... 

Histogram: ComponentUpdater.Calls recorded 1 samples, mean = 1.0 (flags = 0x41)
0  O                                                                         (0 = 0.0%)
1  -O                                                                        (1 = 100.0%) {0.0%}
2  O                                                                         (0 = 0.0%) {100.0%}

Histogram: ComponentUpdater.UpdateCompleteError recorded 1 samples, mean = 0.0 (flags = 0x41)
0  -O                                                                        (1 = 100.0%)
1  ... 

Histogram: ComponentUpdater.UpdateCompleteResult recorded 1 samples, mean = 0.0 (flags = 0x41)
0  -O                                                                        (1 = 100.0%)
1  ... 

Histogram: ComponentUpdater.UpdateCompleteTime recorded 1 samples, mean = 53083.0 (flags = 0x41)
0      ... 
48679  -O                                                                        (1 = 100.0%) {0.0%}
56188  ... 

Histogram: Compositing.Browser.CompositorFrame.Quads recorded 3 samples, mean = 1.0 (flags = 0x41)
0  O                                                                         (0 = 0.0%)
1  ---O                                                                      (3 = 100.0%) {0.0%}
2  ... 

Histogram: Compositing.Browser.LayerTreeImpl.CalculateDrawPropertiesUs recorded 3 samples, mean = 125.0 (flags = 0x41)
0    ... 
7    -O                                                                        (1 = 33.3%) {0.0%}
9    -O                                                                        (1 = 33.3%) {33.3%}
12   ... 
340  -O                                                                        (1 = 33.3%) {66.7%}
448  ... 

Histogram: Compositing.Browser.LayersUpdateTime recorded 3 samples, mean = 271.7 (flags = 0x41)
0    ... 
8    -O                                                                        (1 = 33.3%) {0.0%}
11   ... 
21   -O                                                                        (1 = 33.3%) {33.3%}
29   ... 
752  -O                                                                        (1 = 33.3%) {66.7%}
1043 ... 

Histogram: Compositing.ColorGamut recorded 4 samples, mean = 0.0 (flags = 0x41)
0  ----O                                                                     (4 = 100.0%)
1  ... 

Histogram: Compositing.DecodeLCPCandidateImage.Hardware recorded 1 samples, mean = 0.0 (flags = 0x41)
0  -O                                                                        (1 = 100.0%)
1  ... 

Histogram: Compositing.DidMainThreadBlockDuringCommit recorded 5 samples, mean = 0.0 (flags = 0x41)
0  -----O                                                                    (5 = 100.0%)
1  ... 

Histogram: Compositing.DirectRenderer.OverlayProcessingUs recorded 4 samples, mean = 0.0 (flags = 0x41)
0  ----O                                                                     (4 = 100.0%)
5  ... 

Histogram: Compositing.DirectRenderer.PartialSwap.ExtraDamage recorded 4 samples, mean = 0.0 (flags = 0x41)
0  ----O                                                                     (4 = 100.0%)
1  ... 

Histogram: Compositing.DirectRenderer.PartialSwap.FrameBufferDamage recorded 4 samples, mean = 0.0 (flags = 0x41)
0  ----O                                                                     (4 = 100.0%)
1  ... 

Histogram: Compositing.DirectRenderer.PartialSwap.RootDamage recorded 4 samples, mean = 100.0 (flags = 0x41)
0    ... 
100  ----O                                                                     (4 = 100.0%) {0.0%}
101  O                                                                         (0 = 0.0%) {100.0%}

Histogram: Compositing.DirectRenderer.PartialSwap.TotalDamage recorded 4 samples, mean = 100.0 (flags = 0x41)
0    ... 
100  ----O                                                                     (4 = 100.0%) {0.0%}
101  O                                                                         (0 = 0.0%) {100.0%}

Histogram: Compositing.DirectRenderer.SkipAllNonRootRenderPassesPerFrame recorded 2 samples, mean = 0.0 (flags = 0x41)
0  --O                                                                       (2 = 100.0%)
1  ... 

Histogram: Compositing.DirectRenderer.SkipNonRootRenderPass recorded 2 samples, mean = 0.0 (flags = 0x41)
0  --O                                                                       (2 = 100.0%)
1  ... 

Histogram: Compositing.DirectRenderer.TotalPixelsRendered recorded 4 samples, mean = 6.0 (flags = 0x41)
0  ... 
4  --O                                                                       (2 = 50.0%) {0.0%}
6  --O                                                                       (2 = 50.0%) {50.0%}
9  ... 

Histogram: Compositing.Display.Draw.Occlusion.Calculation.Time recorded 4 samples, mean = 6.5 (flags = 0x41)
0   O                                                                         (0 = 0.0%)
1   -O                                                                        (1 = 25.0%) {0.0%}
2   ... 
4   -O                                                                        (1 = 25.0%) {25.0%}
5   ... 
9   -O                                                                        (1 = 25.0%) {50.0%}
10  ... 
12  -O                                                                        (1 = 25.0%) {75.0%}
14  ... 

Histogram: Compositing.Display.Draw.Quads recorded 4 samples, mean = 2.0 (flags = 0x41)
0  O                                                                         (0 = 0.0%)
1  --O                                                                       (2 = 50.0%) {0.0%}
2  O                                                                         (0 = 0.0%) {50.0%}
3  --O                                                                       (2 = 50.0%) {50.0%}
4  ... 

Histogram: Compositing.Display.DrawToSwapUs recorded 4 samples, mean = 6191.5 (flags = 0x41)
0      ... 
404    -O                                                                        (1 = 25.0%) {0.0%}
490    -O                                                                        (1 = 25.0%) {25.0%}
594    ... 
7277   -O                                                                        (1 = 25.0%) {50.0%}
8824   ... 
12974  -O                                                                        (1 = 25.0%) {75.0%}
15732  ... 

Histogram: Compositing.Display.FlattenedRenderPassCount recorded 4 samples, mean = 1.5 (flags = 0x41)
0  O                                                                         (0 = 0.0%)
1  --O                                                                       (2 = 50.0%) {0.0%}
2  --O                                                                       (2 = 50.0%) {50.0%}
3  ... 

Histogram: Compositing.Display.PendingSwaps recorded 4 samples, mean = 1.0 (flags = 0x41)
0  O                                                                         (0 = 0.0%)
1  ----O                                                                     (4 = 100.0%) {0.0%}
2  ... 

Histogram: Compositing.Display.VizDependencyResolvedToGpuStartedDrawUs recorded 4 samples, mean = 24.5 (flags = 0x41)
0   ... 
18  -O                                                                        (1 = 25.0%) {0.0%}
22  -O                                                                        (1 = 25.0%) {25.0%}
27  --O                                                                       (2 = 50.0%) {50.0%}
33  ... 

Histogram: Compositing.Display.VizScheduledDrawToDependencyResolvedUs recorded 4 samples, mean = 3.2 (flags = 0x41)
0  ----O                                                                     (4 = 100.0%)
5  ... 

Histogram: Compositing.Display.VizScheduledDrawToGpuStartedDrawUs recorded 4 samples, mean = 27.8 (flags = 0x41)
0   ... 
22  --O                                                                       (2 = 50.0%) {0.0%}
27  --O                                                                       (2 = 50.0%) {50.0%}
33  ... 

Histogram: Compositing.Renderer.CompositorFrame.Quads recorded 1 samples, mean = 2.0 (flags = 0x41)
0  ... 
2  -O                                                                        (1 = 100.0%) {0.0%}
3  ... 

Histogram: Compositing.Renderer.LayersUpdateTime recorded 3 samples, mean = 200.0 (flags = 0x41)
0    ... 
11   --O                                                                       (2 = 66.7%) {0.0%}
15   ... 
542  -O                                                                        (1 = 33.3%) {66.7%}
752  ... 

Histogram: Compositing.Renderer.NumRenderSurfaces recorded 4 samples, mean = 1.0 (flags = 0x41)
0  O                                                                         (0 = 0.0%)
1  ----O                                                                     (4 = 100.0%) {0.0%}
2  ... 

Histogram: Compositing.SurfaceAggregator.AggregateUs recorded 4 samples, mean = 9091.8 (flags = 0x41)
0      ... 
28     --O                                                                       (2 = 50.0%) {0.0%}
37     ... 
1347   -O                                                                        (1 = 25.0%) {50.0%}
1774   ... 
27864  -O                                                                        (1 = 25.0%) {75.0%}
36699  ... 

Histogram: Compositing.SurfaceAggregator.CopiedSurfaceCount recorded 4 samples, mean = 1.5 (flags = 0x41)
0  O                                                                         (0 = 0.0%)
1  --O                                                                       (2 = 50.0%) {0.0%}
2  --O                                                                       (2 = 50.0%) {50.0%}
3  ... 

Histogram: Compositing.SurfaceAggregator.CopyUs recorded 4 samples, mean = 137.5 (flags = 0x41)
0    ... 
6    -O                                                                        (1 = 25.0%) {0.0%}
7    O                                                                         (0 = 0.0%) {25.0%}
8    -O                                                                        (1 = 25.0%) {25.0%}
9    ... 
103  -O                                                                        (1 = 25.0%) {50.0%}
121  ... 
426  -O                                                                        (1 = 25.0%) {75.0%}
499  ... 

Histogram: Compositing.SurfaceAggregator.HasCopyRequestsPerFrame recorded 4 samples, mean = 0.2 (flags = 0x41)
0  ---O                                                                      (3 = 75.0%)
1  -O                                                                        (1 = 25.0%) {75.0%}
2  O                                                                         (0 = 0.0%) {100.0%}

Histogram: Compositing.SurfaceAggregator.HasPixelMovingBackdropFiltersPerFrame recorded 4 samples, mean = 0.0 (flags = 0x41)
0  ----O                                                                     (4 = 100.0%)
1  ... 

Histogram: Compositing.SurfaceAggregator.HasPixelMovingFiltersPerFrame recorded 4 samples, mean = 0.0 (flags = 0x41)
0  ----O                                                                     (4 = 100.0%)
1  ... 

Histogram: Compositing.SurfaceAggregator.HasUnembeddedRenderPassesPerFrame recorded 4 samples, mean = 0.0 (flags = 0x41)
0  ----O                                                                     (4 = 100.0%)
1  ... 

Histogram: Compositing.SurfaceAggregator.PrewalkUs recorded 4 samples, mean = 8786.0 (flags = 0x41)
0      ... 
15     -O                                                                        (1 = 25.0%) {0.0%}
18     -O                                                                        (1 = 25.0%) {25.0%}
21     ... 
584    -O                                                                        (1 = 25.0%) {50.0%}
684    ... 
10000  -O                                                                        (1 = 25.0%) {75.0%}

Histogram: Compositing.SurfaceAggregator.PrewalkedSurfaceCount recorded 4 samples, mean = 1.5 (flags = 0x41)
0  O                                                                         (0 = 0.0%)
1  --O                                                                       (2 = 50.0%) {0.0%}
2  --O                                                                       (2 = 50.0%) {50.0%}
3  ... 

Histogram: Compositing.SurfaceManager.MarkForDestructionToDestroy recorded 1 samples, mean = 118.0 (flags = 0x41)
0    ... 
114  -O                                                                        (1 = 100.0%) {0.0%}
135  ... 

Histogram: Content.Classification.OpenGraph recorded 1 samples, mean = 4.0 (flags = 0x41)
0  ... 
4  -O                                                                        (1 = 100.0%) {0.0%}
5  ... 

Histogram: ContentSettings.AllowStorageAccessSync recorded 4 samples, mean = 0.0 (flags = 0x41)
0  ----O                                                                     (4 = 100.0%)
1  ... 

Histogram: ContentSettings.GetContentSetting.Network.Duration recorded 378 samples, mean = 0.4 (flags = 0x41)
0  ------------------------------------------------------------------------O (270 = 71.4%)
1  ---------------------O                                                    (78 = 20.6%) {71.4%}
2  -----O                                                                    (19 = 5.0%) {92.1%}
3  -O                                                                        (5 = 1.3%) {97.1%}
4  -O                                                                        (4 = 1.1%) {98.4%}
5  -O                                                                        (2 = 0.5%) {99.5%}
7  ... 

Histogram: ContentSettings.GetCookieSettingInternal.Duration recorded 117 samples, mean = 5.4 (flags = 0x41)
0   ------O                                                                   (6 = 5.1%)
1   ----------------------------------------------------O                     (52 = 44.4%) {5.1%}
2   ---------------O                                                          (15 = 12.8%) {49.6%}
3   --------O                                                                 (8 = 6.8%) {62.4%}
4   --O                                                                       (2 = 1.7%) {69.2%}
5   --------O                                                                 (8 = 6.8%) {70.9%}
7   --------O                                                                 (8 = 6.8%) {77.8%}
9   O                                                                         (0 = 0.0%) {84.6%}
12  -----O                                                                    (5 = 4.3%) {84.6%}
16  -----O                                                                    (5 = 4.3%) {88.9%}
21  ---O                                                                      (3 = 2.6%) {93.2%}
28  ---O                                                                      (3 = 2.6%) {95.7%}
37  --O                                                                       (2 = 1.7%) {98.3%}
49  ... 

Histogram: ContentSettings.NumberOfExceptions recorded 1 samples, mean = 4.0 (flags = 0x41)
0  ... 
4  -O                                                                        (1 = 100.0%) {0.0%}
5  ... 

Histogram: ContentSettings.Popups.StrongBlockerActions recorded 1 samples, mean = 0.0 (flags = 0x41)
0  -O                                                                        (1 = 100.0%)
1  ... 

Histogram: ContentSettings.RegularProfile.DefaultAutoVerifySetting recorded 1 samples, mean = 1.0 (flags = 0x41)
0  O                                                                         (0 = 0.0%)
1  -O                                                                        (1 = 100.0%) {0.0%}
2  ... 

Histogram: ContentSettings.RegularProfile.DefaultAutoplaySetting recorded 1 samples, mean = 1.0 (flags = 0x41)
0  O                                                                         (0 = 0.0%)
1  -O                                                                        (1 = 100.0%) {0.0%}
2  ... 

Histogram: ContentSettings.RegularProfile.DefaultBackgroundSyncSetting recorded 1 samples, mean = 1.0 (flags = 0x41)
0  O                                                                         (0 = 0.0%)
1  -O                                                                        (1 = 100.0%) {0.0%}
2  ... 

Histogram: ContentSettings.RegularProfile.DefaultCookiesSetting recorded 1 samples, mean = 1.0 (flags = 0x41)
0  O                                                                         (0 = 0.0%)
1  -O                                                                        (1 = 100.0%) {0.0%}
2  ... 

Histogram: ContentSettings.RegularProfile.DefaultIdleDetectionSetting recorded 1 samples, mean = 3.0 (flags = 0x41)
0  ... 
3  -O                                                                        (1 = 100.0%) {0.0%}
4  ... 

Histogram: ContentSettings.RegularProfile.DefaultImagesSetting recorded 1 samples, mean = 1.0 (flags = 0x41)
0  O                                                                         (0 = 0.0%)
1  -O                                                                        (1 = 100.0%) {0.0%}
2  ... 

Histogram: ContentSettings.RegularProfile.DefaultJavaScriptSetting recorded 1 samples, mean = 1.0 (flags = 0x41)
0  O                                                                         (0 = 0.0%)
1  -O                                                                        (1 = 100.0%) {0.0%}
2  ... 

Histogram: ContentSettings.RegularProfile.DefaultLocationSetting recorded 1 samples, mean = 3.0 (flags = 0x41)
0  ... 
3  -O                                                                        (1 = 100.0%) {0.0%}
4  ... 

Histogram: ContentSettings.RegularProfile.DefaultMIDISysExSetting recorded 1 samples, mean = 3.0 (flags = 0x41)
0  ... 
3  -O                                                                        (1 = 100.0%) {0.0%}
4  ... 

Histogram: ContentSettings.RegularProfile.DefaultMediaStreamCameraSetting recorded 1 samples, mean = 3.0 (flags = 0x41)
0  ... 
3  -O                                                                        (1 = 100.0%) {0.0%}
4  ... 

Histogram: ContentSettings.RegularProfile.DefaultMediaStreamMicSetting recorded 1 samples, mean = 3.0 (flags = 0x41)
0  ... 
3  -O                                                                        (1 = 100.0%) {0.0%}
4  ... 

Histogram: ContentSettings.RegularProfile.DefaultNotificationsSetting recorded 1 samples, mean = 3.0 (flags = 0x41)
0  ... 
3  -O                                                                        (1 = 100.0%) {0.0%}
4  ... 

Histogram: ContentSettings.RegularProfile.DefaultPopupsSetting recorded 1 samples, mean = 2.0 (flags = 0x41)
0  ... 
2  -O                                                                        (1 = 100.0%) {0.0%}
3  ... 

Histogram: ContentSettings.RegularProfile.DefaultSoundSetting recorded 1 samples, mean = 1.0 (flags = 0x41)
0  O                                                                         (0 = 0.0%)
1  -O                                                                        (1 = 100.0%) {0.0%}
2  ... 

Histogram: ContentSettings.RegularProfile.DefaultStorageAccessSetting recorded 1 samples, mean = 3.0 (flags = 0x41)
0  ... 
3  -O                                                                        (1 = 100.0%) {0.0%}
4  ... 

Histogram: ContentSettings.RegularProfile.DefaultSubresourceFilterSetting recorded 1 samples, mean = 2.0 (flags = 0x41)
0  ... 
2  -O                                                                        (1 = 100.0%) {0.0%}
3  ... 

Histogram: ContentSettings.RegularProfile.DefaultUsbGuardSetting recorded 1 samples, mean = 3.0 (flags = 0x41)
0  ... 
3  -O                                                                        (1 = 100.0%) {0.0%}
4  ... 

Histogram: ContentSettings.RegularProfile.DefaultWebBluetoothGuardSetting recorded 1 samples, mean = 3.0 (flags = 0x41)
0  ... 
3  -O                                                                        (1 = 100.0%) {0.0%}
4  ... 

Histogram: ContentSettings.RegularProfile.Exceptions.3pcd-heuristics-grants recorded 1 samples, mean = 0.0 (flags = 0x41)
0  -O                                                                        (1 = 100.0%)
1  ... 

Histogram: ContentSettings.RegularProfile.Exceptions.3pcd-support recorded 1 samples, mean = 0.0 (flags = 0x41)
0  -O                                                                        (1 = 100.0%)
1  ... 

Histogram: ContentSettings.RegularProfile.Exceptions.abusive-notification-permissions recorded 1 samples, mean = 0.0 (flags = 0x41)
0  -O                                                                        (1 = 100.0%)
1  ... 

Histogram: ContentSettings.RegularProfile.Exceptions.access-to-get-all-screens-media-in-session recorded 1 samples, mean = 0.0 (flags = 0x41)
0  -O                                                                        (1 = 100.0%)
1  ... 

Histogram: ContentSettings.RegularProfile.Exceptions.accessibility-events recorded 1 samples, mean = 0.0 (flags = 0x41)
0  -O                                                                        (1 = 100.0%)
1  ... 

Histogram: ContentSettings.RegularProfile.Exceptions.anti-abuse recorded 1 samples, mean = 0.0 (flags = 0x41)
0  -O                                                                        (1 = 100.0%)
1  ... 

Histogram: ContentSettings.RegularProfile.Exceptions.app-banner recorded 1 samples, mean = 0.0 (flags = 0x41)
0  -O                                                                        (1 = 100.0%)
1  ... 

Histogram: ContentSettings.RegularProfile.Exceptions.ar recorded 1 samples, mean = 0.0 (flags = 0x41)
0  -O                                                                        (1 = 100.0%)
1  ... 

Histogram: ContentSettings.RegularProfile.Exceptions.auto-picture-in-picture recorded 1 samples, mean = 0.0 (flags = 0x41)
0  -O                                                                        (1 = 100.0%)
1  ... 

Histogram: ContentSettings.RegularProfile.Exceptions.auto-select-certificate recorded 1 samples, mean = 0.0 (flags = 0x41)
0  -O                                                                        (1 = 100.0%)
1  ... 

Histogram: ContentSettings.RegularProfile.Exceptions.automatic-downloads recorded 1 samples, mean = 0.0 (flags = 0x41)
0  -O                                                                        (1 = 100.0%)
1  ... 

Histogram: ContentSettings.RegularProfile.Exceptions.automatic-fullscreen recorded 1 samples, mean = 0.0 (flags = 0x41)
0  -O                                                                        (1 = 100.0%)
1  ... 

Histogram: ContentSettings.RegularProfile.Exceptions.autoplay recorded 1 samples, mean = 0.0 (flags = 0x41)
0  -O                                                                        (1 = 100.0%)
1  ... 

Histogram: ContentSettings.RegularProfile.Exceptions.background-sync recorded 1 samples, mean = 0.0 (flags = 0x41)
0  -O                                                                        (1 = 100.0%)
1  ... 

Histogram: ContentSettings.RegularProfile.Exceptions.bluetooth-chooser-data recorded 1 samples, mean = 0.0 (flags = 0x41)
0  -O                                                                        (1 = 100.0%)
1  ... 

Histogram: ContentSettings.RegularProfile.Exceptions.bluetooth-guard recorded 1 samples, mean = 0.0 (flags = 0x41)
0  -O                                                                        (1 = 100.0%)
1  ... 

Histogram: ContentSettings.RegularProfile.Exceptions.bluetooth-scanning recorded 1 samples, mean = 0.0 (flags = 0x41)
0  -O                                                                        (1 = 100.0%)
1  ... 

Histogram: ContentSettings.RegularProfile.Exceptions.camera-pan-tilt-zoom recorded 1 samples, mean = 0.0 (flags = 0x41)
0  -O                                                                        (1 = 100.0%)
1  ... 

Histogram: ContentSettings.RegularProfile.Exceptions.captured-surface-control recorded 1 samples, mean = 0.0 (flags = 0x41)
0  -O                                                                        (1 = 100.0%)
1  ... 

Histogram: ContentSettings.RegularProfile.Exceptions.client-hints recorded 1 samples, mean = 1.0 (flags = 0x41)
0  O                                                                         (0 = 0.0%)
1  -O                                                                        (1 = 100.0%) {0.0%}
2  ... 

Histogram: ContentSettings.RegularProfile.Exceptions.clipboard recorded 1 samples, mean = 0.0 (flags = 0x41)
0  -O                                                                        (1 = 100.0%)
1  ... 

Histogram: ContentSettings.RegularProfile.Exceptions.cookie-controls-metadata recorded 1 samples, mean = 0.0 (flags = 0x41)
0  -O                                                                        (1 = 100.0%)
1  ... 

Histogram: ContentSettings.RegularProfile.Exceptions.cookies recorded 1 samples, mean = 0.0 (flags = 0x41)
0  -O                                                                        (1 = 100.0%)
1  ... 

Histogram: ContentSettings.RegularProfile.Exceptions.cookies.Allow recorded 1 samples, mean = 0.0 (flags = 0x41)
0  -O                                                                        (1 = 100.0%)
1  ... 

Histogram: ContentSettings.RegularProfile.Exceptions.cookies.AllowThirdParty recorded 1 samples, mean = 0.0 (flags = 0x41)
0  -O                                                                        (1 = 100.0%)
1  ... 

Histogram: ContentSettings.RegularProfile.Exceptions.cookies.Block recorded 1 samples, mean = 0.0 (flags = 0x41)
0  -O                                                                        (1 = 100.0%)
1  ... 

Histogram: ContentSettings.RegularProfile.Exceptions.cookies.DomainWildcardAllowThirdParty recorded 1 samples, mean = 0.0 (flags = 0x41)
0  -O                                                                        (1 = 100.0%)
1  ... 

Histogram: ContentSettings.RegularProfile.Exceptions.cookies.SessionOnly recorded 1 samples, mean = 0.0 (flags = 0x41)
0  -O                                                                        (1 = 100.0%)
1  ... 

Histogram: ContentSettings.RegularProfile.Exceptions.cookies.TemporaryAllowThirdParty recorded 1 samples, mean = 0.0 (flags = 0x41)
0  -O                                                                        (1 = 100.0%)
1  ... 

Histogram: ContentSettings.RegularProfile.Exceptions.direct-sockets recorded 1 samples, mean = 0.0 (flags = 0x41)
0  -O                                                                        (1 = 100.0%)
1  ... 

Histogram: ContentSettings.RegularProfile.Exceptions.display-media-system-audio recorded 1 samples, mean = 0.0 (flags = 0x41)
0  -O                                                                        (1 = 100.0%)
1  ... 

Histogram: ContentSettings.RegularProfile.Exceptions.durable-storage recorded 1 samples, mean = 0.0 (flags = 0x41)
0  -O                                                                        (1 = 100.0%)
1  ... 

Histogram: ContentSettings.RegularProfile.Exceptions.fedcm-idp-registration recorded 1 samples, mean = 0.0 (flags = 0x41)
0  -O                                                                        (1 = 100.0%)
1  ... 

Histogram: ContentSettings.RegularProfile.Exceptions.fedcm-idp-signin recorded 1 samples, mean = 1.0 (flags = 0x41)
0  O                                                                         (0 = 0.0%)
1  -O                                                                        (1 = 100.0%) {0.0%}
2  ... 

Histogram: ContentSettings.RegularProfile.Exceptions.fedcm-share recorded 1 samples, mean = 0.0 (flags = 0x41)
0  -O                                                                        (1 = 100.0%)
1  ... 

Histogram: ContentSettings.RegularProfile.Exceptions.file-system-access-chooser-data recorded 1 samples, mean = 0.0 (flags = 0x41)
0  -O                                                                        (1 = 100.0%)
1  ... 

Histogram: ContentSettings.RegularProfile.Exceptions.file-system-access-extended-permission recorded 1 samples, mean = 0.0 (flags = 0x41)
0  -O                                                                        (1 = 100.0%)
1  ... 

Histogram: ContentSettings.RegularProfile.Exceptions.file-system-access-restore-permission recorded 1 samples, mean = 0.0 (flags = 0x41)
0  -O                                                                        (1 = 100.0%)
1  ... 

Histogram: ContentSettings.RegularProfile.Exceptions.file-system-last-picked-directory recorded 1 samples, mean = 0.0 (flags = 0x41)
0  -O                                                                        (1 = 100.0%)
1  ... 

Histogram: ContentSettings.RegularProfile.Exceptions.file-system-read-guard recorded 1 samples, mean = 0.0 (flags = 0x41)
0  -O                                                                        (1 = 100.0%)
1  ... 

Histogram: ContentSettings.RegularProfile.Exceptions.file-system-write-guard recorded 1 samples, mean = 0.0 (flags = 0x41)
0  -O                                                                        (1 = 100.0%)
1  ... 

Histogram: ContentSettings.RegularProfile.Exceptions.formfill-metadata recorded 1 samples, mean = 0.0 (flags = 0x41)
0  -O                                                                        (1 = 100.0%)
1  ... 

Histogram: ContentSettings.RegularProfile.Exceptions.geolocation recorded 1 samples, mean = 0.0 (flags = 0x41)
0  -O                                                                        (1 = 100.0%)
1  ... 

Histogram: ContentSettings.RegularProfile.Exceptions.hid-chooser-data recorded 1 samples, mean = 0.0 (flags = 0x41)
0  -O                                                                        (1 = 100.0%)
1  ... 

Histogram: ContentSettings.RegularProfile.Exceptions.hid-guard recorded 1 samples, mean = 0.0 (flags = 0x41)
0  -O                                                                        (1 = 100.0%)
1  ... 

Histogram: ContentSettings.RegularProfile.Exceptions.http-allowed recorded 1 samples, mean = 0.0 (flags = 0x41)
0  -O                                                                        (1 = 100.0%)
1  ... 

Histogram: ContentSettings.RegularProfile.Exceptions.https-enforced recorded 1 samples, mean = 0.0 (flags = 0x41)
0  -O                                                                        (1 = 100.0%)
1  ... 

Histogram: ContentSettings.RegularProfile.Exceptions.idle-detection recorded 1 samples, mean = 0.0 (flags = 0x41)
0  -O                                                                        (1 = 100.0%)
1  ... 

Histogram: ContentSettings.RegularProfile.Exceptions.images recorded 1 samples, mean = 0.0 (flags = 0x41)
0  -O                                                                        (1 = 100.0%)
1  ... 

Histogram: ContentSettings.RegularProfile.Exceptions.important-site-info recorded 1 samples, mean = 0.0 (flags = 0x41)
0  -O                                                                        (1 = 100.0%)
1  ... 

Histogram: ContentSettings.RegularProfile.Exceptions.insecure-private-network recorded 1 samples, mean = 0.0 (flags = 0x41)
0  -O                                                                        (1 = 100.0%)
1  ... 

Histogram: ContentSettings.RegularProfile.Exceptions.intent-picker-auto-display recorded 1 samples, mean = 0.0 (flags = 0x41)
0  -O                                                                        (1 = 100.0%)
1  ... 

Histogram: ContentSettings.RegularProfile.Exceptions.javascript recorded 1 samples, mean = 0.0 (flags = 0x41)
0  -O                                                                        (1 = 100.0%)
1  ... 

Histogram: ContentSettings.RegularProfile.Exceptions.javascript-jit recorded 1 samples, mean = 0.0 (flags = 0x41)
0  -O                                                                        (1 = 100.0%)
1  ... 

Histogram: ContentSettings.RegularProfile.Exceptions.javascript-optimizer recorded 1 samples, mean = 0.0 (flags = 0x41)
0  -O                                                                        (1 = 100.0%)
1  ... 

Histogram: ContentSettings.RegularProfile.Exceptions.keyboard-lock recorded 1 samples, mean = 0.0 (flags = 0x41)
0  -O                                                                        (1 = 100.0%)
1  ... 

Histogram: ContentSettings.RegularProfile.Exceptions.legacy-cookie-access recorded 1 samples, mean = 0.0 (flags = 0x41)
0  -O                                                                        (1 = 100.0%)
1  ... 

Histogram: ContentSettings.RegularProfile.Exceptions.local-fonts recorded 1 samples, mean = 0.0 (flags = 0x41)
0  -O                                                                        (1 = 100.0%)
1  ... 

Histogram: ContentSettings.RegularProfile.Exceptions.media-engagement recorded 1 samples, mean = 1.0 (flags = 0x41)
0  O                                                                         (0 = 0.0%)
1  -O                                                                        (1 = 100.0%) {0.0%}
2  ... 

Histogram: ContentSettings.RegularProfile.Exceptions.media-stream-camera recorded 1 samples, mean = 0.0 (flags = 0x41)
0  -O                                                                        (1 = 100.0%)
1  ... 

Histogram: ContentSettings.RegularProfile.Exceptions.media-stream-mic recorded 1 samples, mean = 0.0 (flags = 0x41)
0  -O                                                                        (1 = 100.0%)
1  ... 

Histogram: ContentSettings.RegularProfile.Exceptions.midi-sysex recorded 1 samples, mean = 0.0 (flags = 0x41)
0  -O                                                                        (1 = 100.0%)
1  ... 

Histogram: ContentSettings.RegularProfile.Exceptions.mixed-script recorded 1 samples, mean = 0.0 (flags = 0x41)
0  -O                                                                        (1 = 100.0%)
1  ... 

Histogram: ContentSettings.RegularProfile.Exceptions.nfc-devices recorded 1 samples, mean = 0.0 (flags = 0x41)
0  -O                                                                        (1 = 100.0%)
1  ... 

Histogram: ContentSettings.RegularProfile.Exceptions.notification-interactions recorded 1 samples, mean = 0.0 (flags = 0x41)
0  -O                                                                        (1 = 100.0%)
1  ... 

Histogram: ContentSettings.RegularProfile.Exceptions.notification-permission-review recorded 1 samples, mean = 0.0 (flags = 0x41)
0  -O                                                                        (1 = 100.0%)
1  ... 

Histogram: ContentSettings.RegularProfile.Exceptions.notifications recorded 1 samples, mean = 0.0 (flags = 0x41)
0  -O                                                                        (1 = 100.0%)
1  ... 

Histogram: ContentSettings.RegularProfile.Exceptions.password-protection recorded 1 samples, mean = 0.0 (flags = 0x41)
0  -O                                                                        (1 = 100.0%)
1  ... 

Histogram: ContentSettings.RegularProfile.Exceptions.payment-handler recorded 1 samples, mean = 0.0 (flags = 0x41)
0  -O                                                                        (1 = 100.0%)
1  ... 

Histogram: ContentSettings.RegularProfile.Exceptions.permission-autoblocking-data recorded 1 samples, mean = 0.0 (flags = 0x41)
0  -O                                                                        (1 = 100.0%)
1  ... 

Histogram: ContentSettings.RegularProfile.Exceptions.permission-autorevocation-data recorded 1 samples, mean = 0.0 (flags = 0x41)
0  -O                                                                        (1 = 100.0%)
1  ... 

Histogram: ContentSettings.RegularProfile.Exceptions.pointer-lock recorded 1 samples, mean = 0.0 (flags = 0x41)
0  -O                                                                        (1 = 100.0%)
1  ... 

Histogram: ContentSettings.RegularProfile.Exceptions.popups recorded 1 samples, mean = 0.0 (flags = 0x41)
0  -O                                                                        (1 = 100.0%)
1  ... 

Histogram: ContentSettings.RegularProfile.Exceptions.popups.Allow recorded 1 samples, mean = 0.0 (flags = 0x41)
0  -O                                                                        (1 = 100.0%)
1  ... 

Histogram: ContentSettings.RegularProfile.Exceptions.popups.Block recorded 1 samples, mean = 0.0 (flags = 0x41)
0  -O                                                                        (1 = 100.0%)
1  ... 

Histogram: ContentSettings.RegularProfile.Exceptions.private-network-chooser-data recorded 1 samples, mean = 0.0 (flags = 0x41)
0  -O                                                                        (1 = 100.0%)
1  ... 

Histogram: ContentSettings.RegularProfile.Exceptions.private-network-guard recorded 1 samples, mean = 0.0 (flags = 0x41)
0  -O                                                                        (1 = 100.0%)
1  ... 

Histogram: ContentSettings.RegularProfile.Exceptions.protected-media-identifier recorded 1 samples, mean = 0.0 (flags = 0x41)
0  -O                                                                        (1 = 100.0%)
1  ... 

Histogram: ContentSettings.RegularProfile.Exceptions.protocol-handler recorded 1 samples, mean = 0.0 (flags = 0x41)
0  -O                                                                        (1 = 100.0%)
1  ... 

Histogram: ContentSettings.RegularProfile.Exceptions.reduced-accept-language recorded 1 samples, mean = 0.0 (flags = 0x41)
0  -O                                                                        (1 = 100.0%)
1  ... 

Histogram: ContentSettings.RegularProfile.Exceptions.safe-browsing-url-check-data recorded 1 samples, mean = 0.0 (flags = 0x41)
0  -O                                                                        (1 = 100.0%)
1  ... 

Histogram: ContentSettings.RegularProfile.Exceptions.sensors recorded 1 samples, mean = 0.0 (flags = 0x41)
0  -O                                                                        (1 = 100.0%)
1  ... 

Histogram: ContentSettings.RegularProfile.Exceptions.serial-chooser-data recorded 1 samples, mean = 0.0 (flags = 0x41)
0  -O                                                                        (1 = 100.0%)
1  ... 

Histogram: ContentSettings.RegularProfile.Exceptions.serial-guard recorded 1 samples, mean = 0.0 (flags = 0x41)
0  -O                                                                        (1 = 100.0%)
1  ... 

Histogram: ContentSettings.RegularProfile.Exceptions.site-engagement recorded 1 samples, mean = 1.0 (flags = 0x41)
0  O                                                                         (0 = 0.0%)
1  -O                                                                        (1 = 100.0%) {0.0%}
2  ... 

Histogram: ContentSettings.RegularProfile.Exceptions.sound recorded 1 samples, mean = 0.0 (flags = 0x41)
0  -O                                                                        (1 = 100.0%)
1  ... 

Histogram: ContentSettings.RegularProfile.Exceptions.speaker-selection recorded 1 samples, mean = 0.0 (flags = 0x41)
0  -O                                                                        (1 = 100.0%)
1  ... 

Histogram: ContentSettings.RegularProfile.Exceptions.ssl-cert-decisions recorded 1 samples, mean = 0.0 (flags = 0x41)
0  -O                                                                        (1 = 100.0%)
1  ... 

Histogram: ContentSettings.RegularProfile.Exceptions.storage-access recorded 1 samples, mean = 0.0 (flags = 0x41)
0  -O                                                                        (1 = 100.0%)
1  ... 

Histogram: ContentSettings.RegularProfile.Exceptions.storage-access-header-origin-trial recorded 1 samples, mean = 0.0 (flags = 0x41)
0  -O                                                                        (1 = 100.0%)
1  ... 

Histogram: ContentSettings.RegularProfile.Exceptions.storage-access.Allow recorded 1 samples, mean = 0.0 (flags = 0x41)
0  -O                                                                        (1 = 100.0%)
1  ... 

Histogram: ContentSettings.RegularProfile.Exceptions.storage-access.Ask recorded 1 samples, mean = 0.0 (flags = 0x41)
0  -O                                                                        (1 = 100.0%)
1  ... 

Histogram: ContentSettings.RegularProfile.Exceptions.storage-access.Block recorded 1 samples, mean = 0.0 (flags = 0x41)
0  -O                                                                        (1 = 100.0%)
1  ... 

Histogram: ContentSettings.RegularProfile.Exceptions.storage-access.MaxRequester recorded 1 samples, mean = 0.0 (flags = 0x41)
0  -O                                                                        (1 = 100.0%)
1  ... 

Histogram: ContentSettings.RegularProfile.Exceptions.storage-access.MaxTopLevel recorded 1 samples, mean = 0.0 (flags = 0x41)
0  -O                                                                        (1 = 100.0%)
1  ... 

Histogram: ContentSettings.RegularProfile.Exceptions.subresource-filter recorded 1 samples, mean = 0.0 (flags = 0x41)
0  -O                                                                        (1 = 100.0%)
1  ... 

Histogram: ContentSettings.RegularProfile.Exceptions.subresource-filter-data recorded 1 samples, mean = 0.0 (flags = 0x41)
0  -O                                                                        (1 = 100.0%)
1  ... 

Histogram: ContentSettings.RegularProfile.Exceptions.subresource-filter.Allow recorded 1 samples, mean = 0.0 (flags = 0x41)
0  -O                                                                        (1 = 100.0%)
1  ... 

Histogram: ContentSettings.RegularProfile.Exceptions.subresource-filter.Block recorded 1 samples, mean = 0.0 (flags = 0x41)
0  -O                                                                        (1 = 100.0%)
1  ... 

Histogram: ContentSettings.RegularProfile.Exceptions.third-party-storage-partitioning recorded 1 samples, mean = 0.0 (flags = 0x41)
0  -O                                                                        (1 = 100.0%)
1  ... 

Histogram: ContentSettings.RegularProfile.Exceptions.top-level-3pcd-origin-trial recorded 1 samples, mean = 0.0 (flags = 0x41)
0  -O                                                                        (1 = 100.0%)
1  ... 

Histogram: ContentSettings.RegularProfile.Exceptions.top-level-3pcd-support recorded 1 samples, mean = 0.0 (flags = 0x41)
0  -O                                                                        (1 = 100.0%)
1  ... 

Histogram: ContentSettings.RegularProfile.Exceptions.top-level-storage-access recorded 1 samples, mean = 0.0 (flags = 0x41)
0  -O                                                                        (1 = 100.0%)
1  ... 

Histogram: ContentSettings.RegularProfile.Exceptions.tracking-protection recorded 1 samples, mean = 0.0 (flags = 0x41)
0  -O                                                                        (1 = 100.0%)
1  ... 

Histogram: ContentSettings.RegularProfile.Exceptions.tracking-protection.Allow recorded 1 samples, mean = 0.0 (flags = 0x41)
0  -O                                                                        (1 = 100.0%)
1  ... 

Histogram: ContentSettings.RegularProfile.Exceptions.tracking-protection.Block recorded 1 samples, mean = 0.0 (flags = 0x41)
0  -O                                                                        (1 = 100.0%)
1  ... 

Histogram: ContentSettings.RegularProfile.Exceptions.unused-site-permissions recorded 1 samples, mean = 0.0 (flags = 0x41)
0  -O                                                                        (1 = 100.0%)
1  ... 

Histogram: ContentSettings.RegularProfile.Exceptions.usb-chooser-data recorded 1 samples, mean = 0.0 (flags = 0x41)
0  -O                                                                        (1 = 100.0%)
1  ... 

Histogram: ContentSettings.RegularProfile.Exceptions.usb-guard recorded 1 samples, mean = 0.0 (flags = 0x41)
0  -O                                                                        (1 = 100.0%)
1  ... 

Histogram: ContentSettings.RegularProfile.Exceptions.vr recorded 1 samples, mean = 0.0 (flags = 0x41)
0  -O                                                                        (1 = 100.0%)
1  ... 

Histogram: ContentSettings.RegularProfile.Exceptions.webid-api recorded 1 samples, mean = 0.0 (flags = 0x41)
0  -O                                                                        (1 = 100.0%)
1  ... 

Histogram: ContentSettings.RegularProfile.Exceptions.webid-auto-reauthn recorded 1 samples, mean = 0.0 (flags = 0x41)
0  -O                                                                        (1 = 100.0%)
1  ... 

Histogram: ContentSettings.RegularProfile.Exceptions.window-placement recorded 1 samples, mean = 0.0 (flags = 0x41)
0  -O                                                                        (1 = 100.0%)
1  ... 

Histogram: Conversions.DelayOnAttestationsLoaded recorded 1 samples, mean = 5432.0 (flags = 0x41)
0     ... 
5422  -O                                                                        (1 = 100.0%) {0.0%}
6968  ... 

Histogram: Cookie.ClockSkew.AddMinutes recorded 3 samples, mean = 0.0 (flags = 0x41)
0  ---O                                                                      (3 = 100.0%)
1  ... 

Histogram: Cookie.ClockSkew.AddMinutes12To24Hours recorded 3 samples, mean = 0.0 (flags = 0x41)
0  ---O                                                                      (3 = 100.0%)
720... 

Histogram: Cookie.ClockSkew.ExpiredWithoutSkew recorded 3 samples, mean = 0.0 (flags = 0x41)
0  ---O                                                                      (3 = 100.0%)
1  ... 

Histogram: Cookie.CookiePrefix recorded 4 samples, mean = 0.0 (flags = 0x41)
0  ----O                                                                     (4 = 100.0%)
1  ... 

Histogram: Cookie.CookieSchemeRequestScheme recorded 74 samples, mean = 2.0 (flags = 0x41)
0  ... 
2  ------------------------------------------------------------------------O (74 = 100.0%) {0.0%}
3  ... 

Histogram: Cookie.CookieSourceScheme recorded 4 samples, mean = 0.0 (flags = 0x41)
0  ----O                                                                     (4 = 100.0%)
1  ... 

Histogram: Cookie.CookieSourceSchemeName recorded 4 samples, mean = 14.0 (flags = 0x41)
0   ... 
14  ----O                                                                     (4 = 100.0%) {0.0%}
15  ... 

Histogram: Cookie.CrossSiteRedirectType.Read recorded 116 samples, mean = 1.0 (flags = 0x41)
0  O                                                                         (0 = 0.0%)
1  ------------------------------------------------------------------------O (116 = 100.0%) {0.0%}
2  ... 

Histogram: Cookie.CrossSiteRedirectType.Write recorded 4 samples, mean = 1.0 (flags = 0x41)
0  O                                                                         (0 = 0.0%)
1  ----O                                                                     (4 = 100.0%) {0.0%}
2  ... 

Histogram: Cookie.DaysSinceRefreshForRetrieval recorded 3 samples, mean = 0.0 (flags = 0x41)
0  ---O                                                                      (3 = 100.0%)
1  ... 

Histogram: Cookie.DomainHasNonASCII recorded 4 samples, mean = 0.0 (flags = 0x41)
0  ----O                                                                     (4 = 100.0%)
1  ... 

Histogram: Cookie.DomainSet recorded 4 samples, mean = 1.0 (flags = 0x41)
0  O                                                                         (0 = 0.0%)
1  ----O                                                                     (4 = 100.0%) {0.0%}
2  O                                                                         (0 = 0.0%) {100.0%}

Histogram: Cookie.DoubleUnderscorePrefixedName recorded 4 samples, mean = 0.5 (flags = 0x41)
0  --O                                                                       (2 = 50.0%)
1  --O                                                                       (2 = 50.0%) {50.0%}
2  O                                                                         (0 = 0.0%) {100.0%}

Histogram: Cookie.ExpirationDuration400DaysLTE recorded 3 samples, mean = 121.7 (flags = 0x41)
0    --O                                                                       (2 = 66.7%)
1    ... 
364  -O                                                                        (1 = 33.3%) {66.7%}
400  O                                                                         (0 = 0.0%) {100.0%}

Histogram: Cookie.ExpirationDurationMinutesSecure recorded 3 samples, mean = 175220.0 (flags = 0x41)
0       ... 
26      --O                                                                       (2 = 66.7%) {0.0%}
36      ... 
429766  -O                                                                        (1 = 33.3%) {66.7%}
587706  ... 

Histogram: Cookie.FirstPartyPartitioned.HasCrossSiteAncestor recorded 41 samples, mean = 0.0 (flags = 0x41)
0  -----------------------------------------O                                (41 = 100.0%)
1  ... 

Histogram: Cookie.FirstPartySets.Browser.DelayedQueriesCount recorded 1 samples, mean = 2.0 (flags = 0x41)
0  ... 
2  -O                                                                        (1 = 100.0%) {0.0%}
3  ... 

Histogram: Cookie.FirstPartySets.Browser.MostDelayedQueryDelta recorded 1 samples, mean = 6416.0 (flags = 0x41)
0     ... 
5961  -O                                                                        (1 = 100.0%) {0.0%}
7083  ... 

Histogram: Cookie.FirstPartySets.ComponentSetsNonfatalErrors recorded 1 samples, mean = 0.0 (flags = 0x41)
0  -O                                                                        (1 = 100.0%)
1  ... 

Histogram: Cookie.FirstPartySets.ComponentSetsParsedSuccessfully recorded 1 samples, mean = 70.0 (flags = 0x41)
0   ... 
67  -O                                                                        (1 = 100.0%) {0.0%}
75  ... 

Histogram: Cookie.FirstPartySets.ContextDelayedQueriesCount recorded 1 samples, mean = 0.0 (flags = 0x41)
0  -O                                                                        (1 = 100.0%)
1  ... 

Histogram: Cookie.FirstPartySets.ContextMostDelayedQueryDelta recorded 1 samples, mean = 0.0 (flags = 0x41)
0  -O                                                                        (1 = 100.0%)
1  ... 

Histogram: Cookie.FirstPartySets.EnqueueingDelay.ContextConfig2 recorded 1 samples, mean = 6394.0 (flags = 0x41)
0     ... 
5961  -O                                                                        (1 = 100.0%) {0.0%}
7083  ... 

Histogram: Cookie.FirstPartySets.InitializationDuration.ContextReadyToServeQueries2 recorded 1 samples, mean = 1924.0 (flags = 0x41)
0     ... 
1782  -O                                                                        (1 = 100.0%) {0.0%}
2117  ... 

Histogram: Cookie.FirstPartySets.InitializationDuration.ReadCommandLineSet2 recorded 1 samples, mean = 38.0 (flags = 0x41)
0   ... 
34  -O                                                                        (1 = 100.0%) {0.0%}
40  ... 

Histogram: Cookie.FirstPartySets.InitializationDuration.ReadComponentSets2 recorded 1 samples, mean = 6416.0 (flags = 0x41)
0     ... 
5961  -O                                                                        (1 = 100.0%) {0.0%}
7083  ... 

Histogram: Cookie.FirstPartySets.InitializationDuration.ReadyToServeQueries2 recorded 1 samples, mean = 6278.0 (flags = 0x41)
0     ... 
5961  -O                                                                        (1 = 100.0%) {0.0%}
7083  ... 

Histogram: Cookie.FirstPartySets.Network.DelayedQueriesCount recorded 1 samples, mean = 0.0 (flags = 0x41)
0  -O                                                                        (1 = 100.0%)
1  ... 

Histogram: Cookie.FirstPartySets.Network.MostDelayedQueryDelta recorded 1 samples, mean = 0.0 (flags = 0x41)
0  -O                                                                        (1 = 100.0%)
1  ... 

Histogram: Cookie.FirstPartySets.ProcessedEntireComponent recorded 1 samples, mean = 1.0 (flags = 0x41)
0  O                                                                         (0 = 0.0%)
1  -O                                                                        (1 = 100.0%) {0.0%}
2  O                                                                         (0 = 0.0%) {100.0%}

Histogram: Cookie.FromStorageWithValidLength recorded 68 samples, mean = 1.0 (flags = 0x41)
0  O                                                                         (0 = 0.0%)
1  --------------------------------------------------------------------O     (68 = 100.0%) {0.0%}
2  O                                                                         (0 = 0.0%) {100.0%}

Histogram: Cookie.HasNonASCII.Name recorded 4 samples, mean = 0.0 (flags = 0x41)
0  ----O                                                                     (4 = 100.0%)
1  ... 

Histogram: Cookie.HasNonASCII.Value recorded 4 samples, mean = 0.0 (flags = 0x41)
0  ----O                                                                     (4 = 100.0%)
1  ... 

Histogram: Cookie.IncludedRequestEffectiveSameSite recorded 114 samples, mean = 0.0 (flags = 0x41)
0  ------------------------------------------------------------------------O (114 = 100.0%)
1  ... 

Histogram: Cookie.IncludedResponseEffectiveSameSite recorded 4 samples, mean = 0.0 (flags = 0x41)
0  ----O                                                                     (4 = 100.0%)
1  ... 

Histogram: Cookie.IsPartitionedValid recorded 1 samples, mean = 1.0 (flags = 0x41)
0  O                                                                         (0 = 0.0%)
1  -O                                                                        (1 = 100.0%) {0.0%}
2  O                                                                         (0 = 0.0%) {100.0%}

Histogram: Cookie.NameOrValueHtab recorded 4 samples, mean = 0.0 (flags = 0x41)
0  ----O                                                                     (4 = 100.0%)
1  ... 

Histogram: Cookie.OnCookiesAccessed.BatchSize recorded 8 samples, mean = 1.1 (flags = 0x41)
0  O                                                                         (0 = 0.0%)
1  -------O                                                                  (7 = 87.5%) {0.0%}
2  -O                                                                        (1 = 12.5%) {87.5%}
3  ... 

Histogram: Cookie.OnCookiesAccessed.TotalAccesses recorded 8 samples, mean = 2.0 (flags = 0x41)
0  O                                                                         (0 = 0.0%)
1  -O                                                                        (1 = 12.5%) {0.0%}
2  ------O                                                                   (6 = 75.0%) {12.5%}
3  -O                                                                        (1 = 12.5%) {87.5%}
4  ... 

Histogram: Cookie.PartitionedCookiesInRequest recorded 38 samples, mean = 1.0 (flags = 0x41)
0  O                                                                         (0 = 0.0%)
1  --------------------------------------O                                   (38 = 100.0%) {0.0%}
2  ... 

Histogram: Cookie.Port.Read.RemoteHost recorded 114 samples, mean = 7.0 (flags = 0x41)
0  ... 
7  ------------------------------------------------------------------------O (114 = 100.0%) {0.0%}
8  ... 

Histogram: Cookie.Port.ReadDiffersFromSet.DomainSet recorded 114 samples, mean = 4.0 (flags = 0x41)
0  ... 
4  ------------------------------------------------------------------------O (114 = 100.0%) {0.0%}
5  O                                                                         (0 = 0.0%) {100.0%}

Histogram: Cookie.Port.ReadDiffersFromSet.RemoteHost recorded 114 samples, mean = 4.0 (flags = 0x41)
0  ... 
4  ------------------------------------------------------------------------O (114 = 100.0%) {0.0%}
5  O                                                                         (0 = 0.0%) {100.0%}

Histogram: Cookie.Port.Set.RemoteHost recorded 4 samples, mean = 7.0 (flags = 0x41)
0  ... 
7  ----O                                                                     (4 = 100.0%) {0.0%}
8  ... 

Histogram: Cookie.RequestSameSiteContext recorded 116 samples, mean = 2.9 (flags = 0x41)
0  -O                                                                        (2 = 1.7%)
1  ... 
3  ------------------------------------------------------------------------O (114 = 98.3%) {1.7%}
4  O                                                                         (0 = 0.0%) {100.0%}

Histogram: Cookie.SameSiteAttributeValue recorded 4 samples, mean = 5.0 (flags = 0x41)
0  ... 
5  ----O                                                                     (4 = 100.0%) {0.0%}
6  ... 

Histogram: Cookie.SameSiteNoneSizeBytes recorded 4 samples, mean = 176.0 (flags = 0x41)
0    ... 
40   -O                                                                        (1 = 25.0%) {0.0%}
48   ... 
160  --O                                                                       (2 = 50.0%) {25.0%}
190  ... 
268  -O                                                                        (1 = 25.0%) {75.0%}
318  ... 

Histogram: Cookie.SameSiteNoneSizeBytes.Partitioned recorded 1 samples, mean = 310.0 (flags = 0x41)
0    ... 
268  -O                                                                        (1 = 100.0%) {0.0%}
318  ... 

Histogram: Cookie.SameSiteNoneSizeBytes.Unpartitioned recorded 3 samples, mean = 131.3 (flags = 0x41)
0    ... 
40   -O                                                                        (1 = 33.3%) {0.0%}
48   ... 
160  --O                                                                       (2 = 66.7%) {33.3%}
190  ... 

Histogram: Cookie.SourceType recorded 7 samples, mean = 1.0 (flags = 0x41)
0  O                                                                         (0 = 0.0%)
1  -------O                                                                  (7 = 100.0%) {0.0%}
2  ... 

Histogram: Cookie.TimeBlockedOnLoad recorded 2 samples, mean = 472.5 (flags = 0x41)
0    ... 
32   -O                                                                        (1 = 50.0%) {0.0%}
40   ... 
816  -O                                                                        (1 = 50.0%) {50.0%}
1012 ... 

Histogram: Cookie.TimeInitializeDB recorded 2 samples, mean = 12.5 (flags = 0x41)
0   ... 
3   -O                                                                        (1 = 50.0%) {0.0%}
4   ... 
21  -O                                                                        (1 = 50.0%) {50.0%}
26  ... 

Histogram: Cookie.TimeOpsBlockedDueToGlobalOp recorded 2 samples, mean = 17.0 (flags = 0x41)
0   -O                                                                        (1 = 50.0%)
1   ... 
32  -O                                                                        (1 = 50.0%) {50.0%}
40  ... 

Histogram: Cookie.Type2 recorded 7 samples, mean = 12.6 (flags = 0x41)
0   ... 
4   -O                                                                        (1 = 14.3%) {0.0%}
5   ... 
14  ------O                                                                   (6 = 85.7%) {14.3%}
15  ... 

Histogram: Crypto.TPMDuration.MessageSigningECDSA recorded 1 samples, mean = 75.0 (flags = 0x41)
0   ... 
66  -O                                                                        (1 = 100.0%) {0.0%}
84  ... 

Histogram: Crypto.TPMDuration.NewKeyCreationECDSA recorded 1 samples, mean = 400.0 (flags = 0x41)
0    ... 
356  -O                                                                        (1 = 100.0%) {0.0%}
452  ... 

Histogram: Crypto.TPMDuration.Virtual.MessageSigningECDSA recorded 1 samples, mean = 0.0 (flags = 0x41)
0  -O                                                                        (1 = 100.0%)
1  ... 

Histogram: Crypto.TPMDuration.Virtual.NewKeyCreationECDSA recorded 1 samples, mean = 9.0 (flags = 0x41)
0  ... 
8  -O                                                                        (1 = 100.0%) {0.0%}
10 ... 

Histogram: Crypto.TPMDuration.Virtual.WrappedKeyCreationECDSA recorded 1 samples, mean = 3.0 (flags = 0x41)
0  ... 
3  -O                                                                        (1 = 100.0%) {0.0%}
4  ... 

Histogram: Crypto.TPMDuration.WrappedKeyCreationECDSA recorded 1 samples, mean = 62.0 (flags = 0x41)
0   ... 
52  -O                                                                        (1 = 100.0%) {0.0%}
66  ... 

Histogram: Crypto.TPMOperation.MessageSigningECDSA recorded 1 samples, mean = 1.0 (flags = 0x41)
0  O                                                                         (0 = 0.0%)
1  -O                                                                        (1 = 100.0%) {0.0%}
2  O                                                                         (0 = 0.0%) {100.0%}

Histogram: Crypto.TPMOperation.MessageVerifyECDSA recorded 1 samples, mean = 1.0 (flags = 0x41)
0  O                                                                         (0 = 0.0%)
1  -O                                                                        (1 = 100.0%) {0.0%}
2  O                                                                         (0 = 0.0%) {100.0%}

Histogram: Crypto.TPMOperation.NewKeyCreationECDSA recorded 1 samples, mean = 1.0 (flags = 0x41)
0  O                                                                         (0 = 0.0%)
1  -O                                                                        (1 = 100.0%) {0.0%}
2  O                                                                         (0 = 0.0%) {100.0%}

Histogram: Crypto.TPMOperation.Virtual.MessageSigningECDSA recorded 1 samples, mean = 1.0 (flags = 0x41)
0  O                                                                         (0 = 0.0%)
1  -O                                                                        (1 = 100.0%) {0.0%}
2  O                                                                         (0 = 0.0%) {100.0%}

Histogram: Crypto.TPMOperation.Virtual.MessageVerifyECDSA recorded 1 samples, mean = 1.0 (flags = 0x41)
0  O                                                                         (0 = 0.0%)
1  -O                                                                        (1 = 100.0%) {0.0%}
2  O                                                                         (0 = 0.0%) {100.0%}

Histogram: Crypto.TPMOperation.Virtual.NewKeyCreationECDSA recorded 1 samples, mean = 1.0 (flags = 0x41)
0  O                                                                         (0 = 0.0%)
1  -O                                                                        (1 = 100.0%) {0.0%}
2  O                                                                         (0 = 0.0%) {100.0%}

Histogram: Crypto.TPMOperation.Virtual.WrappedKeyCreationECDSA recorded 1 samples, mean = 1.0 (flags = 0x41)
0  O                                                                         (0 = 0.0%)
1  -O                                                                        (1 = 100.0%) {0.0%}
2  O                                                                         (0 = 0.0%) {100.0%}

Histogram: Crypto.TPMOperation.WrappedKeyCreationECDSA recorded 1 samples, mean = 1.0 (flags = 0x41)
0  O                                                                         (0 = 0.0%)
1  -O                                                                        (1 = 100.0%) {0.0%}
2  O                                                                         (0 = 0.0%) {100.0%}

Histogram: Crypto.TPMSupport2 recorded 1 samples, mean = 2.0 (flags = 0x41)
0  ... 
2  -O                                                                        (1 = 100.0%) {0.0%}
3  O                                                                         (0 = 0.0%) {100.0%}

Histogram: Crypto.TPMSupportType recorded 1 samples, mean = 3.0 (flags = 0x41)
0  ... 
3  -O                                                                        (1 = 100.0%) {0.0%}
4  O                                                                         (0 = 0.0%) {100.0%}

Histogram: Crypto.VirtualKeySupport recorded 1 samples, mean = 2.0 (flags = 0x41)
0  ... 
2  -O                                                                        (1 = 100.0%) {0.0%}
3  O                                                                         (0 = 0.0%) {100.0%}

Histogram: DOMStorage.CommitMeasuredDelay recorded 4 samples, mean = 3697.2 (flags = 0x41)
0     ... 
32    -O                                                                        (1 = 25.0%) {0.0%}
37    ... 
4249  -O                                                                        (1 = 25.0%) {25.0%}
4904  --O                                                                       (2 = 50.0%) {50.0%}
5660  ... 

Histogram: DOMStorage.CommitSizeBytes recorded 2 samples, mean = 3652.5 (flags = 0x41)
0     ... 
3211  -O                                                                        (1 = 50.0%) {0.0%}
3620  -O                                                                        (1 = 50.0%) {50.0%}
4081  ... 

Histogram: DataUse.BytesReceived3.Delegate recorded 38 samples, mean = 3751.2 (flags = 0x41)
0      ... 
178    ---------------O                                                          (15 = 39.5%) {0.0%}
230    --O                                                                       (2 = 5.3%) {39.5%}
297    -------O                                                                  (7 = 18.4%) {44.7%}
383    -O                                                                        (1 = 2.6%) {63.2%}
494    --O                                                                       (2 = 5.3%) {65.8%}
637    ... 
1059   -O                                                                        (1 = 2.6%) {71.1%}
1366   ---O                                                                      (3 = 7.9%) {73.7%}
1761   ... 
2928   ----O                                                                     (4 = 10.5%) {81.6%}
3776   ... 
8097   -O                                                                        (1 = 2.6%) {92.1%}
10441  ... 
17362  -O                                                                        (1 = 2.6%) {94.7%}
22388  ... 
79817  -O                                                                        (1 = 2.6%) {97.4%}
102923 ... 

Histogram: DataUse.BytesSent3.Delegate recorded 38 samples, mean = 1509.7 (flags = 0x41)
0      ... 
12     -O                                                                        (1 = 2.6%) {0.0%}
16     ... 
113    -O                                                                        (1 = 2.6%) {2.6%}
149    O                                                                         (0 = 0.0%) {5.3%}
196    -O                                                                        (1 = 2.6%) {5.3%}
258    --O                                                                       (2 = 5.3%) {7.9%}
340    ----O                                                                     (4 = 10.5%) {13.2%}
448    -O                                                                        (1 = 2.6%) {23.7%}
590    --O                                                                       (2 = 5.3%) {26.3%}
777    ------O                                                                   (6 = 15.8%) {31.6%}
1023   ------------O                                                             (12 = 31.6%) {47.4%}
1347   ------O                                                                   (6 = 15.8%) {78.9%}
1774   ... 
7031   -O                                                                        (1 = 2.6%) {94.7%}
9260   ... 
16063  -O                                                                        (1 = 2.6%) {97.4%}
21156  ... 

Histogram: DefaultBrowser.State recorded 1 samples, mean = 0.0 (flags = 0x41)
0  -O                                                                        (1 = 100.0%)
1  ... 

Histogram: DiskCache.0.Error recorded 1 samples, mean = 0.0 (flags = 0x41)
0  -O                                                                        (1 = 100.0%)
1  ... 

Histogram: DiskCache.0.TotalIOTimeRead recorded 106 samples, mean = 1.0 (flags = 0x41)
0  ------------------------------------------------------------------O       (66 = 62.3%)
1  -------------------O                                                      (19 = 17.9%) {62.3%}
2  -----O                                                                    (5 = 4.7%) {80.2%}
3  -----O                                                                    (5 = 4.7%) {84.9%}
4  -O                                                                        (1 = 0.9%) {89.6%}
5  -----O                                                                    (5 = 4.7%) {90.6%}
6  -----O                                                                    (5 = 4.7%) {95.3%}
7  ... 

Histogram: DiskCache.0.TotalIOTimeWrite recorded 27 samples, mean = 1.0 (flags = 0x41)
0   -------------------------O                                                (25 = 92.6%)
1   ... 
4   -O                                                                        (1 = 3.7%) {92.6%}
5   ... 
20  -O                                                                        (1 = 3.7%) {96.3%}
24  ... 

Histogram: Download.Database.IsAvailable recorded 1 samples, mean = 1.0 (flags = 0x41)
0  O                                                                         (0 = 0.0%)
1  -O                                                                        (1 = 100.0%) {0.0%}
2  O                                                                         (0 = 0.0%) {100.0%}

Histogram: Download.Service.Db.Operation.Success recorded 1 samples, mean = 0.0 (flags = 0x41)
0  -O                                                                        (1 = 100.0%)
1  ... 

Histogram: Download.Service.Db.Records recorded 1 samples, mean = 0.0 (flags = 0x41)
0  -O                                                                        (1 = 100.0%)
1  ... 

Histogram: Download.Service.Db.Records.Active recorded 1 samples, mean = 0.0 (flags = 0x41)
0  -O                                                                        (1 = 100.0%)
1  ... 

Histogram: Download.Service.Db.Records.Available recorded 1 samples, mean = 0.0 (flags = 0x41)
0  -O                                                                        (1 = 100.0%)
1  ... 

Histogram: Download.Service.Db.Records.Complete recorded 1 samples, mean = 0.0 (flags = 0x41)
0  -O                                                                        (1 = 100.0%)
1  ... 

Histogram: Download.Service.Db.Records.New recorded 1 samples, mean = 0.0 (flags = 0x41)
0  -O                                                                        (1 = 100.0%)
1  ... 

Histogram: Download.Service.Db.Records.Paused recorded 1 samples, mean = 0.0 (flags = 0x41)
0  -O                                                                        (1 = 100.0%)
1  ... 

Histogram: Download.Service.Files.CleanUp.External recorded 3 samples, mean = 0.0 (flags = 0x41)
0  ---O                                                                      (3 = 100.0%)
1  ... 

Histogram: Download.Service.Files.CleanUp.External.Orphaned recorded 1 samples, mean = 0.0 (flags = 0x41)
0  -O                                                                        (1 = 100.0%)
1  ... 

Histogram: Download.Service.Files.CleanUp.External.Timeout recorded 1 samples, mean = 0.0 (flags = 0x41)
0  -O                                                                        (1 = 100.0%)
1  ... 

Histogram: Download.Service.Files.CleanUp.External.Unknown recorded 1 samples, mean = 0.0 (flags = 0x41)
0  -O                                                                        (1 = 100.0%)
1  ... 

Histogram: Download.Service.Files.CleanUp.Failure recorded 3 samples, mean = 0.0 (flags = 0x41)
0  ---O                                                                      (3 = 100.0%)
1  ... 

Histogram: Download.Service.Files.CleanUp.Failure.Orphaned recorded 1 samples, mean = 0.0 (flags = 0x41)
0  -O                                                                        (1 = 100.0%)
1  ... 

Histogram: Download.Service.Files.CleanUp.Failure.Timeout recorded 1 samples, mean = 0.0 (flags = 0x41)
0  -O                                                                        (1 = 100.0%)
1  ... 

Histogram: Download.Service.Files.CleanUp.Failure.Unknown recorded 1 samples, mean = 0.0 (flags = 0x41)
0  -O                                                                        (1 = 100.0%)
1  ... 

Histogram: Download.Service.Files.CleanUp.Success recorded 3 samples, mean = 0.0 (flags = 0x41)
0  ---O                                                                      (3 = 100.0%)
1  ... 

Histogram: Download.Service.Files.CleanUp.Success.Orphaned recorded 1 samples, mean = 0.0 (flags = 0x41)
0  -O                                                                        (1 = 100.0%)
1  ... 

Histogram: Download.Service.Files.CleanUp.Success.Timeout recorded 1 samples, mean = 0.0 (flags = 0x41)
0  -O                                                                        (1 = 100.0%)
1  ... 

Histogram: Download.Service.Files.CleanUp.Success.Unknown recorded 1 samples, mean = 0.0 (flags = 0x41)
0  -O                                                                        (1 = 100.0%)
1  ... 

Histogram: Download.Service.StartUpStatus.Initialization recorded 1 samples, mean = 0.0 (flags = 0x41)
0  -O                                                                        (1 = 100.0%)
1  ... 

Histogram: Enterprise.TimeToFirstPolicyLoad.Profile.Unmanaged recorded 1 samples, mean = 0.0 (flags = 0x41)
0  -O                                                                        (1 = 100.0%)
1  ... 

Histogram: EnterpriseCheck.AzureADJoinStatusCheckTime recorded 1 samples, mean = 1.0 (flags = 0x41)
0  O                                                                         (0 = 0.0%)
1  -O                                                                        (1 = 100.0%) {0.0%}
2  ... 

Histogram: Event.GestureCreated recorded 2 samples, mean = 12.0 (flags = 0x41)
0   ... 
12  --O                                                                       (2 = 100.0%) {0.0%}
13  ... 

Histogram: Extension.Toolbar.BrowserActionsCount2 recorded 1 samples, mean = 0.0 (flags = 0x41)
0  -O                                                                        (1 = 100.0%)
1  ... 

Histogram: ExtensionToolbarModel.BrowserActionsCount recorded 1 samples, mean = 0.0 (flags = 0x41)
0  -O                                                                        (1 = 100.0%)
1  ... 

Histogram: Extensions.AppLocation2 recorded 1 samples, mean = 5.0 (flags = 0x41)
0  ... 
5  -O                                                                        (1 = 100.0%) {0.0%}
6  ... 

Histogram: Extensions.CorruptExtensionTotalDisables recorded 1 samples, mean = 0.0 (flags = 0x41)
0  -O                                                                        (1 = 100.0%)
1  ... 

Histogram: Extensions.CorruptExtensionTotalDisables2 recorded 1 samples, mean = 0.0 (flags = 0x41)
0  -O                                                                        (1 = 100.0%)
1  ... 

Histogram: Extensions.Database.Open.State recorded 1 samples, mean = 0.0 (flags = 0x41)
0  -O                                                                        (1 = 100.0%)
1  ... 

Histogram: Extensions.DeveloperModeEnabled recorded 2 samples, mean = 0.0 (flags = 0x41)
0  --O                                                                       (2 = 100.0%)
1  ... 

Histogram: Extensions.DidCreateScriptContext_Unspecified recorded 1 samples, mean = 1.0 (flags = 0x41)
0  O                                                                         (0 = 0.0%)
1  -O                                                                        (1 = 100.0%) {0.0%}
2  ... 

Histogram: Extensions.DidCreateScriptContext_WebPage recorded 3 samples, mean = 0.0 (flags = 0x41)
0  ---O                                                                      (3 = 100.0%)
1  ... 

Histogram: Extensions.Disabled recorded 1 samples, mean = 0.0 (flags = 0x41)
0  -O                                                                        (1 = 100.0%)
1  ... 

Histogram: Extensions.Disabled2 recorded 1 samples, mean = 0.0 (flags = 0x41)
0  -O                                                                        (1 = 100.0%)
1  ... 

Histogram: Extensions.DisabledForPermissions recorded 1 samples, mean = 0.0 (flags = 0x41)
0  -O                                                                        (1 = 100.0%)
1  ... 

Histogram: Extensions.DisabledForPermissions2 recorded 1 samples, mean = 0.0 (flags = 0x41)
0  -O                                                                        (1 = 100.0%)
1  ... 

Histogram: Extensions.EventlessEventPages2 recorded 1 samples, mean = 0.0 (flags = 0x41)
0  -O                                                                        (1 = 100.0%)
1  ... 

Histogram: Extensions.ExtensionLocation recorded 1 samples, mean = 5.0 (flags = 0x41)
0  ... 
5  -O                                                                        (1 = 100.0%) {0.0%}
6  ... 

Histogram: Extensions.ExtensionLocation2 recorded 1 samples, mean = 5.0 (flags = 0x41)
0  ... 
5  -O                                                                        (1 = 100.0%) {0.0%}
6  ... 

Histogram: Extensions.ExtensionsWithPageActions recorded 1 samples, mean = 0.0 (flags = 0x41)
0  -O                                                                        (1 = 100.0%)
1  ... 

Histogram: Extensions.ExternalRegistryLoaderWin recorded 1 samples, mean = 0.0 (flags = 0x40)
0  -O                                                                        (1 = 100.0%)
1  ... 

Histogram: Extensions.HomepageOverrides recorded 1 samples, mean = 0.0 (flags = 0x41)
0  -O                                                                        (1 = 100.0%)
1  ... 

Histogram: Extensions.HomepageOverrides2 recorded 1 samples, mean = 0.0 (flags = 0x41)
0  -O                                                                        (1 = 100.0%)
1  ... 

Histogram: Extensions.InjectEnd_ScriptCount recorded 3 samples, mean = 0.0 (flags = 0x41)
0  ---O                                                                      (3 = 100.0%)
1  ... 

Histogram: Extensions.InjectIdle_ScriptCount recorded 3 samples, mean = 0.0 (flags = 0x41)
0  ---O                                                                      (3 = 100.0%)
1  ... 

Histogram: Extensions.InjectStart_CssCount recorded 5 samples, mean = 0.0 (flags = 0x41)
0  -----O                                                                    (5 = 100.0%)
1  ... 

Histogram: Extensions.InjectStart_ScriptCount recorded 5 samples, mean = 0.0 (flags = 0x41)
0  -----O                                                                    (5 = 100.0%)
1  ... 

Histogram: Extensions.LoadAll recorded 1 samples, mean = 2.0 (flags = 0x41)
0  ... 
2  -O                                                                        (1 = 100.0%) {0.0%}
3  ... 

Histogram: Extensions.LoadAll2 recorded 1 samples, mean = 2.0 (flags = 0x41)
0  ... 
2  -O                                                                        (1 = 100.0%) {0.0%}
3  ... 

Histogram: Extensions.LoadAllComponentTime recorded 1 samples, mean = 0.0 (flags = 0x41)
0  -O                                                                        (1 = 100.0%)
1  ... 

Histogram: Extensions.LoadAllComponentTime.User recorded 1 samples, mean = 0.0 (flags = 0x41)
0  -O                                                                        (1 = 100.0%)
1  ... 

Histogram: Extensions.LoadAllTime2 recorded 1 samples, mean = 0.0 (flags = 0x41)
0  -O                                                                        (1 = 100.0%)
1  ... 

Histogram: Extensions.LoadAllTime2.User recorded 1 samples, mean = 0.0 (flags = 0x41)
0  -O                                                                        (1 = 100.0%)
1  ... 

Histogram: Extensions.LoadApp recorded 1 samples, mean = 0.0 (flags = 0x41)
0  -O                                                                        (1 = 100.0%)
1  ... 

Histogram: Extensions.LoadApp2 recorded 1 samples, mean = 0.0 (flags = 0x41)
0  -O                                                                        (1 = 100.0%)
1  ... 

Histogram: Extensions.LoadAppExternal recorded 1 samples, mean = 0.0 (flags = 0x41)
0  -O                                                                        (1 = 100.0%)
1  ... 

Histogram: Extensions.LoadAppExternal2 recorded 1 samples, mean = 0.0 (flags = 0x41)
0  -O                                                                        (1 = 100.0%)
1  ... 

Histogram: Extensions.LoadAppUser recorded 1 samples, mean = 0.0 (flags = 0x41)
0  -O                                                                        (1 = 100.0%)
1  ... 

Histogram: Extensions.LoadAppUser2 recorded 1 samples, mean = 0.0 (flags = 0x41)
0  -O                                                                        (1 = 100.0%)
1  ... 

Histogram: Extensions.LoadBrowserAction recorded 1 samples, mean = 0.0 (flags = 0x41)
0  -O                                                                        (1 = 100.0%)
1  ... 

Histogram: Extensions.LoadBrowserAction2 recorded 1 samples, mean = 0.0 (flags = 0x41)
0  -O                                                                        (1 = 100.0%)
1  ... 

Histogram: Extensions.LoadExtension recorded 1 samples, mean = 0.0 (flags = 0x41)
0  -O                                                                        (1 = 100.0%)
1  ... 

Histogram: Extensions.LoadExtension2 recorded 1 samples, mean = 0.0 (flags = 0x41)
0  -O                                                                        (1 = 100.0%)
1  ... 

Histogram: Extensions.LoadExtensionExternal recorded 1 samples, mean = 0.0 (flags = 0x41)
0  -O                                                                        (1 = 100.0%)
1  ... 

Histogram: Extensions.LoadExtensionExternal2 recorded 1 samples, mean = 0.0 (flags = 0x41)
0  -O                                                                        (1 = 100.0%)
1  ... 

Histogram: Extensions.LoadExtensionUser2 recorded 1 samples, mean = 0.0 (flags = 0x41)
0  -O                                                                        (1 = 100.0%)
1  ... 

Histogram: Extensions.LoadHostedApp recorded 1 samples, mean = 0.0 (flags = 0x41)
0  -O                                                                        (1 = 100.0%)
1  ... 

Histogram: Extensions.LoadHostedApp2 recorded 1 samples, mean = 0.0 (flags = 0x41)
0  -O                                                                        (1 = 100.0%)
1  ... 

Histogram: Extensions.LoadNoExtensionAction recorded 1 samples, mean = 0.0 (flags = 0x41)
0  -O                                                                        (1 = 100.0%)
1  ... 

Histogram: Extensions.LoadNoExtensionAction2 recorded 1 samples, mean = 0.0 (flags = 0x41)
0  -O                                                                        (1 = 100.0%)
1  ... 

Histogram: Extensions.LoadOffStoreItems recorded 1 samples, mean = 0.0 (flags = 0x41)
0  -O                                                                        (1 = 100.0%)
1  ... 

Histogram: Extensions.LoadOffStoreItems2 recorded 1 samples, mean = 0.0 (flags = 0x41)
0  -O                                                                        (1 = 100.0%)
1  ... 

Histogram: Extensions.LoadPackagedApp recorded 1 samples, mean = 0.0 (flags = 0x41)
0  -O                                                                        (1 = 100.0%)
1  ... 

Histogram: Extensions.LoadPackagedApp2 recorded 1 samples, mean = 0.0 (flags = 0x41)
0  -O                                                                        (1 = 100.0%)
1  ... 

Histogram: Extensions.LoadPlatformApp recorded 1 samples, mean = 0.0 (flags = 0x41)
0  -O                                                                        (1 = 100.0%)
1  ... 

Histogram: Extensions.LoadPlatformApp2 recorded 1 samples, mean = 0.0 (flags = 0x41)
0  -O                                                                        (1 = 100.0%)
1  ... 

Histogram: Extensions.LoadTheme recorded 1 samples, mean = 0.0 (flags = 0x41)
0  -O                                                                        (1 = 100.0%)
1  ... 

Histogram: Extensions.LoadTheme2 recorded 1 samples, mean = 0.0 (flags = 0x41)
0  -O                                                                        (1 = 100.0%)
1  ... 

Histogram: Extensions.LoadUserScript recorded 1 samples, mean = 0.0 (flags = 0x41)
0  -O                                                                        (1 = 100.0%)
1  ... 

Histogram: Extensions.LoadUserScript2 recorded 1 samples, mean = 0.0 (flags = 0x41)
0  -O                                                                        (1 = 100.0%)
1  ... 

Histogram: Extensions.Management_Refresh recorded 1 samples, mean = 0.0 (flags = 0x41)
0  -O                                                                        (1 = 100.0%)
1  ... 

Histogram: Extensions.ManifestVersion2Count.Component recorded 1 samples, mean = 1.0 (flags = 0x41)
0  O                                                                         (0 = 0.0%)
1  -O                                                                        (1 = 100.0%) {0.0%}
2  ... 

Histogram: Extensions.ManifestVersion2Count.External recorded 1 samples, mean = 0.0 (flags = 0x41)
0  -O                                                                        (1 = 100.0%)
1  ... 

Histogram: Extensions.ManifestVersion2Count.Internal recorded 1 samples, mean = 0.0 (flags = 0x41)
0  -O                                                                        (1 = 100.0%)
1  ... 

Histogram: Extensions.ManifestVersion2Count.Policy recorded 1 samples, mean = 0.0 (flags = 0x41)
0  -O                                                                        (1 = 100.0%)
1  ... 

Histogram: Extensions.ManifestVersion2Count.Unpacked recorded 1 samples, mean = 0.0 (flags = 0x41)
0  -O                                                                        (1 = 100.0%)
1  ... 

Histogram: Extensions.ManifestVersion3Count.Component recorded 1 samples, mean = 0.0 (flags = 0x41)
0  -O                                                                        (1 = 100.0%)
1  ... 

Histogram: Extensions.ManifestVersion3Count.External recorded 1 samples, mean = 0.0 (flags = 0x41)
0  -O                                                                        (1 = 100.0%)
1  ... 

Histogram: Extensions.ManifestVersion3Count.Internal recorded 1 samples, mean = 0.0 (flags = 0x41)
0  -O                                                                        (1 = 100.0%)
1  ... 

Histogram: Extensions.ManifestVersion3Count.Policy recorded 1 samples, mean = 0.0 (flags = 0x41)
0  -O                                                                        (1 = 100.0%)
1  ... 

Histogram: Extensions.ManifestVersion3Count.Unpacked recorded 1 samples, mean = 0.0 (flags = 0x41)
0  -O                                                                        (1 = 100.0%)
1  ... 

Histogram: Extensions.ManifestVersionByLocation.Component recorded 1 samples, mean = 2.0 (flags = 0x41)
0  ... 
2  -O                                                                        (1 = 100.0%) {0.0%}
3  ... 

Histogram: Extensions.ManifestVersionPopulationSplit.Component recorded 1 samples, mean = 1.0 (flags = 0x41)
0  O                                                                         (0 = 0.0%)
1  -O                                                                        (1 = 100.0%) {0.0%}
2  ... 

Histogram: Extensions.ManifestVersionPopulationSplit.External recorded 1 samples, mean = 0.0 (flags = 0x41)
0  -O                                                                        (1 = 100.0%)
1  ... 

Histogram: Extensions.ManifestVersionPopulationSplit.Internal recorded 1 samples, mean = 0.0 (flags = 0x41)
0  -O                                                                        (1 = 100.0%)
1  ... 

Histogram: Extensions.ManifestVersionPopulationSplit.InternalAndExternal recorded 1 samples, mean = 0.0 (flags = 0x41)
0  -O                                                                        (1 = 100.0%)
1  ... 

Histogram: Extensions.ManifestVersionPopulationSplit.Unpacked recorded 1 samples, mean = 0.0 (flags = 0x41)
0  -O                                                                        (1 = 100.0%)
1  ... 

Histogram: Extensions.NewTabPageOverrides recorded 1 samples, mean = 0.0 (flags = 0x41)
0  -O                                                                        (1 = 100.0%)
1  ... 

Histogram: Extensions.NewTabPageOverrides2 recorded 1 samples, mean = 0.0 (flags = 0x41)
0  -O                                                                        (1 = 100.0%)
1  ... 

Histogram: Extensions.NonWebStoreNewTabPageOverrides recorded 1 samples, mean = 0.0 (flags = 0x41)
0  -O                                                                        (1 = 100.0%)
1  ... 

Histogram: Extensions.NonWebStoreNewTabPageOverrides2 recorded 1 samples, mean = 0.0 (flags = 0x41)
0  -O                                                                        (1 = 100.0%)
1  ... 

Histogram: Extensions.NonWebstoreLocation recorded 2 samples, mean = 5.0 (flags = 0x41)
0  ... 
5  --O                                                                       (2 = 100.0%) {0.0%}
6  ... 

Histogram: Extensions.NonWebstoreLocation2 recorded 2 samples, mean = 5.0 (flags = 0x41)
0  ... 
5  --O                                                                       (2 = 100.0%) {0.0%}
6  ... 

Histogram: Extensions.NonWebstoreLocationWithDeveloperModeOff.Enabled3 recorded 2 samples, mean = 5.0 (flags = 0x41)
0  ... 
5  --O                                                                       (2 = 100.0%) {0.0%}
6  ... 

Histogram: Extensions.NotAllowlistedDisabled recorded 1 samples, mean = 0.0 (flags = 0x41)
0  -O                                                                        (1 = 100.0%)
1  ... 

Histogram: Extensions.NotAllowlistedDisabled2 recorded 1 samples, mean = 0.0 (flags = 0x41)
0  -O                                                                        (1 = 100.0%)
1  ... 

Histogram: Extensions.NotAllowlistedEnabled recorded 1 samples, mean = 0.0 (flags = 0x41)
0  -O                                                                        (1 = 100.0%)
1  ... 

Histogram: Extensions.NotAllowlistedEnabled2 recorded 1 samples, mean = 0.0 (flags = 0x41)
0  -O                                                                        (1 = 100.0%)
1  ... 

Histogram: Extensions.ProcessManagerStartupHostsTime2 recorded 1 samples, mean = 0.0 (flags = 0x41)
0  -O                                                                        (1 = 100.0%)
1  ... 

Histogram: Extensions.SearchEngineOverrides recorded 1 samples, mean = 0.0 (flags = 0x41)
0  -O                                                                        (1 = 100.0%)
1  ... 

Histogram: Extensions.SearchEngineOverrides2 recorded 1 samples, mean = 0.0 (flags = 0x41)
0  -O                                                                        (1 = 100.0%)
1  ... 

Histogram: Extensions.StartupPagesOverrides recorded 1 samples, mean = 0.0 (flags = 0x41)
0  -O                                                                        (1 = 100.0%)
1  ... 

Histogram: Extensions.StartupPagesOverrides2 recorded 1 samples, mean = 0.0 (flags = 0x41)
0  -O                                                                        (1 = 100.0%)
1  ... 

Histogram: Extensions.WebRequestBlockingCount recorded 1 samples, mean = 0.0 (flags = 0x41)
0  -O                                                                        (1 = 100.0%)
1  ... 

Histogram: Extensions.WebRequestBlockingCount2 recorded 1 samples, mean = 0.0 (flags = 0x41)
0  -O                                                                        (1 = 100.0%)
1  ... 

Histogram: Extensions.WebRequestCount recorded 1 samples, mean = 0.0 (flags = 0x41)
0  -O                                                                        (1 = 100.0%)
1  ... 

Histogram: Extensions.WebRequestCount2 recorded 1 samples, mean = 0.0 (flags = 0x41)
0  -O                                                                        (1 = 100.0%)
1  ... 

Histogram: FirstPartySets.Database.InitStatus recorded 1 samples, mean = 1.0 (flags = 0x41)
0  O                                                                         (0 = 0.0%)
1  -O                                                                        (1 = 100.0%) {0.0%}
2  ... 

Histogram: FirstPartySets.Database.TransactionFailed recorded 8 samples, mean = 0.0 (flags = 0x41)
0  --------O                                                                 (8 = 100.0%)
1  ... 

Histogram: FirstPartySets.Initialization.ClearSiteDataOutcome recorded 1 samples, mean = 1.0 (flags = 0x41)
0  O                                                                         (0 = 0.0%)
1  -O                                                                        (1 = 100.0%) {0.0%}
2  O                                                                         (0 = 0.0%) {100.0%}

Histogram: FirstPartySets.Initialization.SitesToClear.Count recorded 1 samples, mean = 0.0 (flags = 0x41)
0  -O                                                                        (1 = 100.0%)
1  ... 

Histogram: GCM.DelayedTaskControlledReadyTime recorded 1 samples, mean = 6455.0 (flags = 0x41)
0     ... 
6296  -O                                                                        (1 = 100.0%) {0.0%}
8000  ... 

Histogram: GPU.ANGLE.D3DShaderBlobSizeKB recorded 4 samples, mean = 0.5 (flags = 0x41)
0  ----O                                                                     (4 = 100.0%)
1000... 

Histogram: GPU.ANGLE.D3DShaderCompilationTimeUs recorded 4 samples, mean = 2405.8 (flags = 0x41)
0     ... 
1774  --O                                                                       (2 = 50.0%) {0.0%}
2336  -O                                                                        (1 = 25.0%) {50.0%}
3077  -O                                                                        (1 = 25.0%) {75.0%}
4053  ... 

Histogram: GPU.BlocklistFeatureTestResults.Accelerated2dCanvas recorded 1 samples, mean = 0.0 (flags = 0x41)
0  -O                                                                        (1 = 100.0%)
1  ... 

Histogram: GPU.BlocklistFeatureTestResults.GpuCompositing recorded 1 samples, mean = 0.0 (flags = 0x41)
0  -O                                                                        (1 = 100.0%)
1  ... 

Histogram: GPU.BlocklistFeatureTestResults.GpuRasterization recorded 1 samples, mean = 0.0 (flags = 0x41)
0  -O                                                                        (1 = 100.0%)
1  ... 

Histogram: GPU.BlocklistFeatureTestResults.Webgl recorded 1 samples, mean = 0.0 (flags = 0x41)
0  -O                                                                        (1 = 100.0%)
1  ... 

Histogram: GPU.BlocklistFeatureTestResults.Webgl2 recorded 1 samples, mean = 0.0 (flags = 0x41)
0  -O                                                                        (1 = 100.0%)
1  ... 

Histogram: GPU.BlocklistFeatureTestResults.Webgpu recorded 1 samples, mean = 2.0 (flags = 0x41)
0  ... 
2  -O                                                                        (1 = 100.0%) {0.0%}
3  ... 

Histogram: GPU.BlocklistTestResultsPerEntry recorded 1 samples, mean = 0.0 (flags = 0x41)
0  -O                                                                        (1 = 100.0%)
1  ... 

Histogram: GPU.CanvasOopRaster.OopRasterAndGpuAcceleration recorded 1 samples, mean = 0.0 (flags = 0x41)
0  -O                                                                        (1 = 100.0%)
1  ... 

Histogram: GPU.CompositingMode recorded 6 samples, mean = 1.0 (flags = 0x41)
0  O                                                                         (0 = 0.0%)
1  ------O                                                                   (6 = 100.0%) {0.0%}
2  ... 

Histogram: GPU.D3D12FeatureLevel recorded 1 samples, mean = 2.0 (flags = 0x41)
0  ... 
2  -O                                                                        (1 = 100.0%) {0.0%}
3  ... 

Histogram: GPU.D3D12HighestShaderModel2 recorded 1 samples, mean = 9.0 (flags = 0x41)
0  ... 
9  -O                                                                        (1 = 100.0%) {0.0%}
10 O                                                                         (0 = 0.0%) {100.0%}

Histogram: GPU.DriverBugTestResultsPerEntry recorded 11 samples (flags = 0x41)
0    -O                                                                        (1 = 9.1%)
17   -O                                                                        (1 = 9.1%)
165  -O                                                                        (1 = 9.1%)
206  -O                                                                        (1 = 9.1%)
256  -O                                                                        (1 = 9.1%)
315  -O                                                                        (1 = 9.1%)
403  -O                                                                        (1 = 9.1%)
419  -O                                                                        (1 = 9.1%)
426  -O                                                                        (1 = 9.1%)
430  -O                                                                        (1 = 9.1%)
432  -O                                                                        (1 = 9.1%)

Histogram: GPU.EstablishGpuChannelSyncTime recorded 2 samples, mean = 320.0 (flags = 0x41)
0    ... 
68   -O                                                                        (1 = 50.0%) {0.0%}
81   ... 
533  -O                                                                        (1 = 50.0%) {50.0%}
633  ... 

Histogram: GPU.EstablishGpuChannelSyncTime.FirstRun recorded 2 samples, mean = 320.0 (flags = 0x41)
0    ... 
68   -O                                                                        (1 = 50.0%) {0.0%}
81   ... 
533  -O                                                                        (1 = 50.0%) {50.0%}
633  ... 

Histogram: GPU.GPUProcessLaunchTime recorded 2 samples, mean = 2293.0 (flags = 0x41)
0     ... 
29    -O                                                                        (1 = 50.0%) {0.0%}
34    ... 
4222  -O                                                                        (1 = 50.0%) {50.0%}
5017  ... 

Histogram: GPU.GPUProcessTerminationStatus2 recorded 1 samples, mean = 4.0 (flags = 0x41)
0  ... 
4  -O                                                                        (1 = 100.0%) {0.0%}
5  ... 

Histogram: GPU.HardwareAccelerationModeEnabled recorded 1 samples, mean = 1.0 (flags = 0x41)
0  O                                                                         (0 = 0.0%)
1  -O                                                                        (1 = 100.0%) {0.0%}
2  O                                                                         (0 = 0.0%) {100.0%}

Histogram: GPU.MultiGpu.Nvidia recorded 1 samples (flags = 0x41)
10272  -O                                                                        (1 = 100.0%)

Histogram: GPU.ProcessLifetimeEvents.HardwareAccelerated recorded 1 samples, mean = 0.0 (flags = 0x41)
0  -O                                                                        (1 = 100.0%)
1  ... 

Histogram: GPU.RasterDecoder.TimeToFlush recorded 1 samples, mean = 439.0 (flags = 0x41)
0    ... 
414  -O                                                                        (1 = 100.0%) {0.0%}
471  ... 

Histogram: GPU.SharedImage.BackingType recorded 3 samples, mean = 8.7 (flags = 0x41)
0   ... 
2   -O                                                                        (1 = 33.3%) {0.0%}
3   ... 
12  --O                                                                       (2 = 66.7%) {33.3%}
13  ... 

Histogram: GPU.SharedImage.ContentConsumed recorded 6 samples, mean = 0.5 (flags = 0x41)
0  ---O                                                                      (3 = 50.0%)
1  ---O                                                                      (3 = 50.0%) {50.0%}
2  O                                                                         (0 = 0.0%) {100.0%}

Histogram: GPU.SkiaBackendType recorded 1 samples, mean = 2.0 (flags = 0x41)
0  ... 
2  -O                                                                        (1 = 100.0%) {0.0%}
3  ... 

Histogram: GPU.SupportsDX12 recorded 1 samples, mean = 1.0 (flags = 0x41)
0  O                                                                         (0 = 0.0%)
1  -O                                                                        (1 = 100.0%) {0.0%}
2  O                                                                         (0 = 0.0%) {100.0%}

Histogram: GPU.WatchdogThread.Event recorded 1 samples, mean = 0.0 (flags = 0x41)
0  -O                                                                        (1 = 100.0%)
1  ... 

Histogram: GPU.WatchdogThread.Event.main recorded 1 samples, mean = 0.0 (flags = 0x41)
0  -O                                                                        (1 = 100.0%)
1  ... 

Histogram: GPU.WatchdogThread.Timeout recorded 92 samples, mean = 0.0 (flags = 0x41)
0  ------------------------------------------------------------------------O (92 = 100.0%)
1  ... 

Histogram: GPU.WatchdogThread.Timeout.Normal recorded 92 samples, mean = 0.0 (flags = 0x41)
0  ------------------------------------------------------------------------O (92 = 100.0%)
1  ... 

Histogram: GPU.WatchdogThread.Timeout.Normal.main recorded 92 samples, mean = 0.0 (flags = 0x41)
0  ------------------------------------------------------------------------O (92 = 100.0%)
1  ... 

Histogram: GPU.WatchdogThread.Timeout.main recorded 92 samples, mean = 0.0 (flags = 0x41)
0  ------------------------------------------------------------------------O (92 = 100.0%)
1  ... 

Histogram: Gaia.AuthFetcher.ListAccounts.NetErrorCodes recorded 1 samples (flags = 0x41)
0  -O                                                                        (1 = 100.0%)

Histogram: Gpu.FenceHandle.CloneCountsPerSubmit recorded 4 samples, mean = 0.0 (flags = 0x41)
0  ----O                                                                     (4 = 100.0%)
1  ... 

Histogram: Gpu.GrCompileShaderUs recorded 4 samples, mean = 379.0 (flags = 0x41)
0    ... 
258  --O                                                                       (2 = 50.0%) {0.0%}
340  -O                                                                        (1 = 25.0%) {50.0%}
448  -O                                                                        (1 = 25.0%) {75.0%}
590  ... 

Histogram: Gpu.GrLinkProgramUs recorded 2 samples, mean = 3534.5 (flags = 0x41)
0     ... 
2336  -O                                                                        (1 = 50.0%) {0.0%}
3077  O                                                                         (0 = 0.0%) {50.0%}
4053  -O                                                                        (1 = 50.0%) {50.0%}
5338  ... 

Histogram: Gpu.PassthroughProgramCacheLoadHitInCache recorded 2 samples, mean = 0.0 (flags = 0x41)
0  --O                                                                       (2 = 100.0%)
1  ... 

Histogram: Gpu.Rasterization.Raster.MSAASampleCountLog2 recorded 1 samples, mean = 0.0 (flags = 0x41)
0  -O                                                                        (1 = 100.0%)
1  ... 

Histogram: HangWatcher.IsThreadHung.BrowserProcess.IOThread.Normal recorded 187 samples, mean = 0.0 (flags = 0x41)
0  ------------------------------------------------------------------------O (187 = 100.0%)
1  ... 

Histogram: HangWatcher.IsThreadHung.BrowserProcess.UIThread.Normal recorded 187 samples, mean = 0.0 (flags = 0x41)
0  ------------------------------------------------------------------------O (187 = 100.0%)
1  ... 

Histogram: HangWatcher.IsThreadHung.RendererProcess.IOThread recorded 186 samples, mean = 0.0 (flags = 0x41)
0  ------------------------------------------------------------------------O (186 = 100.0%)
1  ... 

Histogram: HangWatcher.IsThreadHung.RendererProcess.IOThread.BestEffort recorded 1 samples, mean = 0.0 (flags = 0x41)
0  -O                                                                        (1 = 100.0%)
1  ... 

Histogram: HangWatcher.IsThreadHung.RendererProcess.MainThread recorded 186 samples, mean = 0.0 (flags = 0x41)
0  ------------------------------------------------------------------------O (186 = 100.0%)
1  ... 

Histogram: HangWatcher.IsThreadHung.RendererProcess.MainThread.BestEffort recorded 1 samples, mean = 0.0 (flags = 0x41)
0  -O                                                                        (1 = 100.0%)
1  ... 

Histogram: HangWatcher.IsThreadHung.UtilityProcess.IOThread recorded 374 samples, mean = 0.0 (flags = 0x41)
0  ------------------------------------------------------------------------O (374 = 100.0%)
1  ... 

Histogram: HangWatcher.IsThreadHung.UtilityProcess.MainThread recorded 374 samples, mean = 0.0 (flags = 0x41)
0  ------------------------------------------------------------------------O (374 = 100.0%)
1  ... 

Histogram: HangWatcher.SleepDrift.BrowserProcess recorded 748 samples, mean = 5.4 (flags = 0x41)
0   ------------------------------------------------------------------------O (210 = 28.1%)
1   ---------------O                                                          (44 = 5.9%) {28.1%}
2   ----------------O                                                         (46 = 6.1%) {34.0%}
3   ---------------O                                                          (45 = 6.0%) {40.1%}
4   ---------O                                                                (25 = 3.3%) {46.1%}
5   -------O                                                                  (20 = 2.7%) {49.5%}
6   ---------------O                                                          (44 = 5.9%) {52.1%}
7   ----------------O                                                         (48 = 6.4%) {58.0%}
8   -------------------------O                                                (72 = 9.6%) {64.4%}
10  --------------------------O                                               (75 = 10.0%) {74.1%}
12  ---------------------------O                                              (80 = 10.7%) {84.1%}
14  -------------O                                                            (39 = 5.2%) {94.8%}
17  ... 

Histogram: Hardware.Display.Count.OnStartup recorded 1 samples, mean = 1.0 (flags = 0x41)
0  O                                                                         (0 = 0.0%)
1  -O                                                                        (1 = 100.0%) {0.0%}
2  ... 

Histogram: Hardware.Display.SupportsHDR recorded 1 samples, mean = 0.0 (flags = 0x41)
0  -O                                                                        (1 = 100.0%)
1  ... 

Histogram: HeapProfiling.InProcess.Enabled recorded 1 samples, mean = 0.0 (flags = 0x41)
0  -O                                                                        (1 = 100.0%)
1  ... 

Histogram: HeapProfiling.InProcess.Enabled.Browser recorded 1 samples, mean = 0.0 (flags = 0x41)
0  -O                                                                        (1 = 100.0%)
1  ... 

Histogram: Histogram.TooManyBuckets.1000 recorded 4 samples (flags = 0x41)
-2140283801 --O                                                                       (2 = 50.0%)
1721222685  --O                                                                       (2 = 50.0%)

Histogram: History.Backend.TransactionCommitSuccess recorded 2 samples, mean = 1.0 (flags = 0x41)
0  O                                                                         (0 = 0.0%)
1  --O                                                                       (2 = 100.0%) {0.0%}
2  O                                                                         (0 = 0.0%) {100.0%}

Histogram: History.ClearBrowsingData.TaskQueueAtShutdown recorded 1 samples, mean = 0.0 (flags = 0x41)
0  -O                                                                        (1 = 100.0%)
1  ... 

Histogram: History.Clusters.ContextClusterer.NumClusters.AtCleanUp recorded 3 samples, mean = 1.0 (flags = 0x41)
0  O                                                                         (0 = 0.0%)
1  ---O                                                                      (3 = 100.0%) {0.0%}
2  ... 

Histogram: History.Clusters.ContextClusterer.NumClusters.CleanedUp recorded 3 samples, mean = 0.0 (flags = 0x41)
0  ---O                                                                      (3 = 100.0%)
1  ... 

Histogram: History.Clusters.ContextClusterer.NumClusters.PostCleanUp recorded 3 samples, mean = 1.0 (flags = 0x41)
0  O                                                                         (0 = 0.0%)
1  ---O                                                                      (3 = 100.0%) {0.0%}
2  ... 

Histogram: History.Clusters.ContextClusterer.VisitProcessingLatency.CleanUpTimer recorded 3 samples, mean = 0.0 (flags = 0x41)
0  ---O                                                                      (3 = 100.0%)
1  ... 

Histogram: History.Clusters.ContextClusterer.VisitProcessingLatency.UrlVisited recorded 4 samples, mean = 0.0 (flags = 0x41)
0  ----O                                                                     (4 = 100.0%)
1  ... 

Histogram: History.Clusters.JourneysEligibleAndEnabledAtSessionStart recorded 1 samples, mean = 1.0 (flags = 0x41)
0  O                                                                         (0 = 0.0%)
1  -O                                                                        (1 = 100.0%) {0.0%}
2  O                                                                         (0 = 0.0%) {100.0%}

Histogram: History.Clusters.KeywordCache.LoadCachesFromPrefs.Latency recorded 1 samples, mean = 0.0 (flags = 0x41)
0  -O                                                                        (1 = 100.0%)
1  ... 

Histogram: History.DomainCount1Day_V2 recorded 1 samples, mean = 1.0 (flags = 0x41)
0  O                                                                         (0 = 0.0%)
1  -O                                                                        (1 = 100.0%) {0.0%}
2  ... 

Histogram: History.DomainCount1Day_V3 recorded 1 samples, mean = 1.0 (flags = 0x41)
0  O                                                                         (0 = 0.0%)
1  -O                                                                        (1 = 100.0%) {0.0%}
2  ... 

Histogram: History.DomainCount28Day_V2 recorded 1 samples, mean = 1.0 (flags = 0x41)
0  O                                                                         (0 = 0.0%)
1  -O                                                                        (1 = 100.0%) {0.0%}
2  ... 

Histogram: History.DomainCount28Day_V3 recorded 1 samples, mean = 1.0 (flags = 0x41)
0  O                                                                         (0 = 0.0%)
1  -O                                                                        (1 = 100.0%) {0.0%}
2  ... 

Histogram: History.DomainCount7Day_V2 recorded 1 samples, mean = 1.0 (flags = 0x41)
0  O                                                                         (0 = 0.0%)
1  -O                                                                        (1 = 100.0%) {0.0%}
2  ... 

Histogram: History.DomainCount7Day_V3 recorded 1 samples, mean = 1.0 (flags = 0x41)
0  O                                                                         (0 = 0.0%)
1  -O                                                                        (1 = 100.0%) {0.0%}
2  ... 

Histogram: History.InMemoryDBItemCount recorded 1 samples, mean = 2.0 (flags = 0x41)
0  ... 
2  -O                                                                        (1 = 100.0%) {0.0%}
3  ... 

Histogram: History.TopSites.QueryFromHistoryTime recorded 1 samples, mean = 14.0 (flags = 0x41)
0   ... 
14  -O                                                                        (1 = 100.0%) {0.0%}
17  ... 

Histogram: History.VisitedLinks.HashTableLengthOnReaderInit recorded 2 samples, mean = 16381.0 (flags = 0x41)
0      ... 
14319  --O                                                                       (2 = 100.0%) {0.0%}
19866  ... 

Histogram: History.VisitedLinks.HashTableSizeOnTableCreate recorded 2 samples, mean = 0.0 (flags = 0x41)
0  --O                                                                       (2 = 100.0%)
1  ... 

Histogram: History.VisitedLinks.HashTableUsageOnLinkAdded recorded 4 samples, mean = 3.8 (flags = 0x41)
0  -O                                                                        (1 = 25.0%)
1  ... 
4  ---O                                                                      (3 = 75.0%) {25.0%}
6  ... 

Histogram: History.VisitedLinks.TryToAddFingerprint recorded 5 samples, mean = 0.8 (flags = 0x41)
0  -O                                                                        (1 = 20.0%)
1  ----O                                                                     (4 = 80.0%) {20.0%}
2  ... 

Histogram: History.VisitedLinks.VisitLoggedFromMainFrame recorded 3 samples, mean = 1.0 (flags = 0x41)
0  O                                                                         (0 = 0.0%)
1  ---O                                                                      (3 = 100.0%) {0.0%}
2  O                                                                         (0 = 0.0%) {100.0%}

Histogram: History.VisitedLinks.VisitLoggedFromTransition recorded 3 samples, mean = 1.7 (flags = 0x41)
0  O                                                                         (0 = 0.0%)
1  -O                                                                        (1 = 33.3%) {0.0%}
2  --O                                                                       (2 = 66.7%) {33.3%}
3  ... 

Histogram: HttpCache.AccessToDone2 recorded 47 samples, mean = 33.2 (flags = 0x41)
0    -O                                                                        (1 = 2.1%)
1    ----O                                                                     (4 = 8.5%) {2.1%}
2    ---O                                                                      (3 = 6.4%) {10.6%}
3    O                                                                         (0 = 0.0%) {17.0%}
4    ----O                                                                     (4 = 8.5%) {17.0%}
5    ---O                                                                      (3 = 6.4%) {25.5%}
6    O                                                                         (0 = 0.0%) {31.9%}
7    -O                                                                        (1 = 2.1%) {31.9%}
8    -O                                                                        (1 = 2.1%) {34.0%}
9    ---O                                                                      (3 = 6.4%) {36.2%}
10   -O                                                                        (1 = 2.1%) {42.6%}
11   --O                                                                       (2 = 4.3%) {44.7%}
12   --O                                                                       (2 = 4.3%) {48.9%}
13   ---O                                                                      (3 = 6.4%) {53.2%}
14   ----O                                                                     (4 = 8.5%) {59.6%}
15   ... 
18   -O                                                                        (1 = 2.1%) {68.1%}
20   ... 
26   -O                                                                        (1 = 2.1%) {70.2%}
28   ... 
34   --O                                                                       (2 = 4.3%) {72.3%}
37   --O                                                                       (2 = 4.3%) {76.6%}
41   ... 
65   --O                                                                       (2 = 4.3%) {80.9%}
71   --O                                                                       (2 = 4.3%) {85.1%}
78   ... 
112  -O                                                                        (1 = 2.1%) {89.4%}
123  ... 
162  --O                                                                       (2 = 4.3%) {91.5%}
177  -O                                                                        (1 = 2.1%) {95.7%}
194  -O                                                                        (1 = 2.1%) {97.9%}
212  ... 

Histogram: HttpCache.AccessToDone2.SentRequest recorded 12 samples, mean = 100.9 (flags = 0x41)
0    ... 
34   --O                                                                       (2 = 16.7%) {0.0%}
37   --O                                                                       (2 = 16.7%) {16.7%}
41   ... 
65   --O                                                                       (2 = 16.7%) {33.3%}
71   -O                                                                        (1 = 8.3%) {50.0%}
78   ... 
112  -O                                                                        (1 = 8.3%) {58.3%}
123  ... 
162  --O                                                                       (2 = 16.7%) {66.7%}
177  -O                                                                        (1 = 8.3%) {83.3%}
194  -O                                                                        (1 = 8.3%) {91.7%}
212  ... 

Histogram: HttpCache.AccessToDone2.Used recorded 35 samples, mean = 10.0 (flags = 0x41)
0   -O                                                                        (1 = 2.9%)
1   ----O                                                                     (4 = 11.4%) {2.9%}
2   ---O                                                                      (3 = 8.6%) {14.3%}
3   O                                                                         (0 = 0.0%) {22.9%}
4   ----O                                                                     (4 = 11.4%) {22.9%}
5   ---O                                                                      (3 = 8.6%) {34.3%}
6   O                                                                         (0 = 0.0%) {42.9%}
7   -O                                                                        (1 = 2.9%) {42.9%}
8   -O                                                                        (1 = 2.9%) {45.7%}
9   ---O                                                                      (3 = 8.6%) {48.6%}
10  -O                                                                        (1 = 2.9%) {57.1%}
11  --O                                                                       (2 = 5.7%) {60.0%}
12  --O                                                                       (2 = 5.7%) {65.7%}
13  ---O                                                                      (3 = 8.6%) {71.4%}
14  ----O                                                                     (4 = 11.4%) {80.0%}
15  ... 
18  -O                                                                        (1 = 2.9%) {91.4%}
19  ... 
25  -O                                                                        (1 = 2.9%) {94.3%}
27  ... 
70  -O                                                                        (1 = 2.9%) {97.1%}
75  ... 

Histogram: HttpCache.AddTransactionToEntry recorded 47 samples, mean = 0.0 (flags = 0x41)
0  -----------------------------------------------O                          (47 = 100.0%)
1  ... 

Histogram: HttpCache.BeforeSend recorded 12 samples, mean = 1.0 (flags = 0x41)
0  ---------O                                                                (9 = 75.0%)
1  -O                                                                        (1 = 8.3%) {75.0%}
2  ... 
5  -O                                                                        (1 = 8.3%) {83.3%}
6  -O                                                                        (1 = 8.3%) {91.7%}
7  ... 

Histogram: HttpCache.BeforeSend.CantConditionalize recorded 5 samples, mean = 0.0 (flags = 0x41)
0  -----O                                                                    (5 = 100.0%)
1  ... 

Histogram: HttpCache.BeforeSend.NotCached recorded 3 samples, mean = 0.0 (flags = 0x41)
0  ---O                                                                      (3 = 100.0%)
1  ... 

Histogram: HttpCache.BeforeSend.Updated recorded 1 samples, mean = 6.0 (flags = 0x41)
0  ... 
6  -O                                                                        (1 = 100.0%) {0.0%}
7  ... 

Histogram: HttpCache.BeforeSend.Validated recorded 3 samples, mean = 2.0 (flags = 0x41)
0  -O                                                                        (1 = 33.3%)
1  -O                                                                        (1 = 33.3%) {33.3%}
2  ... 
5  -O                                                                        (1 = 33.3%) {66.7%}
6  ... 

Histogram: HttpCache.CreateDiskEntry recorded 3 samples, mean = 0.0 (flags = 0x41)
0  ---O                                                                      (3 = 100.0%)
1  ... 

Histogram: HttpCache.HardReset recorded 1 samples, mean = 0.0 (flags = 0x40)
0  -O                                                                        (1 = 100.0%)
1  ... 

Histogram: HttpCache.IsNoStore recorded 47 samples, mean = 0.1 (flags = 0x41)
0  --------------------------------------------O                             (44 = 93.6%)
1  ---O                                                                      (3 = 6.4%) {93.6%}
2  O                                                                         (0 = 0.0%) {100.0%}

Histogram: HttpCache.IsNoStore.MainFrameHTML recorded 1 samples, mean = 1.0 (flags = 0x41)
0  O                                                                         (0 = 0.0%)
1  -O                                                                        (1 = 100.0%) {0.0%}
2  O                                                                         (0 = 0.0%) {100.0%}

Histogram: HttpCache.MaxFileSizeOnInit recorded 1 samples, mean = 40960.0 (flags = 0x41)
0      ... 
37526  -O                                                                        (1 = 100.0%) {0.0%}
42713  ... 

Histogram: HttpCache.OpenDiskEntry recorded 44 samples, mean = 0.0 (flags = 0x41)
0  --------------------------------------------O                             (44 = 100.0%)
1  ... 

Histogram: HttpCache.Pattern recorded 47 samples, mean = 3.4 (flags = 0x41)
0  ... 
2  ---O                                                                      (3 = 6.4%) {0.0%}
3  -----------------------------------O                                      (35 = 74.5%) {6.4%}
4  ---O                                                                      (3 = 6.4%) {80.9%}
5  -O                                                                        (1 = 2.1%) {87.2%}
6  -----O                                                                    (5 = 10.6%) {89.4%}
7  O                                                                         (0 = 0.0%) {100.0%}

Histogram: HttpCache.Pattern.CSS recorded 8 samples, mean = 3.1 (flags = 0x41)
0  ... 
3  -------O                                                                  (7 = 87.5%) {0.0%}
4  -O                                                                        (1 = 12.5%) {87.5%}
5  ... 

Histogram: HttpCache.Pattern.CSSThirdParty recorded 8 samples, mean = 3.1 (flags = 0x41)
0  ... 
3  -------O                                                                  (7 = 87.5%) {0.0%}
4  -O                                                                        (1 = 12.5%) {87.5%}
5  ... 

Histogram: HttpCache.Pattern.Font recorded 5 samples, mean = 3.0 (flags = 0x41)
0  ... 
3  -----O                                                                    (5 = 100.0%) {0.0%}
4  ... 

Histogram: HttpCache.Pattern.FontThirdParty recorded 5 samples, mean = 3.0 (flags = 0x41)
0  ... 
3  -----O                                                                    (5 = 100.0%) {0.0%}
4  ... 

Histogram: HttpCache.Pattern.Image recorded 1 samples, mean = 3.0 (flags = 0x41)
0  ... 
3  -O                                                                        (1 = 100.0%) {0.0%}
4  ... 

Histogram: HttpCache.Pattern.JavaScript recorded 24 samples, mean = 3.2 (flags = 0x41)
0  ... 
3  ---------------------O                                                    (21 = 87.5%) {0.0%}
4  -O                                                                        (1 = 4.2%) {87.5%}
5  -O                                                                        (1 = 4.2%) {91.7%}
6  -O                                                                        (1 = 4.2%) {95.8%}
7  O                                                                         (0 = 0.0%) {100.0%}

Histogram: HttpCache.Pattern.JavaScriptThirdParty recorded 23 samples, mean = 3.1 (flags = 0x41)
0  ... 
3  ---------------------O                                                    (21 = 91.3%) {0.0%}
4  -O                                                                        (1 = 4.3%) {91.3%}
5  -O                                                                        (1 = 4.3%) {95.7%}
6  ... 

Histogram: HttpCache.Pattern.MainFrameHTML recorded 1 samples, mean = 2.0 (flags = 0x41)
0  ... 
2  -O                                                                        (1 = 100.0%) {0.0%}
3  ... 

Histogram: HttpCache.Pattern.NonTinyImage recorded 1 samples, mean = 3.0 (flags = 0x41)
0  ... 
3  -O                                                                        (1 = 100.0%) {0.0%}
4  ... 

Histogram: HttpCache.TotalDiskCacheTimePerTransaction.Read recorded 9 samples, mean = 1.1 (flags = 0x41)
0  ------O                                                                   (6 = 66.7%)
1  -O                                                                        (1 = 11.1%) {66.7%}
2  ... 
4  -O                                                                        (1 = 11.1%) {77.8%}
5  -O                                                                        (1 = 11.1%) {88.9%}
6  ... 

Histogram: HttpCache.TotalDiskCacheTimePerTransaction.Write recorded 9 samples, mean = 3.0 (flags = 0x41)
0   -------O                                                                  (7 = 77.8%)
1   ... 
4   -O                                                                        (1 = 11.1%) {77.8%}
5   ... 
20  -O                                                                        (1 = 11.1%) {88.9%}
24  ... 

Histogram: ImageDecoder.Png.UiGfxIntoSkBitmap recorded 1 samples, mean = 90.0 (flags = 0x41)
0   ... 
86  -O                                                                        (1 = 100.0%) {0.0%}
113 ... 

Histogram: ImportantFile.FileReplaceRetryCount recorded 27 samples, mean = 0.0 (flags = 0x41)
0  ---------------------------O                                              (27 = 100.0%)
1  ... 

Histogram: ImportantFile.SerializationDuration recorded 12 samples, mean = 0.0 (flags = 0x41)
0  ------------O                                                             (12 = 100.0%)
1  ... 

Histogram: ImportantFile.SerializationDuration.Local_State recorded 8 samples, mean = 0.0 (flags = 0x41)
0  --------O                                                                 (8 = 100.0%)
1  ... 

Histogram: ImportantFile.SerializationDuration.Preferences recorded 3 samples, mean = 0.0 (flags = 0x41)
0  ---O                                                                      (3 = 100.0%)
1  ... 

Histogram: ImportantFile.SerializationDuration.TransportSecurityPersister recorded 1 samples, mean = 0.0 (flags = 0x41)
0  -O                                                                        (1 = 100.0%)
1  ... 

Histogram: ImportantFile.WriteDuration recorded 12 samples, mean = 37.1 (flags = 0x41)
0    ... 
24   ---O                                                                      (3 = 25.0%) {0.0%}
29   -------O                                                                  (7 = 58.3%) {25.0%}
34   -O                                                                        (1 = 8.3%) {83.3%}
40   ... 
114  -O                                                                        (1 = 8.3%) {91.7%}
135  ... 

Histogram: ImportantFile.WriteDuration.Local_State recorded 8 samples, mean = 27.6 (flags = 0x41)
0   ... 
10  -O                                                                        (1 = 12.5%) {0.0%}
12  --O                                                                       (2 = 25.0%) {12.5%}
14  ---O                                                                      (3 = 37.5%) {37.5%}
17  ... 
57  -O                                                                        (1 = 12.5%) {75.0%}
68  -O                                                                        (1 = 12.5%) {87.5%}
81  ... 

Histogram: ImportantFile.WriteDuration.Preferences recorded 3 samples, mean = 32.3 (flags = 0x41)
0   ... 
10  -O                                                                        (1 = 33.3%) {0.0%}
12  -O                                                                        (1 = 33.3%) {33.3%}
14  ... 
68  -O                                                                        (1 = 33.3%) {66.7%}
81  ... 

Histogram: ImportantFile.WriteDuration.SCTAuditing recorded 2 samples, mean = 105.0 (flags = 0x41)
0    ... 
81   -O                                                                        (1 = 50.0%) {0.0%}
96   O                                                                         (0 = 0.0%) {50.0%}
114  -O                                                                        (1 = 50.0%) {50.0%}
135  ... 

Histogram: ImportantFile.WriteDuration.TransportSecurityPersister recorded 1 samples, mean = 26.0 (flags = 0x41)
0   ... 
24  -O                                                                        (1 = 100.0%) {0.0%}
29  ... 

Histogram: ImportantFile.WriteDuration.TrustedVault recorded 1 samples, mean = 12.0 (flags = 0x41)
0   ... 
12  -O                                                                        (1 = 100.0%) {0.0%}
14  ... 

Histogram: InProductHelp.Config.ParsingEvent recorded 68 samples, mean = 6.4 (flags = 0x41)
0   -----------------------------O                                            (29 = 42.6%)
1   O                                                                         (0 = 0.0%) {42.6%}
2   ---------O                                                                (9 = 13.2%) {42.6%}
3   ... 
14  ------------------------------O                                           (30 = 44.1%) {55.9%}
15  ... 

Histogram: InProductHelp.Db.Init.AvailabilityStore recorded 1 samples, mean = 1.0 (flags = 0x41)
0  O                                                                         (0 = 0.0%)
1  -O                                                                        (1 = 100.0%) {0.0%}
2  O                                                                         (0 = 0.0%) {100.0%}

Histogram: InProductHelp.Db.Init.EventStore recorded 1 samples, mean = 1.0 (flags = 0x41)
0  O                                                                         (0 = 0.0%)
1  -O                                                                        (1 = 100.0%) {0.0%}
2  O                                                                         (0 = 0.0%) {100.0%}

Histogram: InProductHelp.Db.Load.AvailabilityStore recorded 1 samples, mean = 1.0 (flags = 0x41)
0  O                                                                         (0 = 0.0%)
1  -O                                                                        (1 = 100.0%) {0.0%}
2  O                                                                         (0 = 0.0%) {100.0%}

Histogram: InProductHelp.Db.Load.EventStore recorded 1 samples, mean = 1.0 (flags = 0x41)
0  O                                                                         (0 = 0.0%)
1  -O                                                                        (1 = 100.0%) {0.0%}
2  O                                                                         (0 = 0.0%) {100.0%}

Histogram: InProductHelp.Db.TotalEvents recorded 1 samples, mean = 0.0 (flags = 0x41)
0  -O                                                                        (1 = 100.0%)
1  ... 

Histogram: InProductHelp.Db.Update.AvailabilityStore recorded 1 samples, mean = 1.0 (flags = 0x41)
0  O                                                                         (0 = 0.0%)
1  -O                                                                        (1 = 100.0%) {0.0%}
2  O                                                                         (0 = 0.0%) {100.0%}

Histogram: IndexedDB.ContextShutdownDuration recorded 1 samples, mean = 2.0 (flags = 0x41)
0  ... 
2  -O                                                                        (1 = 100.0%) {0.0%}
3  ... 

Histogram: Input.Digitizer.MaxTouchPoints.DirectPen recorded 1 samples, mean = 1.0 (flags = 0x41)
0  O                                                                         (0 = 0.0%)
1  -O                                                                        (1 = 100.0%) {0.0%}
2  ... 

Histogram: Input.Digitizer.MaxTouchPointsSupportedBySystemAtStartup recorded 1 samples, mean = 0.0 (flags = 0x41)
0  -O                                                                        (1 = 100.0%)
1  ... 

Histogram: Input.Digitizer.OnStartup recorded 1 samples, mean = 1.0 (flags = 0x41)
0  O                                                                         (0 = 0.0%)
1  -O                                                                        (1 = 100.0%) {0.0%}
2  ... 

Histogram: Input.PointerTypePrimary recorded 1 samples, mean = 2.0 (flags = 0x41)
0  ... 
2  -O                                                                        (1 = 100.0%) {0.0%}
3  O                                                                         (0 = 0.0%) {100.0%}

Histogram: Input.PointerTypesAll recorded 1 samples, mean = 2.0 (flags = 0x41)
0  ... 
2  -O                                                                        (1 = 100.0%) {0.0%}
3  ... 

Histogram: LanguageDetection.TFLiteModel.WasModelRequestDeferred recorded 2 samples, mean = 1.0 (flags = 0x41)
0  O                                                                         (0 = 0.0%)
1  --O                                                                       (2 = 100.0%) {0.0%}
2  O                                                                         (0 = 0.0%) {100.0%}

Histogram: LanguageUsage.AcceptLanguage recorded 1 samples (flags = 0x41)
25966  -O                                                                        (1 = 100.0%)

Histogram: LanguageUsage.AcceptLanguage.Count recorded 1 samples, mean = 1.0 (flags = 0x41)
0  O                                                                         (0 = 0.0%)
1  -O                                                                        (1 = 100.0%) {0.0%}
2  ... 

Histogram: LanguageUsage.AcceptLanguageAndContentLanguageUsage recorded 1 samples, mean = 0.0 (flags = 0x41)
0  -O                                                                        (1 = 100.0%)
1  ... 

Histogram: LanguageUsage.AcceptLanguageAndXmlHtmlLangUsage recorded 1 samples, mean = 7.0 (flags = 0x41)
0  ... 
7  -O                                                                        (1 = 100.0%) {0.0%}
8  O                                                                         (0 = 0.0%) {100.0%}

Histogram: LevelDB.ApproximateMemTableMemoryUse.BudgetManager recorded 0 samples (flags = 0x41)
0 ... 

Histogram: LevelDB.ApproximateMemTableMemoryUse.CartDatabase recorded 0 samples (flags = 0x41)
0 ... 

Histogram: LevelDB.ApproximateMemTableMemoryUse.ClientCertificatesDatabase recorded 0 samples (flags = 0x41)
0 ... 

Histogram: LevelDB.ApproximateMemTableMemoryUse.CommerceParcelTrackingDatabase recorded 0 samples (flags = 0x41)
0 ... 

Histogram: LevelDB.ApproximateMemTableMemoryUse.CommerceSubscriptionDatabase recorded 0 samples (flags = 0x41)
0 ... 

Histogram: LevelDB.ApproximateMemTableMemoryUse.CouponDatabase recorded 0 samples (flags = 0x41)
0 ... 

Histogram: LevelDB.ApproximateMemTableMemoryUse.DiscountsDatabase recorded 0 samples (flags = 0x41)
0 ... 

Histogram: LevelDB.ApproximateMemTableMemoryUse.DownloadDB recorded 0 samples (flags = 0x41)
0 ... 

Histogram: LevelDB.ApproximateMemTableMemoryUse.DownloadService recorded 0 samples (flags = 0x41)
0 ... 

Histogram: LevelDB.ApproximateMemTableMemoryUse.FeatureEngagementTrackerAvailabilityStore recorded 0 samples (flags = 0x41)
0 ... 

Histogram: LevelDB.ApproximateMemTableMemoryUse.FeatureEngagementTrackerEventStore recorded 0 samples (flags = 0x41)
0 ... 

Histogram: LevelDB.ApproximateMemTableMemoryUse.GCMKeyStore recorded 1 samples, mean = 4104.0 (flags = 0x41)
0  O                                                                         (0 = 0.0%)
1  -O                                                                        (1 = 100.0%) {0.0%}
270601... 

Histogram: LevelDB.ApproximateMemTableMemoryUse.Metadata recorded 1 samples, mean = 4104.0 (flags = 0x41)
0  O                                                                         (0 = 0.0%)
1  -O                                                                        (1 = 100.0%) {0.0%}
270601... 

Histogram: LevelDB.ApproximateMemTableMemoryUse.PersistentOriginTrials recorded 0 samples (flags = 0x41)
0 ... 

Histogram: LevelDB.ApproximateMemTableMemoryUse.PreviewsHintCacheStore recorded 0 samples (flags = 0x41)
0 ... 

Histogram: LevelDB.ApproximateMemTableMemoryUse.SegmentInfoDatabase recorded 0 samples (flags = 0x41)
0 ... 

Histogram: LevelDB.ApproximateMemTableMemoryUse.SharedProtoDB recorded 1 samples, mean = 65664.0 (flags = 0x41)
0  O                                                                         (0 = 0.0%)
1  -O                                                                        (1 = 100.0%) {0.0%}
270601... 

Histogram: LevelDB.ApproximateMemTableMemoryUse.SignalDatabase recorded 0 samples (flags = 0x41)
0 ... 

Histogram: LevelDB.ApproximateMemTableMemoryUse.SignalStorageConfigDatabase recorded 0 samples (flags = 0x41)
0 ... 

Histogram: LevelDB.ApproximateMemTableMemoryUse.StrikeService recorded 0 samples (flags = 0x41)
0 ... 

Histogram: LevelDBEnv.DeleteTableBackupFile recorded 0 samples (flags = 0x41)
0 ... 

Histogram: LevelDBEnv.SyncResult recorded 21 samples, mean = 0.0 (flags = 0x41)
0  ---------------------O                                                    (21 = 100.0%)
1  ... 

Histogram: LevelDBWrapper.CommitDelay recorded 2 samples, mean = 5000.0 (flags = 0x41)
0     ... 
4516  --O                                                                       (2 = 100.0%) {0.0%}
6118  ... 

Histogram: LoadingPredictor.PreconnectCount recorded 1 samples, mean = 1.0 (flags = 0x41)
0  O                                                                         (0 = 0.0%)
1  -O                                                                        (1 = 100.0%) {0.0%}
2  ... 

Histogram: LoadingPredictor.PreconnectHitsPercentage recorded 1 samples, mean = 100.0 (flags = 0x41)
0    ... 
100  -O                                                                        (1 = 100.0%) {0.0%}
101  O                                                                         (0 = 0.0%) {100.0%}

Histogram: LoadingPredictor.PredictorDatabaseFileSize recorded 1 samples, mean = 44.0 (flags = 0x41)
0   ... 
37  -O                                                                        (1 = 100.0%) {0.0%}
49  ... 

Histogram: LoadingPredictor.PreresolveCount recorded 1 samples, mean = 1.0 (flags = 0x41)
0  O                                                                         (0 = 0.0%)
1  -O                                                                        (1 = 100.0%) {0.0%}
2  ... 

Histogram: LoadingPredictor.PreresolveHitsPercentage recorded 1 samples, mean = 100.0 (flags = 0x41)
0    ... 
100  -O                                                                        (1 = 100.0%) {0.0%}
101  O                                                                         (0 = 0.0%) {100.0%}

Histogram: LocalStorage.MojoSizeInKB recorded 2 samples, mean = 3.0 (flags = 0x41)
0  -O                                                                        (1 = 50.0%)
1  ... 
6  -O                                                                        (1 = 50.0%) {50.0%}
7  ... 

Histogram: LocalStorage.MojoTimeToPrime recorded 2 samples, mean = 0.0 (flags = 0x41)
0  --O                                                                       (2 = 100.0%)
1  ... 

Histogram: LocalStorage.MojoTimeToPrimeForUnder100KB recorded 2 samples, mean = 0.0 (flags = 0x41)
0  --O                                                                       (2 = 100.0%)
1  ... 

Histogram: LocalStorage.RendererAreaCacheHit recorded 2 samples, mean = 1.0 (flags = 0x41)
0  -O                                                                        (1 = 50.0%)
1  O                                                                         (0 = 0.0%) {50.0%}
2  -O                                                                        (1 = 50.0%) {50.0%}
3  O                                                                         (0 = 0.0%) {100.0%}

Histogram: LocalStorageContext.ShutDown.MaybeDroppedChanges recorded 1 samples, mean = 0.0 (flags = 0x40)
0  -O                                                                        (1 = 100.0%)
1  ... 

Histogram: MPArch.ChildProcessLaunchFirst recorded 1 samples, mean = 19.0 (flags = 0x41)
0   ... 
17  -O                                                                        (1 = 100.0%) {0.0%}
20  ... 

Histogram: MPArch.ChildProcessLaunchSubsequent recorded 19 samples, mean = 18.3 (flags = 0x41)
0   ... 
14  ----O                                                                     (4 = 21.1%) {0.0%}
17  ------------O                                                             (12 = 63.2%) {21.1%}
20  --O                                                                       (2 = 10.5%) {84.2%}
24  O                                                                         (0 = 0.0%) {94.7%}
29  -O                                                                        (1 = 5.3%) {94.7%}
34  ... 

Histogram: ManagedUsers.BlockedIframeCount recorded 1 samples, mean = 0.0 (flags = 0x41)
0  -O                                                                        (1 = 100.0%)
1  ... 

Histogram: Manifest.HasProperty.description recorded 1 samples, mean = 0.0 (flags = 0x41)
0  -O                                                                        (1 = 100.0%)
1  ... 

Histogram: Manifest.HasProperty.display recorded 1 samples, mean = 1.0 (flags = 0x41)
0  O                                                                         (0 = 0.0%)
1  -O                                                                        (1 = 100.0%) {0.0%}
2  O                                                                         (0 = 0.0%) {100.0%}

Histogram: Manifest.HasProperty.gcm_sender_id recorded 1 samples, mean = 0.0 (flags = 0x41)
0  -O                                                                        (1 = 100.0%)
1  ... 

Histogram: Manifest.HasProperty.icons recorded 1 samples, mean = 1.0 (flags = 0x41)
0  O                                                                         (0 = 0.0%)
1  -O                                                                        (1 = 100.0%) {0.0%}
2  O                                                                         (0 = 0.0%) {100.0%}

Histogram: Manifest.HasProperty.name recorded 1 samples, mean = 1.0 (flags = 0x41)
0  O                                                                         (0 = 0.0%)
1  -O                                                                        (1 = 100.0%) {0.0%}
2  O                                                                         (0 = 0.0%) {100.0%}

Histogram: Manifest.HasProperty.orientation recorded 1 samples, mean = 0.0 (flags = 0x41)
0  -O                                                                        (1 = 100.0%)
1  ... 

Histogram: Manifest.HasProperty.protocol_handlers recorded 1 samples, mean = 0.0 (flags = 0x41)
0  -O                                                                        (1 = 100.0%)
1  ... 

Histogram: Manifest.HasProperty.screenshots recorded 1 samples, mean = 0.0 (flags = 0x41)
0  -O                                                                        (1 = 100.0%)
1  ... 

Histogram: Manifest.HasProperty.share_target recorded 1 samples, mean = 0.0 (flags = 0x41)
0  -O                                                                        (1 = 100.0%)
1  ... 

Histogram: Manifest.HasProperty.short_name recorded 1 samples, mean = 1.0 (flags = 0x41)
0  O                                                                         (0 = 0.0%)
1  -O                                                                        (1 = 100.0%) {0.0%}
2  O                                                                         (0 = 0.0%) {100.0%}

Histogram: Manifest.HasProperty.start_url recorded 1 samples, mean = 1.0 (flags = 0x41)
0  O                                                                         (0 = 0.0%)
1  -O                                                                        (1 = 100.0%) {0.0%}
2  O                                                                         (0 = 0.0%) {100.0%}

Histogram: Manifest.ParseIdResult recorded 1 samples, mean = 1.0 (flags = 0x41)
0  O                                                                         (0 = 0.0%)
1  -O                                                                        (1 = 100.0%) {0.0%}
2  ... 

Histogram: Media.GPU.VideoDecoderType recorded 1 samples, mean = 11.0 (flags = 0x41)
0   ... 
11  -O                                                                        (1 = 100.0%) {0.0%}
12  ... 

Histogram: Media.MediaHistory.DatabaseExists recorded 1 samples, mean = 0.0 (flags = 0x41)
0  -O                                                                        (1 = 100.0%)
1  ... 

Histogram: MediaRouter.Cast.Channel.ConnectResult recorded 3 samples, mean = 0.0 (flags = 0x41)
0  ---O                                                                      (3 = 100.0%)
1  ... 

Histogram: MediaRouter.Cast.Channel.Error recorded 12 samples, mean = 3.3 (flags = 0x41)
0  ... 
2  --------O                                                                 (8 = 66.7%) {0.0%}
3  ... 
6  ----O                                                                     (4 = 33.3%) {66.7%}
7  ... 

Histogram: MediaRouter.Cast.Discovery.ConnectedDevicesCount recorded 1 samples, mean = 0.0 (flags = 0x41)
0  -O                                                                        (1 = 100.0%)
1  ... 

Histogram: MediaRouter.Cast.Discovery.KnownDevicesCount recorded 1 samples, mean = 0.0 (flags = 0x41)
0  -O                                                                        (1 = 100.0%)
1  ... 

Histogram: MediaRouter.Cast.Mdns.Channel.Open_Failure recorded 12 samples, mean = 4720.1 (flags = 0x41)
0      ... 
1782   -------O                                                                  (7 = 58.3%) {0.0%}
2117   -O                                                                        (1 = 8.3%) {58.3%}
2516   ... 
10000  ----O                                                                     (4 = 33.3%) {66.7%}

Histogram: MediaRouter.Dial.AvailableDevicesCount recorded 1 samples, mean = 0.0 (flags = 0x41)
0  -O                                                                        (1 = 100.0%)
1  ... 

Histogram: MediaRouter.Dial.DeviceDescriptionParsingResult recorded 3 samples, mean = 0.0 (flags = 0x41)
0  ---O                                                                      (3 = 100.0%)
1  ... 

Histogram: MediaRouter.Dial.KnownDevicesCount recorded 1 samples, mean = 0.0 (flags = 0x41)
0  -O                                                                        (1 = 100.0%)
1  ... 

Histogram: Memory.Discardable.FreelistSize.Foreground recorded 4 samples, mean = 0.0 (flags = 0x41)
0  ----O                                                                     (4 = 100.0%)
1  ... 

Histogram: Memory.Discardable.LargeAllocationFromFreelist recorded 1 samples, mean = 0.0 (flags = 0x41)
0  -O                                                                        (1 = 100.0%)
1  ... 

Histogram: Memory.Discardable.Size.Foreground recorded 4 samples, mean = 0.0 (flags = 0x41)
0  ----O                                                                     (4 = 100.0%)
1  ... 

Histogram: Memory.Discardable.VirtualSize.Foreground recorded 4 samples, mean = 0.0 (flags = 0x41)
0  ----O                                                                     (4 = 100.0%)
1  ... 

Histogram: Memory.DiscardableAllocationSize recorded 1 samples, mean = 4309.0 (flags = 0x41)
0     ... 
3542  -O                                                                        (1 = 100.0%) {0.0%}
4818  ... 

Histogram: Memory.Experimental.AvailableMemoryMB recorded 15 samples, mean = 1558.5 (flags = 0x41)
0     ... 
1216  -O                                                                        (1 = 6.7%) {0.0%}
1343  --O                                                                       (2 = 13.3%) {6.7%}
1483  --------O                                                                 (8 = 53.3%) {20.0%}
1637  ----O                                                                     (4 = 26.7%) {73.3%}
1808  ... 

Histogram: Memory.Experimental.AvailableMemoryPercent recorded 15 samples, mean = 9.2 (flags = 0x41)
0   ... 
7   -O                                                                        (1 = 6.7%) {0.0%}
8   -O                                                                        (1 = 6.7%) {6.7%}
9   --------O                                                                 (8 = 53.3%) {13.3%}
10  ----O                                                                     (4 = 26.7%) {66.7%}
11  -O                                                                        (1 = 6.7%) {93.3%}
12  ... 

Histogram: Memory.Experimental.Renderer.HighestPrivateMemoryFootprint.0to2min recorded 1 samples, mean = 79.0 (flags = 0x41)
0   ... 
75  -O                                                                        (1 = 100.0%) {0.0%}
84  ... 

Histogram: Memory.Experimental.Renderer.HighestPrivateMemoryFootprint.2to4min recorded 1 samples, mean = 57.0 (flags = 0x41)
0   ... 
53  -O                                                                        (1 = 100.0%) {0.0%}
60  ... 

Histogram: Memory.Experimental.Renderer.HighestPrivateMemoryFootprint.4to8min recorded 1 samples, mean = 57.0 (flags = 0x41)
0   ... 
53  -O                                                                        (1 = 100.0%) {0.0%}
60  ... 

Histogram: Memory.Experimental.Renderer.HighestPrivateMemoryFootprint.8to16min recorded 1 samples, mean = 57.0 (flags = 0x41)
0   ... 
53  -O                                                                        (1 = 100.0%) {0.0%}
60  ... 

Histogram: Memory.GPU.PeakMemoryAllocationSource2.PageLoad.SharedContextState recorded 1 samples, mean = 0.0 (flags = 0x41)
0  -O                                                                        (1 = 100.0%)
1  ... 

Histogram: Memory.GPU.PeakMemoryAllocationSource2.PageLoad.Skia recorded 1 samples, mean = 0.0 (flags = 0x41)
0  -O                                                                        (1 = 100.0%)
1  ... 

Histogram: Memory.GPU.PeakMemoryUsage2.PageLoad recorded 1 samples, mean = 0.0 (flags = 0x41)
0  -O                                                                        (1 = 100.0%)
1  ... 

Histogram: Memory.ParkableImage.OnDiskSize.5min recorded 1 samples, mean = 392.0 (flags = 0x41)
0    ... 
365  -O                                                                        (1 = 100.0%) {0.0%}
457  ... 

Histogram: Memory.ParkableImage.TotalReadTime.5min recorded 1 samples, mean = 0.0 (flags = 0x41)
0  -O                                                                        (1 = 100.0%)
1  ... 

Histogram: Memory.ParkableImage.TotalSize.5min recorded 1 samples, mean = 392.0 (flags = 0x41)
0    ... 
365  -O                                                                        (1 = 100.0%) {0.0%}
457  ... 

Histogram: Memory.ParkableImage.TotalWriteTime.5min recorded 1 samples, mean = 0.0 (flags = 0x41)
0  -O                                                                        (1 = 100.0%)
1  ... 

Histogram: Memory.ParkableImage.UnparkedSize.5min recorded 1 samples, mean = 0.0 (flags = 0x41)
0  -O                                                                        (1 = 100.0%)
1  ... 

Histogram: Memory.ParkableImage.Write.Latency recorded 1 samples, mean = 258.0 (flags = 0x41)
0  -O                                                                        (1 = 100.0%)
500... 

Histogram: Memory.ParkableImage.Write.Size recorded 1 samples, mean = 392.0 (flags = 0x41)
0    ... 
378  -O                                                                        (1 = 100.0%) {0.0%}
449  ... 

Histogram: Memory.ParkableString.Compression.Latency recorded 17 samples, mean = 23032.4 (flags = 0x41)
0       ... 
540     -O                                                                        (1 = 5.9%) {0.0%}
584     ... 
929     -O                                                                        (1 = 5.9%) {5.9%}
1004    ... 
1268    -O                                                                        (1 = 5.9%) {11.8%}
1370    ... 
1728    -O                                                                        (1 = 5.9%) {17.6%}
1867    ... 
3753    -O                                                                        (1 = 5.9%) {23.5%}
4056    O                                                                         (0 = 0.0%) {29.4%}
4383    -O                                                                        (1 = 5.9%) {29.4%}
4737    O                                                                         (0 = 0.0%) {35.3%}
5119    -O                                                                        (1 = 5.9%) {35.3%}
5532    ... 
6460    -O                                                                        (1 = 5.9%) {41.2%}
6981    ... 
8152    -O                                                                        (1 = 5.9%) {47.1%}
8810    -O                                                                        (1 = 5.9%) {52.9%}
9521    ... 
11119   -O                                                                        (1 = 5.9%) {58.8%}
12016   -O                                                                        (1 = 5.9%) {64.7%}
12985   ... 
16387   -O                                                                        (1 = 5.9%) {70.6%}
17709   O                                                                         (0 = 0.0%) {76.5%}
19137   -O                                                                        (1 = 5.9%) {76.5%}
20681   ... 
48545   -O                                                                        (1 = 5.9%) {82.4%}
52461   -O                                                                        (1 = 5.9%) {88.2%}
56692   ... 
181489  -O                                                                        (1 = 5.9%) {94.1%}
196128  ... 

Histogram: Memory.ParkableString.Compression.SizeKb recorded 17 samples, mean = 322.2 (flags = 0x41)
0     ... 
12    -O                                                                        (1 = 5.9%) {0.0%}
14    ... 
18    -O                                                                        (1 = 5.9%) {5.9%}
20    -O                                                                        (1 = 5.9%) {11.8%}
23    ... 
29    -O                                                                        (1 = 5.9%) {17.6%}
33    ... 
75    --O                                                                       (2 = 11.8%) {23.5%}
84    -O                                                                        (1 = 5.9%) {35.3%}
95    -O                                                                        (1 = 5.9%) {41.2%}
107   ... 
135   -O                                                                        (1 = 5.9%) {47.1%}
152   O                                                                         (0 = 0.0%) {52.9%}
171   ---O                                                                      (3 = 17.6%) {52.9%}
192   -O                                                                        (1 = 5.9%) {70.6%}
216   ... 
273   -O                                                                        (1 = 5.9%) {76.5%}
307   ... 
554   -O                                                                        (1 = 5.9%) {82.4%}
623   ... 
888   -O                                                                        (1 = 5.9%) {88.2%}
1000  -O                                                                        (1 = 5.9%) {94.1%}

Histogram: Memory.ParkableString.Decompression.Latency recorded 2 samples, mean = 736.0 (flags = 0x41)
0    ... 
540  -O                                                                        (1 = 50.0%) {0.0%}
584  ... 
860  -O                                                                        (1 = 50.0%) {50.0%}
929  ... 

Histogram: Memory.ParkableString.Decompression.ThroughputMBps recorded 2 samples, mean = 267.5 (flags = 0x41)
0    ... 
171  -O                                                                        (1 = 50.0%) {0.0%}
192  ... 
345  -O                                                                        (1 = 50.0%) {50.0%}
388  ... 

Histogram: Memory.ParkableString.DiskReadTime.5min recorded 1 samples, mean = 0.0 (flags = 0x41)
0  -O                                                                        (1 = 100.0%)
1  ... 

Histogram: Memory.ParkableString.DiskWriteTime.5min recorded 1 samples, mean = 9.0 (flags = 0x41)
0  ... 
8  -O                                                                        (1 = 100.0%) {0.0%}
10 ... 

Histogram: Memory.ParkableString.OnDiskSizeKb.5min recorded 1 samples, mean = 988.0 (flags = 0x41)
0    ... 
896  -O                                                                        (1 = 100.0%) {0.0%}
1122 ... 

Histogram: Memory.ParkableString.Read.Latency recorded 2 samples, mean = 85.0 (flags = 0x41)
0  --O                                                                       (2 = 100.0%)
500... 

Histogram: Memory.ParkableString.TotalParkingThreadTime.5min recorded 1 samples, mean = 363.0 (flags = 0x41)
0    ... 
318  -O                                                                        (1 = 100.0%) {0.0%}
378  ... 

Histogram: Memory.ParkableString.TotalUnparkingTime.5min recorded 1 samples, mean = 0.0 (flags = 0x41)
0  -O                                                                        (1 = 100.0%)
1  ... 

Histogram: Memory.PartitionAlloc.MemoryReclaim recorded 1817 samples, mean = 296.8 (flags = 0x41)
0     ... 
49    --------------------O                                                     (96 = 5.3%) {0.0%}
65    ------------------------------------------------------------------------O (353 = 19.4%) {5.3%}
86    -----------------------------------------------------------O              (288 = 15.9%) {24.7%}
113   -----------------O                                                        (82 = 4.5%) {40.6%}
149   --------O                                                                 (39 = 2.1%) {45.1%}
196   -----------------------------------O                                      (171 = 9.4%) {47.2%}
258   -----------------------------------------O                                (201 = 11.1%) {56.6%}
340   -------------O                                                            (66 = 3.6%) {67.7%}
448   --------------------------------O                                         (155 = 8.5%) {71.3%}
590   -----------------------------------------------------------------O        (317 = 17.4%) {79.9%}
777   ---------O                                                                (44 = 2.4%) {97.3%}
1023  -O                                                                        (3 = 0.2%) {99.7%}
1347  O                                                                         (2 = 0.1%) {99.9%}
1774  ... 

Histogram: Memory.PartitionAlloc.PartitionRoot.ExtrasSize recorded 1 samples, mean = 4.0 (flags = 0x41)
0  ... 
4  -O                                                                        (1 = 100.0%) {0.0%}
5  ... 

Histogram: Memory.PartitionAlloc.PeriodicPurge recorded 199 samples, mean = 31.5 (flags = 0x41)
0    ... 
5    -------O                                                                  (7 = 3.5%) {0.0%}
7    --------O                                                                 (8 = 4.0%) {3.5%}
9    -------O                                                                  (7 = 3.5%) {7.5%}
12   ------------------------------O                                           (30 = 15.1%) {11.1%}
16   -----------------------O                                                  (23 = 11.6%) {26.1%}
21   ------------------------------------------------------O                   (54 = 27.1%) {37.7%}
28   -------------------------O                                                (25 = 12.6%) {64.8%}
37   ---------------------O                                                    (21 = 10.6%) {77.4%}
49   ------------O                                                             (12 = 6.0%) {87.9%}
65   ---O                                                                      (3 = 1.5%) {94.0%}
86   -----O                                                                    (5 = 2.5%) {95.5%}
113  --O                                                                       (2 = 1.0%) {98.0%}
149  -O                                                                        (1 = 0.5%) {99.0%}
196  ... 
448  -O                                                                        (1 = 0.5%) {99.5%}
590  ... 

Histogram: Memory.PressureLevel2 recorded 1876 samples, mean = 0.0 (flags = 0x41)
0  ------------------------------------------------------------------------O (1836 = 97.9%)
1  --O                                                                       (40 = 2.1%) {97.9%}
2  ... 

Histogram: Memory.PressureWindowDuration.ModerateToNone recorded 2 samples, mean = 20080.5 (flags = 0x41)
0      ... 
4951   -O                                                                        (1 = 50.0%) {0.0%}
5657   ... 
31987  -O                                                                        (1 = 50.0%) {50.0%}
36546  ... 

Histogram: Mojo.Channel.WriteReceiveMessageProcessType recorded 5 samples, mean = 1.8 (flags = 0x41)
0  ----O                                                                     (4 = 80.0%)
1  ... 
9  -O                                                                        (1 = 20.0%) {80.0%}
10 ... 

Histogram: NQE.ContentObserver.NetworkQualityMeaningfullyChanged recorded 6 samples, mean = 0.7 (flags = 0x40)
0  --O                                                                       (2 = 33.3%)
1  ----O                                                                     (4 = 66.7%) {33.3%}
2  O                                                                         (0 = 0.0%) {100.0%}

Histogram: NQE.RTT.Error.Absolute recorded 8 samples, mean = 24.1 (flags = 0x41)
0   ... 
4   -O                                                                        (1 = 12.5%) {0.0%}
5   O                                                                         (0 = 0.0%) {12.5%}
6   -O                                                                        (1 = 12.5%) {12.5%}
7   ... 
10  -O                                                                        (1 = 12.5%) {25.0%}
12  O                                                                         (0 = 0.0%) {37.5%}
14  --O                                                                       (2 = 25.0%) {37.5%}
17  ... 
24  -O                                                                        (1 = 12.5%) {62.5%}
29  ... 
48  -O                                                                        (1 = 12.5%) {75.0%}
57  O                                                                         (0 = 0.0%) {87.5%}
68  -O                                                                        (1 = 12.5%) {87.5%}
81  ... 

Histogram: NQE.RTT.Error.IsZero recorded 8 samples, mean = 0.0 (flags = 0x41)
0  --------O                                                                 (8 = 100.0%)
1  ... 

Histogram: NQE.RTT.Error.Negative recorded 7 samples, mean = 17.6 (flags = 0x41)
0   ... 
4   -O                                                                        (1 = 14.3%) {0.0%}
5   O                                                                         (0 = 0.0%) {14.3%}
6   -O                                                                        (1 = 14.3%) {14.3%}
7   ... 
10  -O                                                                        (1 = 14.3%) {28.6%}
12  O                                                                         (0 = 0.0%) {42.9%}
14  --O                                                                       (2 = 28.6%) {42.9%}
17  ... 
24  -O                                                                        (1 = 14.3%) {71.4%}
29  ... 
48  -O                                                                        (1 = 14.3%) {85.7%}
57  ... 

Histogram: NQE.RTT.Error.Positive recorded 1 samples, mean = 70.0 (flags = 0x41)
0   ... 
68  -O                                                                        (1 = 100.0%) {0.0%}
81  ... 

Histogram: NQE.RTT.HittingThreshold.EndToEnd.FallbackSuccess recorded 5 samples, mean = 0.0 (flags = 0x41)
0  -----O                                                                    (5 = 100.0%)
1  ... 

Histogram: NQE.RTT.HittingThreshold.Transport.FallbackSuccess recorded 1 samples, mean = 0.0 (flags = 0x41)
0  -O                                                                        (1 = 100.0%)
1  ... 

Histogram: NQE.RTT.ObservationSource recorded 55 samples, mean = 2.0 (flags = 0x41)
0  --------O                                                                 (8 = 14.5%)
1  O                                                                         (0 = 0.0%) {14.5%}
2  ------------------------------------------O                               (42 = 76.4%) {14.5%}
3  -O                                                                        (1 = 1.8%) {90.9%}
4  -O                                                                        (1 = 1.8%) {92.7%}
5  O                                                                         (0 = 0.0%) {94.5%}
6  -O                                                                        (1 = 1.8%) {94.5%}
7  -O                                                                        (1 = 1.8%) {96.4%}
8  -O                                                                        (1 = 1.8%) {98.2%}
9  O                                                                         (0 = 0.0%) {100.0%}

Histogram: NQE.RTT.OnECTComputation recorded 28 samples, mean = 84.0 (flags = 0x41)
0    ... 
48   -----------O                                                              (11 = 39.3%) {0.0%}
57   -------O                                                                  (7 = 25.0%) {39.3%}
68   -O                                                                        (1 = 3.6%) {64.3%}
81   -O                                                                        (1 = 3.6%) {67.9%}
96   O                                                                         (0 = 0.0%) {71.4%}
114  ----O                                                                     (4 = 14.3%) {71.4%}
135  O                                                                         (0 = 0.0%) {85.7%}
160  ----O                                                                     (4 = 14.3%) {85.7%}
190  ... 

Histogram: NQE.RenderThreadNotified recorded 9 samples, mean = 1.0 (flags = 0x40)
0  O                                                                         (0 = 0.0%)
1  ---------O                                                                (9 = 100.0%) {0.0%}
2  O                                                                         (0 = 0.0%) {100.0%}

Histogram: NQE.TransportRTT.OnECTComputation recorded 27 samples, mean = 43.1 (flags = 0x41)
0    ... 
24   -----O                                                                    (5 = 18.5%) {0.0%}
29   O                                                                         (0 = 0.0%) {18.5%}
34   ------O                                                                   (6 = 22.2%) {18.5%}
40   ------------O                                                             (12 = 44.4%) {40.7%}
48   O                                                                         (0 = 0.0%) {85.2%}
57   ---O                                                                      (3 = 11.1%) {85.2%}
68   ... 
114  -O                                                                        (1 = 3.7%) {96.3%}
135  ... 

Histogram: Navigation.BeginNavigationImpl.MainFrame recorded 2 samples, mean = 0.0 (flags = 0x41)
0  --O                                                                       (2 = 100.0%)
1  ... 

Histogram: Navigation.BrowserInitiatedSessionHistoryCount recorded 1 samples, mean = 0.0 (flags = 0x41)
0  -O                                                                        (1 = 100.0%)
1  ... 

Histogram: Navigation.CommitRenderFrame recorded 1 samples, mean = 28.0 (flags = 0x41)
0   ... 
24  -O                                                                        (1 = 100.0%) {0.0%}
29  ... 

Histogram: Navigation.CommitToCompositorCreation recorded 1 samples, mean = 149.0 (flags = 0x41)
0    ... 
131  -O                                                                        (1 = 100.0%) {0.0%}
170  ... 

Histogram: Navigation.CompositorRequestedBeforeCommit2 recorded 1 samples, mean = 0.0 (flags = 0x41)
0  -O                                                                        (1 = 100.0%)
1  ... 

Histogram: Navigation.CompositorRequestedBeforeSwapRFH2 recorded 1 samples, mean = 0.0 (flags = 0x41)
0  -O                                                                        (1 = 100.0%)
1  ... 

Histogram: Navigation.CreateSpeculativeRFH recorded 1 samples, mean = 2.0 (flags = 0x41)
0  ... 
2  -O                                                                        (1 = 100.0%) {0.0%}
3  ... 

Histogram: Navigation.DidCommitSameDocumentNavigation.Duration recorded 1 samples, mean = 1.0 (flags = 0x41)
0  O                                                                         (0 = 0.0%)
1  -O                                                                        (1 = 100.0%) {0.0%}
2  ... 

Histogram: Navigation.DidStartLoading.MainFrame recorded 3 samples, mean = 0.0 (flags = 0x41)
0  ---O                                                                      (3 = 100.0%)
1  ... 

Histogram: Navigation.DidStartLoading.Subframe recorded 2 samples, mean = 0.0 (flags = 0x41)
0  --O                                                                       (2 = 100.0%)
1  ... 

Histogram: Navigation.EarlyRenderFrameHostSwapType recorded 6 samples, mean = 0.0 (flags = 0x41)
0  ------O                                                                   (6 = 100.0%)
1  ... 

Histogram: Navigation.EngagementTime.HTTPS recorded 1 samples, mean = 1872929.0 (flags = 0x41)
0        ... 
1757160  -O                                                                        (1 = 100.0%) {0.0%}
2028194  ... 

Histogram: Navigation.GetFrameHostForNavigation recorded 4 samples, mean = 2.5 (flags = 0x41)
0  --O                                                                       (2 = 50.0%)
1  ... 
3  -O                                                                        (1 = 25.0%) {50.0%}
4  ... 
7  -O                                                                        (1 = 25.0%) {75.0%}
8  ... 

Histogram: Navigation.GetFrameHostForNavigationTime.InDidCreateNavigationRequest.IsHTTPOrHTTPS recorded 3 samples, mean = 2625.0 (flags = 0x41)
0     ... 
76    -O                                                                        (1 = 33.3%) {0.0%}
105   -O                                                                        (1 = 33.3%) {33.3%}
146   ... 
7439  -O                                                                        (1 = 33.3%) {66.7%}
10321 ... 

Histogram: Navigation.IsGuest recorded 1 samples, mean = 0.0 (flags = 0x41)
0  -O                                                                        (1 = 100.0%)
1  ... 

Histogram: Navigation.IsLockedProcess recorded 1 samples, mean = 1.0 (flags = 0x41)
0  O                                                                         (0 = 0.0%)
1  -O                                                                        (1 = 100.0%) {0.0%}
2  O                                                                         (0 = 0.0%) {100.0%}

Histogram: Navigation.IsLockedProcess.HTTPOrHTTPS recorded 1 samples, mean = 1.0 (flags = 0x41)
0  O                                                                         (0 = 0.0%)
1  -O                                                                        (1 = 100.0%) {0.0%}
2  O                                                                         (0 = 0.0%) {100.0%}

Histogram: Navigation.IsProcessBackgrounded.OnCommit recorded 1 samples, mean = 0.0 (flags = 0x41)
0  -O                                                                        (1 = 100.0%)
1  ... 

Histogram: Navigation.IsProcessBackgrounded.OnDOMContentLoaded recorded 1 samples, mean = 0.0 (flags = 0x41)
0  -O                                                                        (1 = 100.0%)
1  ... 

Histogram: Navigation.IsSameBrowsingInstance recorded 1 samples, mean = 0.0 (flags = 0x41)
0  -O                                                                        (1 = 100.0%)
1  ... 

Histogram: Navigation.IsSameSiteInstance recorded 1 samples, mean = 0.0 (flags = 0x41)
0  -O                                                                        (1 = 100.0%)
1  ... 

Histogram: Navigation.IsSameSiteInstance.MainFrame recorded 1 samples, mean = 0.0 (flags = 0x41)
0  -O                                                                        (1 = 100.0%)
1  ... 

Histogram: Navigation.LoaderCreateToRequestStart.MainFrame recorded 1 samples, mean = 1.0 (flags = 0x41)
0  O                                                                         (0 = 0.0%)
1  -O                                                                        (1 = 100.0%) {0.0%}
2  ... 

Histogram: Navigation.MainFrame.FrameCount recorded 1 samples, mean = 2.0 (flags = 0x41)
0  ... 
2  -O                                                                        (1 = 100.0%) {0.0%}
3  ... 

Histogram: Navigation.MainFrame.MaxFrameCount recorded 3 samples, mean = 2.0 (flags = 0x41)
0  O                                                                         (0 = 0.0%)
1  -O                                                                        (1 = 33.3%) {0.0%}
2  -O                                                                        (1 = 33.3%) {33.3%}
3  -O                                                                        (1 = 33.3%) {66.7%}
4  ... 

Histogram: Navigation.MainFrame.NewNavigation.IgnoreRestore.IsHTTPOrHTTPS.BeginNavigationToLoaderStart.Time2 recorded 1 samples, mean = 3.0 (flags = 0x41)
0  ... 
3  -O                                                                        (1 = 100.0%) {0.0%}
4  ... 

Histogram: Navigation.MainFrame.NewNavigation.IgnoreRestore.IsHTTPOrHTTPS.FetchStart.Time2 recorded 1 samples, mean = 9.0 (flags = 0x41)
0  ... 
8  -O                                                                        (1 = 100.0%) {0.0%}
10 ... 

Histogram: Navigation.MainFrame.NewNavigation.IgnoreRestore.IsHTTPOrHTTPS.LoaderStartToFetchStart.Time2 recorded 1 samples, mean = 1799.0 (flags = 0x41)
0     ... 
1782  -O                                                                        (1 = 100.0%) {0.0%}
2117  ... 

Histogram: Navigation.MainFrame.NewNavigation.IgnoreRestore.IsHTTPOrHTTPS.LoaderStartToReceiveResponse.Time2 recorded 1 samples, mean = 2201.0 (flags = 0x41)
0     ... 
2117  -O                                                                        (1 = 100.0%) {0.0%}
2516  ... 

Histogram: Navigation.MainFrame.NewNavigation.IgnoreRestore.IsHTTPOrHTTPS.NavigationStartToBeginNavigation.Time2 recorded 1 samples, mean = 3958.0 (flags = 0x41)
0     ... 
3553  -O                                                                        (1 = 100.0%) {0.0%}
4222  ... 

Histogram: Navigation.MainFrame.NewNavigation.IgnoreRestore.IsHTTPOrHTTPS.ReceiveHeaders.Time2 recorded 1 samples, mean = 378.0 (flags = 0x41)
0    ... 
378  -O                                                                        (1 = 100.0%) {0.0%}
449  ... 

Histogram: Navigation.MainFrame.NewNavigation.IgnoreRestore.IsHTTPOrHTTPS.ReceiveHeadersToReceiveResponse.Time2 recorded 1 samples, mean = 14.0 (flags = 0x41)
0   ... 
14  -O                                                                        (1 = 100.0%) {0.0%}
17  ... 

Histogram: Navigation.MainFrame.NewNavigation.IgnoreRestore.IsHTTPOrHTTPS.ReceiveResponseToCommitNavigation.Time2 recorded 1 samples, mean = 10.0 (flags = 0x41)
0   ... 
10  -O                                                                        (1 = 100.0%) {0.0%}
12  ... 

Histogram: Navigation.MainFrame.RendererInitiated.InitiatorFramePresentAtStart recorded 1 samples, mean = 0.0 (flags = 0x41)
0  -O                                                                        (1 = 100.0%)
1  ... 

Histogram: Navigation.MainFrame.SiteEngagementLevel recorded 1 samples, mean = 2.0 (flags = 0x41)
0  ... 
2  -O                                                                        (1 = 100.0%) {0.0%}
3  ... 

Histogram: Navigation.MainFrame.ThirdPartyCookieBlockingEnabled recorded 2 samples, mean = 0.0 (flags = 0x41)
0  --O                                                                       (2 = 100.0%)
1  ... 

Histogram: Navigation.MainFrameHasRTLDomain2 recorded 2 samples, mean = 0.0 (flags = 0x41)
0  --O                                                                       (2 = 100.0%)
1  ... 

Histogram: Navigation.MainFrameHasRTLDomainDifferentPage2 recorded 1 samples, mean = 0.0 (flags = 0x41)
0  -O                                                                        (1 = 100.0%)
1  ... 

Histogram: Navigation.MainFrameProfileType2 recorded 2 samples, mean = 0.0 (flags = 0x41)
0  --O                                                                       (2 = 100.0%)
1  ... 

Histogram: Navigation.MainFrameScheme2 recorded 2 samples, mean = 2.0 (flags = 0x41)
0  ... 
2  --O                                                                       (2 = 100.0%) {0.0%}
3  ... 

Histogram: Navigation.MainFrameSchemeDifferentPage2 recorded 1 samples, mean = 2.0 (flags = 0x41)
0  ... 
2  -O                                                                        (1 = 100.0%) {0.0%}
3  ... 

Histogram: Navigation.OnBeforeUnloadOverheadTime recorded 2 samples, mean = 1984.0 (flags = 0x41)
0     ... 
10    -O                                                                        (1 = 50.0%) {0.0%}
12    ... 
3553  -O                                                                        (1 = 50.0%) {50.0%}
4222  ... 

Histogram: Navigation.OnBeforeUnloadTotalTime recorded 2 samples, mean = 0.0 (flags = 0x41)
0  --O                                                                       (2 = 100.0%)
1  ... 

Histogram: Navigation.OriginAgentCluster.Result recorded 1 samples, mean = 9.0 (flags = 0x41)
0  ... 
9  -O                                                                        (1 = 100.0%) {0.0%}
10 O                                                                         (0 = 0.0%) {100.0%}

Histogram: Navigation.PendingCommit.DidBlockGetFrameHostForNavigation.Regular recorded 1 samples, mean = 0.0 (flags = 0x41)
0  -O                                                                        (1 = 100.0%)
1  ... 

Histogram: Navigation.PendingCommit.Duration.Regular recorded 1 samples, mean = 69.0 (flags = 0x41)
0   ... 
68  -O                                                                        (1 = 100.0%) {0.0%}
81  ... 

Histogram: Navigation.Preconnect.PreresolveJobQueueLength recorded 16 samples, mean = 0.5 (flags = 0x41)
0  --------O                                                                 (8 = 50.0%)
1  --------O                                                                 (8 = 50.0%) {50.0%}
2  ... 

Histogram: Navigation.Preconnect.PreresolveJobQueueingTime recorded 8 samples, mean = 0.0 (flags = 0x41)
0  --------O                                                                 (8 = 100.0%)
1  ... 

Histogram: Navigation.Preconnect.ProxyLookupCallbackQueueingTime recorded 8 samples, mean = 261.4 (flags = 0x41)
0    ... 
2    -O                                                                        (1 = 12.5%) {0.0%}
3    ... 
5    -O                                                                        (1 = 12.5%) {12.5%}
6    -O                                                                        (1 = 12.5%) {25.0%}
7    ... 
14   --O                                                                       (2 = 25.0%) {37.5%}
17   ... 
57   -O                                                                        (1 = 12.5%) {62.5%}
68   ... 
894  --O                                                                       (2 = 25.0%) {75.0%}
1062 ... 

Histogram: Navigation.Preconnect.ProxyLookupLatency recorded 8 samples, mean = 918.6 (flags = 0x41)
0     ... 
2     -O                                                                        (1 = 12.5%) {0.0%}
3     ... 
12    --O                                                                       (2 = 25.0%) {12.5%}
14    --O                                                                       (2 = 25.0%) {37.5%}
17    ... 
57    -O                                                                        (1 = 12.5%) {62.5%}
68    ... 
1500  -O                                                                        (1 = 12.5%) {75.0%}
1782  ... 
5017  -O                                                                        (1 = 12.5%) {87.5%}
5961  ... 

Histogram: Navigation.Preconnect.ResolveHostCallbackQueueingTime recorded 8 samples, mean = 37.2 (flags = 0x41)
0   ... 
10  --O                                                                       (2 = 25.0%) {0.0%}
12  --O                                                                       (2 = 25.0%) {25.0%}
14  -O                                                                        (1 = 12.5%) {50.0%}
17  ... 
57  --O                                                                       (2 = 25.0%) {62.5%}
68  ... 
96  -O                                                                        (1 = 12.5%) {87.5%}
114 ... 

Histogram: Navigation.Preconnect.ResolveHostLatency recorded 8 samples, mean = 50.4 (flags = 0x41)
0    ... 
14   -O                                                                        (1 = 12.5%) {0.0%}
17   --O                                                                       (2 = 25.0%) {12.5%}
20   ... 
29   -O                                                                        (1 = 12.5%) {37.5%}
34   ... 
57   ---O                                                                      (3 = 37.5%) {50.0%}
68   ... 
114  -O                                                                        (1 = 12.5%) {87.5%}
135  ... 

Histogram: Navigation.ProcessNavigationThrottlesTime.WillStartRequest.MainFrame recorded 2 samples, mean = 2.0 (flags = 0x41)
0  O                                                                         (0 = 0.0%)
1  -O                                                                        (1 = 50.0%) {0.0%}
2  O                                                                         (0 = 0.0%) {50.0%}
3  -O                                                                        (1 = 50.0%) {50.0%}
4  ... 

Histogram: Navigation.QueueTime.OnReceiveRedirect.MainFrame recorded 1 samples, mean = 66.0 (flags = 0x41)
0   ... 
57  -O                                                                        (1 = 100.0%) {0.0%}
68  ... 

Histogram: Navigation.QueueTime.OnReceiveResponse.MainFrame recorded 1 samples, mean = 12.0 (flags = 0x41)
0   ... 
12  -O                                                                        (1 = 100.0%) {0.0%}
14  ... 

Histogram: Navigation.ReadyToCommitUntilCommit2 recorded 1 samples, mean = 69.0 (flags = 0x41)
0   ... 
66  -O                                                                        (1 = 100.0%) {0.0%}
84  ... 

Histogram: Navigation.ReadyToCommitUntilCommit2.ForegroundProcessPriority recorded 1 samples, mean = 69.0 (flags = 0x41)
0   ... 
66  -O                                                                        (1 = 100.0%) {0.0%}
84  ... 

Histogram: Navigation.ReadyToCommitUntilCommit2.NewNavigation recorded 1 samples, mean = 69.0 (flags = 0x41)
0   ... 
66  -O                                                                        (1 = 100.0%) {0.0%}
84  ... 

Histogram: Navigation.RegisterNavigationThrottlesTime.MainFrame recorded 2 samples, mean = 0.0 (flags = 0x41)
0  --O                                                                       (2 = 100.0%)
1  ... 

Histogram: Navigation.RenderFrameDelete recorded 1 samples, mean = 1.0 (flags = 0x41)
0  O                                                                         (0 = 0.0%)
1  -O                                                                        (1 = 100.0%) {0.0%}
2  ... 

Histogram: Navigation.RenderFrameHostConstructor recorded 4 samples, mean = 0.0 (flags = 0x41)
0  ----O                                                                     (4 = 100.0%)
1  ... 

Histogram: Navigation.RenderFrameHostDestructor recorded 4 samples, mean = 0.8 (flags = 0x41)
0  --O                                                                       (2 = 50.0%)
1  -O                                                                        (1 = 25.0%) {50.0%}
2  -O                                                                        (1 = 25.0%) {75.0%}
3  ... 

Histogram: Navigation.RenderViewHostConstructor recorded 2 samples, mean = 0.0 (flags = 0x41)
0  --O                                                                       (2 = 100.0%)
1  ... 

Histogram: Navigation.RenderViewHostDestructor recorded 2 samples, mean = 1.0 (flags = 0x41)
0  O                                                                         (0 = 0.0%)
1  --O                                                                       (2 = 100.0%) {0.0%}
2  ... 

Histogram: Navigation.RenderWidgetHostConstructor recorded 2 samples, mean = 0.0 (flags = 0x41)
0  --O                                                                       (2 = 100.0%)
1  ... 

Histogram: Navigation.RenderWidgetHostDestructor recorded 2 samples, mean = 0.0 (flags = 0x41)
0  --O                                                                       (2 = 100.0%)
1  ... 

Histogram: Navigation.RendererCommitDelay.MainFrame recorded 1 samples, mean = 2.0 (flags = 0x41)
0  ... 
2  -O                                                                        (1 = 100.0%) {0.0%}
3  ... 

Histogram: Navigation.RendererCommitQueueTime.MainFrame recorded 1 samples, mean = 1.0 (flags = 0x41)
0  O                                                                         (0 = 0.0%)
1  -O                                                                        (1 = 100.0%) {0.0%}
2  ... 

Histogram: Navigation.RendererDidNavigateTime.MainFrame recorded 1 samples, mean = 0.0 (flags = 0x41)
0  -O                                                                        (1 = 100.0%)
1  ... 

Histogram: Navigation.RendererDidNavigateTime.Subframe recorded 2 samples, mean = 0.0 (flags = 0x41)
0  --O                                                                       (2 = 100.0%)
1  ... 

Histogram: Navigation.RequiresDedicatedProcess recorded 1 samples, mean = 1.0 (flags = 0x41)
0  O                                                                         (0 = 0.0%)
1  -O                                                                        (1 = 100.0%) {0.0%}
2  O                                                                         (0 = 0.0%) {100.0%}

Histogram: Navigation.RequiresDedicatedProcess.HTTPOrHTTPS recorded 1 samples, mean = 1.0 (flags = 0x41)
0  O                                                                         (0 = 0.0%)
1  -O                                                                        (1 = 100.0%) {0.0%}
2  O                                                                         (0 = 0.0%) {100.0%}

Histogram: Navigation.SameDocumentNavigationWithScreenshot recorded 1 samples, mean = 0.0 (flags = 0x41)
0  -O                                                                        (1 = 100.0%)
1  ... 

Histogram: Navigation.SendCommitNavigationTime.MainFrame recorded 1 samples, mean = 0.0 (flags = 0x41)
0  -O                                                                        (1 = 100.0%)
1  ... 

Histogram: Navigation.StartToCommit recorded 3 samples, mean = 2079.7 (flags = 0x41)
0     --O                                                                       (2 = 66.7%)
1     ... 
4955  -O                                                                        (1 = 33.3%) {66.7%}
6296  ... 

Histogram: Navigation.StartToCommit.CrossProcess recorded 1 samples, mean = 6239.0 (flags = 0x41)
0     ... 
4955  -O                                                                        (1 = 100.0%) {0.0%}
6296  ... 

Histogram: Navigation.StartToCommit.CrossProcess.ForegroundProcessPriority recorded 1 samples, mean = 6239.0 (flags = 0x41)
0     ... 
4955  -O                                                                        (1 = 100.0%) {0.0%}
6296  ... 

Histogram: Navigation.StartToCommit.CrossProcess.MainFrame recorded 1 samples, mean = 6239.0 (flags = 0x41)
0     ... 
4955  -O                                                                        (1 = 100.0%) {0.0%}
6296  ... 

Histogram: Navigation.StartToCommit.CrossProcess.MainFrame.ForegroundProcessPriority recorded 1 samples, mean = 6239.0 (flags = 0x41)
0     ... 
4955  -O                                                                        (1 = 100.0%) {0.0%}
6296  ... 

Histogram: Navigation.StartToCommit.CrossProcess.MainFrame.NewNavigation recorded 1 samples, mean = 6239.0 (flags = 0x41)
0     ... 
4955  -O                                                                        (1 = 100.0%) {0.0%}
6296  ... 

Histogram: Navigation.StartToCommit.CrossProcess.NewNavigation recorded 1 samples, mean = 6239.0 (flags = 0x41)
0     ... 
4955  -O                                                                        (1 = 100.0%) {0.0%}
6296  ... 

Histogram: Navigation.StartToCommit.ForegroundProcessPriority recorded 3 samples, mean = 2079.7 (flags = 0x41)
0     --O                                                                       (2 = 66.7%)
1     ... 
4955  -O                                                                        (1 = 33.3%) {66.7%}
6296  ... 

Histogram: Navigation.StartToCommit.MainFrame recorded 1 samples, mean = 6239.0 (flags = 0x41)
0     ... 
4955  -O                                                                        (1 = 100.0%) {0.0%}
6296  ... 

Histogram: Navigation.StartToCommit.MainFrame.ForegroundProcessPriority recorded 1 samples, mean = 6239.0 (flags = 0x41)
0     ... 
4955  -O                                                                        (1 = 100.0%) {0.0%}
6296  ... 

Histogram: Navigation.StartToCommit.MainFrame.NewNavigation recorded 1 samples, mean = 6239.0 (flags = 0x41)
0     ... 
4955  -O                                                                        (1 = 100.0%) {0.0%}
6296  ... 

Histogram: Navigation.StartToCommit.NewNavigation recorded 3 samples, mean = 2079.7 (flags = 0x41)
0     --O                                                                       (2 = 66.7%)
1     ... 
4955  -O                                                                        (1 = 33.3%) {66.7%}
6296  ... 

Histogram: Navigation.StartToCommit.SameProcess recorded 2 samples, mean = 0.0 (flags = 0x41)
0  --O                                                                       (2 = 100.0%)
1  ... 

Histogram: Navigation.StartToCommit.SameProcess.ForegroundProcessPriority recorded 2 samples, mean = 0.0 (flags = 0x41)
0  --O                                                                       (2 = 100.0%)
1  ... 

Histogram: Navigation.StartToCommit.SameProcess.NewNavigation recorded 2 samples, mean = 0.0 (flags = 0x41)
0  --O                                                                       (2 = 100.0%)
1  ... 

Histogram: Navigation.StartToCommit.SameProcess.Subframe recorded 2 samples, mean = 0.0 (flags = 0x41)
0  --O                                                                       (2 = 100.0%)
1  ... 

Histogram: Navigation.StartToCommit.SameProcess.Subframe.ForegroundProcessPriority recorded 2 samples, mean = 0.0 (flags = 0x41)
0  --O                                                                       (2 = 100.0%)
1  ... 

Histogram: Navigation.StartToCommit.SameProcess.Subframe.NewNavigation recorded 2 samples, mean = 0.0 (flags = 0x41)
0  --O                                                                       (2 = 100.0%)
1  ... 

Histogram: Navigation.StartToCommit.Subframe recorded 2 samples, mean = 0.0 (flags = 0x41)
0  --O                                                                       (2 = 100.0%)
1  ... 

Histogram: Navigation.StartToCommit.Subframe.ForegroundProcessPriority recorded 2 samples, mean = 0.0 (flags = 0x41)
0  --O                                                                       (2 = 100.0%)
1  ... 

Histogram: Navigation.StartToCommit.Subframe.NewNavigation recorded 2 samples, mean = 0.0 (flags = 0x41)
0  --O                                                                       (2 = 100.0%)
1  ... 

Histogram: Navigation.SuddenTerminationDisabler.AllOrigins recorded 1 samples, mean = 13.0 (flags = 0x41)
0   ... 
13  -O                                                                        (1 = 100.0%) {0.0%}
14  ... 

Histogram: Navigation.SuddenTerminationDisabler.SameOrigin recorded 1 samples, mean = 13.0 (flags = 0x41)
0   ... 
13  -O                                                                        (1 = 100.0%) {0.0%}
14  ... 

Histogram: Navigation.SwapRFHToCompositorCreation recorded 1 samples, mean = 87.0 (flags = 0x41)
0   ... 
78  -O                                                                        (1 = 100.0%) {0.0%}
101 ... 

Histogram: Navigation.ThrottleCount recorded 2 samples, mean = 20.0 (flags = 0x41)
0   ... 
20  --O                                                                       (2 = 100.0%) {0.0%}
21  ... 

Histogram: Navigation.ThrottleEventDurationTime.WillProcessResponse recorded 1 samples, mean = 0.0 (flags = 0x41)
0  -O                                                                        (1 = 100.0%)
1  ... 

Histogram: Navigation.ThrottleEventDurationTime.WillRedirectRequest recorded 1 samples, mean = 0.0 (flags = 0x41)
0  -O                                                                        (1 = 100.0%)
1  ... 

Histogram: Navigation.ThrottleEventDurationTime.WillStartRequest recorded 2 samples, mean = 0.0 (flags = 0x41)
0  --O                                                                       (2 = 100.0%)
1  ... 

Histogram: Navigation.ThrottleEventExecutionTime.WillProcessResponse recorded 1 samples, mean = 0.0 (flags = 0x41)
0  -O                                                                        (1 = 100.0%)
1  ... 

Histogram: Navigation.ThrottleEventExecutionTime.WillRedirectRequest recorded 1 samples, mean = 0.0 (flags = 0x41)
0  -O                                                                        (1 = 100.0%)
1  ... 

Histogram: Navigation.ThrottleEventExecutionTime.WillStartRequest recorded 2 samples, mean = 0.0 (flags = 0x41)
0  --O                                                                       (2 = 100.0%)
1  ... 

Histogram: Navigation.ThrottleExecutionTime.WillProcessResponse recorded 20 samples, mean = 0.0 (flags = 0x41)
0  --------------------O                                                     (20 = 100.0%)
1  ... 

Histogram: Navigation.ThrottleExecutionTime.WillRedirectRequest recorded 20 samples, mean = 0.0 (flags = 0x41)
0  --------------------O                                                     (20 = 100.0%)
1  ... 

Histogram: Navigation.ThrottleExecutionTime.WillStartRequest recorded 40 samples, mean = 0.0 (flags = 0x41)
0  ----------------------------------------O                                 (40 = 100.0%)
1  ... 

Histogram: Navigation.ThrottleTotalDeferCount recorded 5 samples, mean = 0.0 (flags = 0x41)
0  -----O                                                                    (5 = 100.0%)
1  ... 

Histogram: Navigation.ThrottleTotalDeferCount.Request recorded 5 samples, mean = 0.0 (flags = 0x41)
0  -----O                                                                    (5 = 100.0%)
1  ... 

Histogram: Navigation.ThrottleTotalDeferTime recorded 5 samples, mean = 0.0 (flags = 0x41)
0  -----O                                                                    (5 = 100.0%)
1  ... 

Histogram: Navigation.ThrottleTotalDeferTime.Request recorded 5 samples, mean = 0.0 (flags = 0x41)
0  -----O                                                                    (5 = 100.0%)
1  ... 

Histogram: Navigation.Throttles.PolicyBlocklist.DeferDurationTime recorded 2 samples, mean = 0.0 (flags = 0x41)
0  --O                                                                       (2 = 100.0%)
1  ... 

Histogram: Navigation.Throttles.PolicyBlocklist.RequestThrottleAction recorded 2 samples, mean = 2.5 (flags = 0x41)
0  O                                                                         (0 = 0.0%)
1  -O                                                                        (1 = 50.0%) {0.0%}
2  ... 
4  -O                                                                        (1 = 50.0%) {50.0%}
5  ... 

Histogram: Navigation.Throttles.PolicyBlocklist.RequestToResponseTime recorded 1 samples, mean = 0.0 (flags = 0x41)
0  -O                                                                        (1 = 100.0%)
1  ... 

Histogram: Navigation.TimeToReadyToCommit2 recorded 1 samples, mean = 6170.0 (flags = 0x41)
0     ... 
4955  -O                                                                        (1 = 100.0%) {0.0%}
6296  ... 

Histogram: Navigation.TimeToReadyToCommit2.CrossProcess recorded 1 samples, mean = 6170.0 (flags = 0x41)
0     ... 
4955  -O                                                                        (1 = 100.0%) {0.0%}
6296  ... 

Histogram: Navigation.TimeToReadyToCommit2.CrossProcess.NewNavigation recorded 1 samples, mean = 6170.0 (flags = 0x41)
0     ... 
4955  -O                                                                        (1 = 100.0%) {0.0%}
6296  ... 

Histogram: Navigation.TimeToReadyToCommit2.MainFrame recorded 1 samples, mean = 6170.0 (flags = 0x41)
0     ... 
4955  -O                                                                        (1 = 100.0%) {0.0%}
6296  ... 

Histogram: Navigation.TimeToReadyToCommit2.MainFrame.NewNavigation recorded 1 samples, mean = 6170.0 (flags = 0x41)
0     ... 
4955  -O                                                                        (1 = 100.0%) {0.0%}
6296  ... 

Histogram: Navigation.TimeToReadyToCommit2.NewNavigation recorded 1 samples, mean = 6170.0 (flags = 0x41)
0     ... 
4955  -O                                                                        (1 = 100.0%) {0.0%}
6296  ... 

Histogram: Navigation.TpcdMitigations.MetadataInstallationResult recorded 1 samples, mean = 0.0 (flags = 0x41)
0  -O                                                                        (1 = 100.0%)
1  ... 

Histogram: Navigation.Unload recorded 1 samples, mean = 0.0 (flags = 0x41)
0  -O                                                                        (1 = 100.0%)
1  ... 

Histogram: Navigation.UserAgentStringType recorded 4 samples, mean = 1.0 (flags = 0x41)
0  O                                                                         (0 = 0.0%)
1  ----O                                                                     (4 = 100.0%) {0.0%}
2  ... 

Histogram: Navigation.WillStartRequestToLoaderStart.MainFrame recorded 2 samples, mean = 1.0 (flags = 0x41)
0  O                                                                         (0 = 0.0%)
1  --O                                                                       (2 = 100.0%) {0.0%}
2  ... 

Histogram: NavigationPredictor.SearchEnginePreconnector.IsBrowserAppLikelyInForeground recorded 32 samples, mean = 0.1 (flags = 0x41)
0  -----------------------------O                                            (29 = 90.6%)
1  ---O                                                                      (3 = 9.4%) {90.6%}
2  O                                                                         (0 = 0.0%) {100.0%}

Histogram: NavigationSuggestion.GetDomainInfoDelayBeforeAllowingNavigation recorded 1 samples, mean = 0.0 (flags = 0x41)
0  -O                                                                        (1 = 100.0%)
1  ... 

Histogram: NavigationSuggestion.IsLookalikeUrlDelayBeforeAllowingNavigation recorded 1 samples, mean = 0.0 (flags = 0x41)
0  -O                                                                        (1 = 100.0%)
1  ... 

Histogram: NavigationSuggestion.PerformChecksDelayBeforeAllowingNavigation recorded 1 samples, mean = 0.0 (flags = 0x41)
0  -O                                                                        (1 = 100.0%)
1  ... 

Histogram: Net.AlternateProtocolUsage recorded 40 samples, mean = 2.3 (flags = 0x41)
0  ---------O                                                                (9 = 22.5%)
1  ------------------O                                                       (18 = 45.0%) {22.5%}
2  --O                                                                       (2 = 5.0%) {67.5%}
3  --O                                                                       (2 = 5.0%) {72.5%}
4  ... 
7  ---------O                                                                (9 = 22.5%) {77.5%}
8  O                                                                         (0 = 0.0%) {100.0%}

Histogram: Net.AlternateProtocolUsageGoogle recorded 24 samples, mean = 1.6 (flags = 0x41)
0  ---O                                                                      (3 = 12.5%)
1  ---------------O                                                          (15 = 62.5%) {12.5%}
2  --O                                                                       (2 = 8.3%) {75.0%}
3  --O                                                                       (2 = 8.3%) {83.3%}
4  ... 
7  --O                                                                       (2 = 8.3%) {91.7%}
8  O                                                                         (0 = 0.0%) {100.0%}

Histogram: Net.AlternativeServiceTypeForRequest recorded 48 samples, mean = 0.7 (flags = 0x41)
0  --------------O                                                           (14 = 29.2%)
1  ----------------------------------O                                       (34 = 70.8%) {29.2%}
2  ... 

Histogram: Net.CertVerifier.PathBuilderIterationCount recorded 20 samples, mean = 2.0 (flags = 0x41)
0  ... 
2  --------------------O                                                     (20 = 100.0%) {0.0%}
3  ... 

Histogram: Net.CertVerifier_First_Job_Latency recorded 2 samples, mean = 568.0 (flags = 0x41)
0     ... 
29    -O                                                                        (1 = 50.0%) {0.0%}
33    ... 
1065  -O                                                                        (1 = 50.0%) {50.0%}
1206  ... 

Histogram: Net.CertVerifier_Job_Latency recorded 20 samples, mean = 97.8 (flags = 0x41)
0     ... 
12    -O                                                                        (1 = 5.0%) {0.0%}
14    -O                                                                        (1 = 5.0%) {5.0%}
16    O                                                                         (0 = 0.0%) {10.0%}
18    ---O                                                                      (3 = 15.0%) {10.0%}
20    --O                                                                       (2 = 10.0%) {25.0%}
23    --O                                                                       (2 = 10.0%) {35.0%}
26    -O                                                                        (1 = 5.0%) {45.0%}
29    -----O                                                                    (5 = 25.0%) {50.0%}
33    -O                                                                        (1 = 5.0%) {75.0%}
37    ... 
78    -O                                                                        (1 = 5.0%) {80.0%}
88    ... 
164   -O                                                                        (1 = 5.0%) {85.0%}
186   O                                                                         (0 = 0.0%) {90.0%}
211   -O                                                                        (1 = 5.0%) {90.0%}
239   ... 
1065  -O                                                                        (1 = 5.0%) {95.0%}
1206  ... 

Histogram: Net.Certificate.TrustAnchor.Request recorded 35 samples (flags = 0x41)
210  ----O                                                                     (4 = 11.4%)
483  ----------------------O                                                   (22 = 62.9%)
486  ---------O                                                                (9 = 25.7%)

Histogram: Net.Certificate.TrustAnchor.Verify recorded 20 samples (flags = 0x41)
210  --O                                                                       (2 = 10.0%)
483  ------------O                                                             (12 = 60.0%)
486  ------O                                                                   (6 = 30.0%)

Histogram: Net.ConnectionInfo.MainFrame recorded 1 samples, mean = 40.0 (flags = 0x41)
0   ... 
40  -O                                                                        (1 = 100.0%) {0.0%}
41  ... 

Histogram: Net.ConnectionInfo.SubResource recorded 11 samples, mean = 26.9 (flags = 0x41)
0   ... 
4   ----O                                                                     (4 = 36.4%) {0.0%}
5   ... 
40  -------O                                                                  (7 = 63.6%) {36.4%}
41  ... 

Histogram: Net.ContentEncodingType recorded 71 samples, mean = 1.0 (flags = 0x41)
0  ------------------O                                                       (18 = 25.4%)
1  --------------------------------O                                         (32 = 45.1%) {25.4%}
2  ---------------------O                                                    (21 = 29.6%) {70.4%}
3  ... 

Histogram: Net.Cors.AccessCheckResult recorded 5 samples, mean = 0.0 (flags = 0x41)
0  -----O                                                                    (5 = 100.0%)
1  ... 

Histogram: Net.CountOfQuicServerInfos recorded 1 samples, mean = 0.0 (flags = 0x41)
0  -O                                                                        (1 = 100.0%)
1  ... 

Histogram: Net.DNS.DnsConfig.DnsClientCapability recorded 54 samples, mean = 1.0 (flags = 0x41)
0  O                                                                         (0 = 0.0%)
1  ------------------------------------------------------O                   (54 = 100.0%) {0.0%}
2  ... 

Histogram: Net.DNS.DnsConfig.SecureDnsMode recorded 1 samples, mean = 4.0 (flags = 0x41)
0  ... 
4  -O                                                                        (1 = 100.0%) {0.0%}
5  ... 

Histogram: Net.DNS.DnsConfig.Windows.Compatibility recorded 4 samples, mean = 0.0 (flags = 0x41)
0  ----O                                                                     (4 = 100.0%)
1  ... 

Histogram: Net.DNS.DnsConfig.Windows.ReadSystemSettings0 recorded 4 samples, mean = 0.0 (flags = 0x41)
0  ----O                                                                     (4 = 100.0%)
1  ... 

Histogram: Net.DNS.DnsHosts.Count recorded 2 samples, mean = 0.0 (flags = 0x41)
0  --O                                                                       (2 = 100.0%)
1  ... 

Histogram: Net.DNS.DnsHosts.EstimateMemoryUsage recorded 2 samples, mean = 0.0 (flags = 0x41)
0  --O                                                                       (2 = 100.0%)
1000... 

Histogram: Net.DNS.DnsHosts.FileSize recorded 2 samples, mean = 824.0 (flags = 0x41)
0    ... 
737  --O                                                                       (2 = 100.0%) {0.0%}
1065 ... 

Histogram: Net.DNS.DnsTask.SuccessTime recorded 21 samples, mean = 26.8 (flags = 0x41)
0   ... 
10  -O                                                                        (1 = 4.8%) {0.0%}
12  --O                                                                       (2 = 9.5%) {4.8%}
14  ---O                                                                      (3 = 14.3%) {14.3%}
16  O                                                                         (0 = 0.0%) {28.6%}
18  --O                                                                       (2 = 9.5%) {28.6%}
21  --O                                                                       (2 = 9.5%) {38.1%}
24  -O                                                                        (1 = 4.8%) {47.6%}
28  -----O                                                                    (5 = 23.8%) {52.4%}
32  ---O                                                                      (3 = 14.3%) {76.2%}
37  ... 
50  -O                                                                        (1 = 4.8%) {90.5%}
58  -O                                                                        (1 = 4.8%) {95.2%}
67  ... 

Histogram: Net.DNS.DnsTask.SvcbHttpsTransactionError recorded 10 samples, mean = 0.0 (flags = 0x41)
0  ----------O                                                               (10 = 100.0%)
1  ... 

Histogram: Net.DNS.DnsTransaction.AttemptType recorded 63 samples, mean = 0.0 (flags = 0x41)
0  ---------------------------------------------------------------O          (63 = 100.0%)
1  ... 

Histogram: Net.DNS.DnsTransaction.Insecure.Other.SuccessTime recorded 52 samples, mean = 16.5 (flags = 0x41)
0   O                                                                         (0 = 0.0%)
1   -O                                                                        (1 = 1.9%) {0.0%}
2   --------O                                                                 (8 = 15.4%) {1.9%}
3   ----O                                                                     (4 = 7.7%) {17.3%}
4   -O                                                                        (1 = 1.9%) {25.0%}
5   O                                                                         (0 = 0.0%) {26.9%}
6   --O                                                                       (2 = 3.8%) {26.9%}
8   -O                                                                        (1 = 1.9%) {30.8%}
10  O                                                                         (0 = 0.0%) {32.7%}
13  -----O                                                                    (5 = 9.6%) {32.7%}
16  ----------O                                                               (10 = 19.2%) {42.3%}
20  --------O                                                                 (8 = 15.4%) {61.5%}
25  --------O                                                                 (8 = 15.4%) {76.9%}
32  --O                                                                       (2 = 3.8%) {92.3%}
41  --O                                                                       (2 = 3.8%) {96.2%}
52  ... 

Histogram: Net.DNS.H3SupportedGoogleHost.TaskTypeMetadataAvailability2 recorded 2 samples, mean = 2.5 (flags = 0x41)
0  ... 
2  -O                                                                        (1 = 50.0%) {0.0%}
3  -O                                                                        (1 = 50.0%) {50.0%}
4  ... 

Histogram: Net.DNS.HTTPSSVC.RecordHttps.Insecure.ExpectNoerror.DnsRcode recorded 21 samples, mean = 1.4 (flags = 0x41)
0  -----------O                                                              (11 = 52.4%)
1  ... 
3  ----------O                                                               (10 = 47.6%) {52.4%}
4  ... 

Histogram: Net.DNS.HTTPSSVC.RecordHttps.Insecure.ExpectNoerror.Parsable recorded 1 samples, mean = 1.0 (flags = 0x41)
0  O                                                                         (0 = 0.0%)
1  -O                                                                        (1 = 100.0%) {0.0%}
2  O                                                                         (0 = 0.0%) {100.0%}

Histogram: Net.DNS.HTTPSSVC.RecordHttps.Insecure.ExpectNoerror.ResolveTimeAddress recorded 42 samples, mean = 15.5 (flags = 0x41)
0   ... 
2   -----O                                                                    (5 = 11.9%) {0.0%}
3   --------O                                                                 (8 = 19.0%) {11.9%}
4   -O                                                                        (1 = 2.4%) {31.0%}
5   O                                                                         (0 = 0.0%) {33.3%}
6   --O                                                                       (2 = 4.8%) {33.3%}
8   -O                                                                        (1 = 2.4%) {38.1%}
10  O                                                                         (0 = 0.0%) {40.5%}
13  ---O                                                                      (3 = 7.1%) {40.5%}
16  --------O                                                                 (8 = 19.0%) {47.6%}
20  ----O                                                                     (4 = 9.5%) {66.7%}
25  -------O                                                                  (7 = 16.7%) {76.2%}
32  -O                                                                        (1 = 2.4%) {92.9%}
41  --O                                                                       (2 = 4.8%) {95.2%}
52  ... 

Histogram: Net.DNS.HTTPSSVC.RecordHttps.Insecure.ExpectNoerror.ResolveTimeExperimental recorded 21 samples, mean = 23.0 (flags = 0x41)
0   ... 
8   -O                                                                        (1 = 4.8%) {0.0%}
10  -O                                                                        (1 = 4.8%) {4.8%}
13  ----O                                                                     (4 = 19.0%) {9.5%}
16  --O                                                                       (2 = 9.5%) {28.6%}
20  -------O                                                                  (7 = 33.3%) {38.1%}
25  ---O                                                                      (3 = 14.3%) {71.4%}
32  --O                                                                       (2 = 9.5%) {85.7%}
41  O                                                                         (0 = 0.0%) {95.2%}
52  -O                                                                        (1 = 4.8%) {95.2%}
66  ... 

Histogram: Net.DNS.HTTPSSVC.RecordHttps.Insecure.ExpectNoerror.ResolveTimeRatio recorded 21 samples, mean = 19.2 (flags = 0x41)
0   ... 
6   ---O                                                                      (3 = 14.3%) {0.0%}
7   -O                                                                        (1 = 4.8%) {14.3%}
8   --O                                                                       (2 = 9.5%) {19.0%}
9   -O                                                                        (1 = 4.8%) {28.6%}
10  -O                                                                        (1 = 4.8%) {33.3%}
11  --O                                                                       (2 = 9.5%) {38.1%}
12  ... 
14  -O                                                                        (1 = 4.8%) {47.6%}
15  -O                                                                        (1 = 4.8%) {52.4%}
16  -O                                                                        (1 = 4.8%) {57.1%}
17  -O                                                                        (1 = 4.8%) {61.9%}
18  --O                                                                       (2 = 9.5%) {66.7%}
19  O                                                                         (0 = 0.0%) {76.2%}
20  -----O                                                                    (5 = 23.8%) {76.2%}

Histogram: Net.DNS.JobQueueTime.PerTransaction recorded 63 samples, mean = 0.1 (flags = 0x41)
0  ----------------------------------------------------------O               (58 = 92.1%)
1  ----O                                                                     (4 = 6.3%) {92.1%}
2  -O                                                                        (1 = 1.6%) {98.4%}
3  ... 

Histogram: Net.DNS.JobQueueTime.Success recorded 21 samples, mean = 0.8 (flags = 0x41)
0  ---------O                                                                (9 = 42.9%)
1  ----------O                                                               (10 = 47.6%) {42.9%}
2  O                                                                         (0 = 0.0%) {90.5%}
3  -O                                                                        (1 = 4.8%) {90.5%}
4  -O                                                                        (1 = 4.8%) {95.2%}
5  ... 

Histogram: Net.DNS.Request.TotalTime recorded 197 samples, mean = 3.1 (flags = 0x41)
0   ------------------------------------------------------------------------O (177 = 89.8%)
10  O                                                                         (0 = 0.0%) {89.8%}
12  -O                                                                        (2 = 1.0%) {89.8%}
15  -O                                                                        (2 = 1.0%) {90.9%}
18  -O                                                                        (2 = 1.0%) {91.9%}
22  -O                                                                        (3 = 1.5%) {92.9%}
27  --O                                                                       (6 = 3.0%) {94.4%}
33  -O                                                                        (3 = 1.5%) {97.5%}
41  ... 
61  -O                                                                        (2 = 1.0%) {99.0%}
75  ... 

Histogram: Net.DNS.Request.TotalTimeAsync recorded 29 samples, mean = 20.8 (flags = 0x41)
0   ---------O                                                                (9 = 31.0%)
10  O                                                                         (0 = 0.0%) {31.0%}
12  --O                                                                       (2 = 6.9%) {31.0%}
15  --O                                                                       (2 = 6.9%) {37.9%}
18  --O                                                                       (2 = 6.9%) {44.8%}
22  ---O                                                                      (3 = 10.3%) {51.7%}
27  ------O                                                                   (6 = 20.7%) {62.1%}
33  ---O                                                                      (3 = 10.3%) {82.8%}
41  ... 
61  --O                                                                       (2 = 6.9%) {93.1%}
75  ... 

Histogram: Net.DNS.ResolveCategory recorded 31 samples, mean = 0.5 (flags = 0x41)
0  -------------------O                                                      (19 = 61.3%)
1  ----------O                                                               (10 = 32.3%) {61.3%}
2  --O                                                                       (2 = 6.5%) {93.5%}
3  ... 

Histogram: Net.DNS.ResolveError.Fast recorded 8 samples (flags = 0x41)
105  --------O                                                                 (8 = 100.0%)

Histogram: Net.DNS.ResolveError.Slow recorded 2 samples (flags = 0x41)
105  --O                                                                       (2 = 100.0%)

Histogram: Net.DNS.ResolveFailureTime recorded 10 samples, mean = 11.3 (flags = 0x41)
0   ---O                                                                      (3 = 30.0%)
1   O                                                                         (0 = 0.0%) {30.0%}
2   -O                                                                        (1 = 10.0%) {30.0%}
3   --O                                                                       (2 = 20.0%) {40.0%}
4   --O                                                                       (2 = 20.0%) {60.0%}
5   ... 
28  -O                                                                        (1 = 10.0%) {80.0%}
32  ... 
58  -O                                                                        (1 = 10.0%) {90.0%}
67  ... 

Histogram: Net.DNS.ResolveSuccessTime recorded 19 samples, mean = 25.9 (flags = 0x41)
0   ... 
10  -O                                                                        (1 = 5.3%) {0.0%}
12  --O                                                                       (2 = 10.5%) {5.3%}
14  --O                                                                       (2 = 10.5%) {15.8%}
16  O                                                                         (0 = 0.0%) {26.3%}
18  --O                                                                       (2 = 10.5%) {26.3%}
21  --O                                                                       (2 = 10.5%) {36.8%}
24  -O                                                                        (1 = 5.3%) {47.4%}
28  -----O                                                                    (5 = 26.3%) {52.6%}
32  ---O                                                                      (3 = 15.8%) {78.9%}
37  ... 
58  -O                                                                        (1 = 5.3%) {94.7%}
67  ... 

Histogram: Net.DNS.SystemTask.FailureTime recorded 10 samples, mean = 11.3 (flags = 0x41)
0   ---O                                                                      (3 = 30.0%)
1   O                                                                         (0 = 0.0%) {30.0%}
2   -O                                                                        (1 = 10.0%) {30.0%}
3   --O                                                                       (2 = 20.0%) {40.0%}
4   --O                                                                       (2 = 20.0%) {60.0%}
5   ... 
28  -O                                                                        (1 = 10.0%) {80.0%}
32  ... 
58  -O                                                                        (1 = 10.0%) {90.0%}
67  ... 

Histogram: Net.DNS.UpgradeConfig.HasPublicInsecureNameserver recorded 1 samples, mean = 1.0 (flags = 0x41)
0  O                                                                         (0 = 0.0%)
1  -O                                                                        (1 = 100.0%) {0.0%}
2  O                                                                         (0 = 0.0%) {100.0%}

Histogram: Net.DNS.UpgradeConfig.InsecureUpgradeSucceeded recorded 1 samples, mean = 0.0 (flags = 0x41)
0  -O                                                                        (1 = 100.0%)
1  ... 

Histogram: Net.DNS_Resolution_And_TCP_Connection_Latency2 recorded 13 samples, mean = 22.9 (flags = 0x41)
0   ... 
3   -O                                                                        (1 = 7.7%) {0.0%}
4   -O                                                                        (1 = 7.7%) {7.7%}
5   O                                                                         (0 = 0.0%) {15.4%}
6   -O                                                                        (1 = 7.7%) {15.4%}
7   ... 
20  -O                                                                        (1 = 7.7%) {23.1%}
23  --O                                                                       (2 = 15.4%) {30.8%}
26  ---O                                                                      (3 = 23.1%) {46.2%}
29  -O                                                                        (1 = 7.7%) {69.2%}
33  --O                                                                       (2 = 15.4%) {76.9%}
37  -O                                                                        (1 = 7.7%) {92.3%}
42  ... 

Histogram: Net.Dns.ResolveTimeDiff.AAAABeforeA.FirstRecord10msTo25ms recorded 5 samples, mean = 8.4 (flags = 0x41)
0   -O                                                                        (1 = 20.0%)
1   ... 
7   -O                                                                        (1 = 20.0%) {20.0%}
8   -O                                                                        (1 = 20.0%) {40.0%}
10  -O                                                                        (1 = 20.0%) {60.0%}
12  O                                                                         (0 = 0.0%) {80.0%}
14  -O                                                                        (1 = 20.0%) {80.0%}
17  ... 

Histogram: Net.Dns.ResolveTimeDiff.AAAABeforeA.FirstRecordFasterThan10ms recorded 7 samples, mean = 7.6 (flags = 0x41)
0   ----O                                                                     (4 = 57.1%)
1   ... 
14  -O                                                                        (1 = 14.3%) {57.1%}
17  -O                                                                        (1 = 14.3%) {71.4%}
20  -O                                                                        (1 = 14.3%) {85.7%}
24  ... 

Histogram: Net.Dns.ResolveTimeDiff.ABeforeAAAA.FirstRecord10msTo25ms recorded 3 samples, mean = 1.3 (flags = 0x41)
0  -O                                                                        (1 = 33.3%)
1  -O                                                                        (1 = 33.3%) {33.3%}
2  O                                                                         (0 = 0.0%) {66.7%}
3  -O                                                                        (1 = 33.3%) {66.7%}
4  ... 

Histogram: Net.Dns.ResolveTimeDiff.ABeforeAAAA.FirstRecord25msTo50ms recorded 2 samples, mean = 2.0 (flags = 0x41)
0  -O                                                                        (1 = 50.0%)
1  ... 
4  -O                                                                        (1 = 50.0%) {50.0%}
5  ... 

Histogram: Net.Dns.ResolveTimeDiff.ABeforeAAAA.FirstRecordFasterThan10ms recorded 4 samples, mean = 5.2 (flags = 0x41)
0   --O                                                                       (2 = 50.0%)
1   ... 
8   -O                                                                        (1 = 25.0%) {50.0%}
10  O                                                                         (0 = 0.0%) {75.0%}
12  -O                                                                        (1 = 25.0%) {75.0%}
14  ... 

Histogram: Net.Dns.ResolveTimeDiff.AddressRecordBeforeHTTPS.FirstRecord10msTo25ms recorded 1 samples, mean = 11.0 (flags = 0x41)
0   ... 
10  -O                                                                        (1 = 100.0%) {0.0%}
12  ... 

Histogram: Net.Dns.ResolveTimeDiff.AddressRecordBeforeHTTPS.FirstRecordFasterThan10ms recorded 2 samples, mean = 21.5 (flags = 0x41)
0   ... 
17  -O                                                                        (1 = 50.0%) {0.0%}
20  O                                                                         (0 = 0.0%) {50.0%}
24  -O                                                                        (1 = 50.0%) {50.0%}
29  ... 

Histogram: Net.ErrorCodesForMainFrame4 recorded 2 samples (flags = 0x41)
0  -O                                                                        (1 = 50.0%)
3  -O                                                                        (1 = 50.0%)

Histogram: Net.ErrorCodesForSubresources3 recorded 45 samples (flags = 0x41)
0  ---------------------------------------------O                            (45 = 100.0%)

Histogram: Net.HttpJob.BytesReceived2 recorded 38 samples, mean = 3751.2 (flags = 0x41)
0      ... 
165    ---------------O                                                          (15 = 39.5%) {0.0%}
237    -------O                                                                  (7 = 18.4%) {39.5%}
340    ---O                                                                      (3 = 7.9%) {57.9%}
488    --O                                                                       (2 = 5.3%) {65.8%}
700    O                                                                         (0 = 0.0%) {71.1%}
1004   --O                                                                       (2 = 5.3%) {71.1%}
1440   --O                                                                       (2 = 5.3%) {76.3%}
2065   O                                                                         (0 = 0.0%) {81.6%}
2961   ----O                                                                     (4 = 10.5%) {81.6%}
4246   ... 
8732   -O                                                                        (1 = 2.6%) {92.1%}
12523  O                                                                         (0 = 0.0%) {94.7%}
17959  -O                                                                        (1 = 2.6%) {94.7%}
25755  ... 
75961  -O                                                                        (1 = 2.6%) {97.4%}
108935 ... 

Histogram: Net.HttpJob.BytesSent2 recorded 38 samples, mean = 1509.7 (flags = 0x41)
0      ... 
13     -O                                                                        (1 = 2.6%) {0.0%}
19     ... 
115    -O                                                                        (1 = 2.6%) {2.6%}
165    O                                                                         (0 = 0.0%) {5.3%}
237    ---O                                                                      (3 = 7.9%) {5.3%}
340    ----O                                                                     (4 = 10.5%) {13.2%}
488    ---O                                                                      (3 = 7.9%) {23.7%}
700    ---O                                                                      (3 = 7.9%) {31.6%}
1004   ---------------------O                                                    (21 = 55.3%) {39.5%}
1440   ... 
6089   -O                                                                        (1 = 2.6%) {94.7%}
8732   O                                                                         (0 = 0.0%) {97.4%}
12523  -O                                                                        (1 = 2.6%) {97.4%}
17959  ... 

Histogram: Net.HttpJob.MainJobWaitTimeWithAvailableSpdySession recorded 1 samples, mean = 0.0 (flags = 0x41)
0  -O                                                                        (1 = 100.0%)
1  ... 

Histogram: Net.HttpJob.MainJobWaitTimeWithoutAvailableSpdySession recorded 23 samples, mean = 91.9 (flags = 0x41)
0    --O                                                                       (2 = 8.7%)
1    ... 
34   --O                                                                       (2 = 8.7%) {8.7%}
40   ---O                                                                      (3 = 13.0%) {17.4%}
48   ------O                                                                   (6 = 26.1%) {30.4%}
57   -----O                                                                    (5 = 21.7%) {56.5%}
68   -O                                                                        (1 = 4.3%) {78.3%}
81   ... 
268  ----O                                                                     (4 = 17.4%) {82.6%}
318  ... 

Histogram: Net.HttpJob.PrefilterBytesRead recorded 73 samples, mean = 24219.2 (flags = 0x41)
0       -----O                                                                    (5 = 6.8%)
1       ... 
19      --O                                                                       (2 = 2.7%) {6.8%}
27      O                                                                         (0 = 0.0%) {9.6%}
39      -O                                                                        (1 = 1.4%) {9.6%}
56      -O                                                                        (1 = 1.4%) {11.0%}
80      ... 
165     -------------------O                                                      (19 = 26.0%) {12.3%}
237     --O                                                                       (2 = 2.7%) {38.4%}
340     -O                                                                        (1 = 1.4%) {41.1%}
488     -----O                                                                    (5 = 6.8%) {42.5%}
700     ---O                                                                      (3 = 4.1%) {49.3%}
1004    ----O                                                                     (4 = 5.5%) {53.4%}
1440    -O                                                                        (1 = 1.4%) {58.9%}
2065    --O                                                                       (2 = 2.7%) {60.3%}
2961    ---O                                                                      (3 = 4.1%) {63.0%}
4246    O                                                                         (0 = 0.0%) {67.1%}
6089    ----O                                                                     (4 = 5.5%) {67.1%}
8732    -O                                                                        (1 = 1.4%) {72.6%}
12523   -O                                                                        (1 = 1.4%) {74.0%}
17959   ----O                                                                     (4 = 5.5%) {75.3%}
25755   --O                                                                       (2 = 2.7%) {80.8%}
36935   ----O                                                                     (4 = 5.5%) {83.6%}
52968   O                                                                         (0 = 0.0%) {89.0%}
75961   -----O                                                                    (5 = 6.8%) {89.0%}
108935  -O                                                                        (1 = 1.4%) {95.9%}
156223  O                                                                         (0 = 0.0%) {97.3%}
224038  -O                                                                        (1 = 1.4%) {97.3%}
321291  -O                                                                        (1 = 1.4%) {98.6%}
460760  ... 

Histogram: Net.HttpJob.PrefilterBytesRead.Cache recorded 38 samples, mean = 43335.0 (flags = 0x41)
0       -O                                                                        (1 = 2.6%)
1       ... 
165     -O                                                                        (1 = 2.6%) {2.6%}
237     O                                                                         (0 = 0.0%) {5.3%}
340     -O                                                                        (1 = 2.6%) {5.3%}
488     -----O                                                                    (5 = 13.2%) {7.9%}
700     ---O                                                                      (3 = 7.9%) {21.1%}
1004    -O                                                                        (1 = 2.6%) {28.9%}
1440    -O                                                                        (1 = 2.6%) {31.6%}
2065    -O                                                                        (1 = 2.6%) {34.2%}
2961    ---O                                                                      (3 = 7.9%) {36.8%}
4246    O                                                                         (0 = 0.0%) {44.7%}
6089    ---O                                                                      (3 = 7.9%) {44.7%}
8732    -O                                                                        (1 = 2.6%) {52.6%}
12523   O                                                                         (0 = 0.0%) {55.3%}
17959   ----O                                                                     (4 = 10.5%) {55.3%}
25755   --O                                                                       (2 = 5.3%) {65.8%}
36935   ----O                                                                     (4 = 10.5%) {71.1%}
52968   O                                                                         (0 = 0.0%) {81.6%}
75961   ----O                                                                     (4 = 10.5%) {81.6%}
108935  -O                                                                        (1 = 2.6%) {92.1%}
156223  O                                                                         (0 = 0.0%) {94.7%}
224038  -O                                                                        (1 = 2.6%) {94.7%}
321291  -O                                                                        (1 = 2.6%) {97.4%}
460760  ... 

Histogram: Net.HttpJob.PrefilterBytesRead.Net recorded 35 samples, mean = 3464.8 (flags = 0x41)
0      ----O                                                                     (4 = 11.4%)
1      ... 
19     --O                                                                       (2 = 5.7%) {11.4%}
27     O                                                                         (0 = 0.0%) {17.1%}
39     -O                                                                        (1 = 2.9%) {17.1%}
56     -O                                                                        (1 = 2.9%) {20.0%}
80     ... 
165    ------------------O                                                       (18 = 51.4%) {22.9%}
237    --O                                                                       (2 = 5.7%) {74.3%}
340    ... 
1004   ---O                                                                      (3 = 8.6%) {80.0%}
1440   O                                                                         (0 = 0.0%) {88.6%}
2065   -O                                                                        (1 = 2.9%) {88.6%}
2961   ... 
6089   -O                                                                        (1 = 2.9%) {91.4%}
8732   O                                                                         (0 = 0.0%) {94.3%}
12523  -O                                                                        (1 = 2.9%) {94.3%}
17959  ... 
75961  -O                                                                        (1 = 2.9%) {97.1%}
108935 ... 

Histogram: Net.HttpJob.ProxyTypeSuccess recorded 38 samples, mean = 1.0 (flags = 0x41)
0  O                                                                         (0 = 0.0%)
1  --------------------------------------O                                   (38 = 100.0%) {0.0%}
2  ... 

Histogram: Net.HttpJob.TotalTime recorded 73 samples, mean = 80.2 (flags = 0x41)
0    -O                                                                        (1 = 1.4%)
1    ----O                                                                     (4 = 5.5%) {1.4%}
2    ----O                                                                     (4 = 5.5%) {6.8%}
3    O                                                                         (0 = 0.0%) {12.3%}
4    ----O                                                                     (4 = 5.5%) {12.3%}
5    ---O                                                                      (3 = 4.1%) {17.8%}
6    -O                                                                        (1 = 1.4%) {21.9%}
7    O                                                                         (0 = 0.0%) {23.3%}
8    ----O                                                                     (4 = 5.5%) {23.3%}
10   ----O                                                                     (4 = 5.5%) {28.8%}
12   ----O                                                                     (4 = 5.5%) {34.2%}
14   ----O                                                                     (4 = 5.5%) {39.7%}
17   -O                                                                        (1 = 1.4%) {45.2%}
20   O                                                                         (0 = 0.0%) {46.6%}
24   ---O                                                                      (3 = 4.1%) {46.6%}
29   O                                                                         (0 = 0.0%) {50.7%}
34   ---O                                                                      (3 = 4.1%) {50.7%}
40   -O                                                                        (1 = 1.4%) {54.8%}
48   ----O                                                                     (4 = 5.5%) {56.2%}
57   ---O                                                                      (3 = 4.1%) {61.6%}
68   --O                                                                       (2 = 2.7%) {65.8%}
81   O                                                                         (0 = 0.0%) {68.5%}
96   -O                                                                        (1 = 1.4%) {68.5%}
114  ... 
160  ---------O                                                                (9 = 12.3%) {69.9%}
190  ---------O                                                                (9 = 12.3%) {82.2%}
226  -O                                                                        (1 = 1.4%) {94.5%}
268  --O                                                                       (2 = 2.7%) {95.9%}
318  ... 
449  -O                                                                        (1 = 1.4%) {98.6%}
533  ... 

Histogram: Net.HttpJob.TotalTime.Secure.Quic recorded 18 samples, mean = 182.9 (flags = 0x41)
0    ... 
52   ---O                                                                      (3 = 16.7%) {0.0%}
66   ... 
173  ---------O                                                                (9 = 50.0%) {16.7%}
220  ------O                                                                   (6 = 33.3%) {66.7%}
280  ... 

Histogram: Net.HttpJob.TotalTime.TLS13.Google recorded 4 samples, mean = 225.2 (flags = 0x41)
0    ... 
48   -O                                                                        (1 = 25.0%) {0.0%}
57   ... 
190  --O                                                                       (2 = 50.0%) {25.0%}
226  ... 
449  -O                                                                        (1 = 25.0%) {75.0%}
533  ... 

Histogram: Net.HttpJob.TotalTimeCached recorded 38 samples, mean = 19.5 (flags = 0x41)
0    -O                                                                        (1 = 2.6%)
1    ----O                                                                     (4 = 10.5%) {2.6%}
2    ----O                                                                     (4 = 10.5%) {13.2%}
3    O                                                                         (0 = 0.0%) {23.7%}
4    ----O                                                                     (4 = 10.5%) {23.7%}
5    ---O                                                                      (3 = 7.9%) {34.2%}
6    -O                                                                        (1 = 2.6%) {42.1%}
7    O                                                                         (0 = 0.0%) {44.7%}
8    ----O                                                                     (4 = 10.5%) {44.7%}
10   ----O                                                                     (4 = 10.5%) {55.3%}
12   ----O                                                                     (4 = 10.5%) {65.8%}
14   ----O                                                                     (4 = 10.5%) {76.3%}
17   -O                                                                        (1 = 2.6%) {86.8%}
20   O                                                                         (0 = 0.0%) {89.5%}
24   -O                                                                        (1 = 2.6%) {89.5%}
29   ... 
96   -O                                                                        (1 = 2.6%) {92.1%}
114  ... 
160  --O                                                                       (2 = 5.3%) {94.7%}
190  ... 

Histogram: Net.HttpJob.TotalTimeCancel recorded 2 samples, mean = 226.5 (flags = 0x41)
0    ... 
160  -O                                                                        (1 = 50.0%) {0.0%}
190  ... 
268  -O                                                                        (1 = 50.0%) {50.0%}
318  ... 

Histogram: Net.HttpJob.TotalTimeNotCached recorded 35 samples, mean = 146.1 (flags = 0x41)
0    ... 
24   --O                                                                       (2 = 5.7%) {0.0%}
29   O                                                                         (0 = 0.0%) {5.7%}
34   ---O                                                                      (3 = 8.6%) {5.7%}
40   -O                                                                        (1 = 2.9%) {14.3%}
48   ----O                                                                     (4 = 11.4%) {17.1%}
57   ---O                                                                      (3 = 8.6%) {28.6%}
68   --O                                                                       (2 = 5.7%) {37.1%}
81   ... 
160  -------O                                                                  (7 = 20.0%) {42.9%}
190  ---------O                                                                (9 = 25.7%) {62.9%}
226  -O                                                                        (1 = 2.9%) {88.6%}
268  --O                                                                       (2 = 5.7%) {91.4%}
318  ... 
449  -O                                                                        (1 = 2.9%) {97.1%}
533  ... 

Histogram: Net.HttpJob.TotalTimeNotCached.Secure.Quic recorded 18 samples, mean = 182.9 (flags = 0x41)
0    ... 
52   ---O                                                                      (3 = 16.7%) {0.0%}
66   ... 
173  ---------O                                                                (9 = 50.0%) {16.7%}
220  ------O                                                                   (6 = 33.3%) {66.7%}
280  ... 

Histogram: Net.HttpJob.TotalTimeSuccess recorded 71 samples, mean = 76.1 (flags = 0x41)
0    -O                                                                        (1 = 1.4%)
1    ----O                                                                     (4 = 5.6%) {1.4%}
2    ----O                                                                     (4 = 5.6%) {7.0%}
3    O                                                                         (0 = 0.0%) {12.7%}
4    ----O                                                                     (4 = 5.6%) {12.7%}
5    ---O                                                                      (3 = 4.2%) {18.3%}
6    -O                                                                        (1 = 1.4%) {22.5%}
7    O                                                                         (0 = 0.0%) {23.9%}
8    ----O                                                                     (4 = 5.6%) {23.9%}
10   ----O                                                                     (4 = 5.6%) {29.6%}
12   ----O                                                                     (4 = 5.6%) {35.2%}
14   ----O                                                                     (4 = 5.6%) {40.8%}
17   -O                                                                        (1 = 1.4%) {46.5%}
20   O                                                                         (0 = 0.0%) {47.9%}
24   ---O                                                                      (3 = 4.2%) {47.9%}
29   O                                                                         (0 = 0.0%) {52.1%}
34   ---O                                                                      (3 = 4.2%) {52.1%}
40   -O                                                                        (1 = 1.4%) {56.3%}
48   ----O                                                                     (4 = 5.6%) {57.7%}
57   ---O                                                                      (3 = 4.2%) {63.4%}
68   --O                                                                       (2 = 2.8%) {67.6%}
81   O                                                                         (0 = 0.0%) {70.4%}
96   -O                                                                        (1 = 1.4%) {70.4%}
114  ... 
160  --------O                                                                 (8 = 11.3%) {71.8%}
190  ---------O                                                                (9 = 12.7%) {83.1%}
226  -O                                                                        (1 = 1.4%) {95.8%}
268  -O                                                                        (1 = 1.4%) {97.2%}
318  ... 
449  -O                                                                        (1 = 1.4%) {98.6%}
533  ... 

Histogram: Net.HttpJob.TotalTimeSuccess.Priority1 recorded 23 samples, mean = 168.9 (flags = 0x41)
0    ... 
24   -O                                                                        (1 = 4.3%) {0.0%}
29   ... 
48   ----O                                                                     (4 = 17.4%) {4.3%}
57   --O                                                                       (2 = 8.7%) {21.7%}
68   ... 
160  -----O                                                                    (5 = 21.7%) {30.4%}
190  --------O                                                                 (8 = 34.8%) {52.2%}
226  -O                                                                        (1 = 4.3%) {87.0%}
268  -O                                                                        (1 = 4.3%) {91.3%}
318  ... 
449  -O                                                                        (1 = 4.3%) {95.7%}
533  ... 

Histogram: Net.HttpJob.TotalTimeSuccess.Priority2 recorded 28 samples, mean = 27.0 (flags = 0x41)
0    O                                                                         (0 = 0.0%)
1    -O                                                                        (1 = 3.6%) {0.0%}
2    -O                                                                        (1 = 3.6%) {3.6%}
3    ... 
5    --O                                                                       (2 = 7.1%) {7.1%}
6    -O                                                                        (1 = 3.6%) {14.3%}
7    O                                                                         (0 = 0.0%) {17.9%}
8    ---O                                                                      (3 = 10.7%) {17.9%}
10   ----O                                                                     (4 = 14.3%) {28.6%}
12   ----O                                                                     (4 = 14.3%) {42.9%}
14   ----O                                                                     (4 = 14.3%) {57.1%}
17   -O                                                                        (1 = 3.6%) {71.4%}
20   O                                                                         (0 = 0.0%) {75.0%}
24   --O                                                                       (2 = 7.1%) {75.0%}
29   O                                                                         (0 = 0.0%) {82.1%}
34   ---O                                                                      (3 = 10.7%) {82.1%}
40   ... 
160  -O                                                                        (1 = 3.6%) {92.9%}
190  -O                                                                        (1 = 3.6%) {96.4%}
226  ... 

Histogram: Net.HttpJob.TotalTimeSuccess.Priority3 recorded 1 samples, mean = 176.0 (flags = 0x41)
0    ... 
160  -O                                                                        (1 = 100.0%) {0.0%}
190  ... 

Histogram: Net.HttpJob.TotalTimeSuccess.Priority4 recorded 5 samples, mean = 49.8 (flags = 0x41)
0   O                                                                         (0 = 0.0%)
1   -O                                                                        (1 = 20.0%) {0.0%}
2   ... 
40  -O                                                                        (1 = 20.0%) {20.0%}
48  O                                                                         (0 = 0.0%) {40.0%}
57  -O                                                                        (1 = 20.0%) {40.0%}
68  --O                                                                       (2 = 40.0%) {60.0%}
81  ... 

Histogram: Net.HttpJob.TotalTimeSuccess.Priority5 recorded 14 samples, mean = 24.1 (flags = 0x41)
0    -O                                                                        (1 = 7.1%)
1    --O                                                                       (2 = 14.3%) {7.1%}
2    ---O                                                                      (3 = 21.4%) {21.4%}
3    O                                                                         (0 = 0.0%) {42.9%}
4    ----O                                                                     (4 = 28.6%) {42.9%}
5    -O                                                                        (1 = 7.1%) {71.4%}
6    ... 
8    -O                                                                        (1 = 7.1%) {78.6%}
10   ... 
96   -O                                                                        (1 = 7.1%) {85.7%}
114  ... 
160  -O                                                                        (1 = 7.1%) {92.9%}
190  ... 

Histogram: Net.HttpRequestSSLUpgradeDecision recorded 2 samples, mean = 5.0 (flags = 0x41)
0  ... 
5  --O                                                                       (2 = 100.0%) {0.0%}
6  O                                                                         (0 = 0.0%) {100.0%}

Histogram: Net.HttpRequestStsState recorded 2 samples, mean = 2.0 (flags = 0x41)
0  ... 
2  --O                                                                       (2 = 100.0%) {0.0%}
3  ... 

Histogram: Net.HttpResponseCode recorded 271 samples, mean = 212.7 (flags = 0x41)
0    ... 
200  ------------------------------------------------------------------------O (247 = 91.1%) {0.0%}
201  ... 
204  -O                                                                        (4 = 1.5%) {91.1%}
205  ... 
302  -O                                                                        (2 = 0.7%) {92.6%}
303  O                                                                         (0 = 0.0%) {93.4%}
304  -O                                                                        (3 = 1.1%) {93.4%}
305  ... 
308  O                                                                         (1 = 0.4%) {94.5%}
309  ... 
400  ----O                                                                     (14 = 5.2%) {94.8%}
401  ... 

Histogram: Net.HttpTimeToFirstByte recorded 73 samples, mean = 81.8 (flags = 0x41)
0    ---------------------------------O                                        (33 = 45.2%)
10   --O                                                                       (2 = 2.7%) {45.2%}
12   -O                                                                        (1 = 1.4%) {47.9%}
15   -O                                                                        (1 = 1.4%) {49.3%}
18   ... 
27   ---O                                                                      (3 = 4.1%) {50.7%}
33   --O                                                                       (2 = 2.7%) {54.8%}
41   -O                                                                        (1 = 1.4%) {57.5%}
50   ----O                                                                     (4 = 5.5%) {58.9%}
61   ---O                                                                      (3 = 4.1%) {64.4%}
75   ... 
113  -O                                                                        (1 = 1.4%) {68.5%}
139  ---O                                                                      (3 = 4.1%) {69.9%}
171  ------------O                                                             (12 = 16.4%) {74.0%}
210  ----O                                                                     (4 = 5.5%) {90.4%}
258  --O                                                                       (2 = 2.7%) {95.9%}
317  ... 
718  -O                                                                        (1 = 1.4%) {98.6%}
881  ... 

Histogram: Net.HttpTimeToFirstByte.TLS13.Google recorded 4 samples, mean = 322.0 (flags = 0x41)
0    ... 
41   -O                                                                        (1 = 25.0%) {0.0%}
52   ... 
173  --O                                                                       (2 = 50.0%) {25.0%}
220  ... 
729  -O                                                                        (1 = 25.0%) {75.0%}
926  ... 

Histogram: Net.NetworkChangeNotifier.NewConnectionCost recorded 2 samples, mean = 1.0 (flags = 0x41)
0  O                                                                         (0 = 0.0%)
1  --O                                                                       (2 = 100.0%) {0.0%}
2  ... 

Histogram: Net.NumQuicSessionsAtShutdown recorded 3 samples, mean = 0.0 (flags = 0x41)
0  ---O                                                                      (3 = 100.0%)
1  ... 

Histogram: Net.OnTransferSizeUpdated.Experimental.OverridenBy recorded 78 samples, mean = 10.6 (flags = 0x41)
0   O                                                                         (0 = 0.0%)
1   ----------------------------------------O                                 (40 = 51.3%) {0.0%}
2   ... 
11  ------------O                                                             (12 = 15.4%) {51.3%}
12  ---O                                                                      (3 = 3.8%) {66.7%}
13  ... 
26  -----------O                                                              (11 = 14.1%) {70.5%}
27  O                                                                         (0 = 0.0%) {84.6%}
28  ------------O                                                             (12 = 15.4%) {84.6%}
29  ... 

Histogram: Net.QuicActiveSessionCount.CertVerifierChanged recorded 12 samples, mean = 0.4 (flags = 0x41)
0  --------O                                                                 (8 = 66.7%)
1  ---O                                                                      (3 = 25.0%) {66.7%}
2  -O                                                                        (1 = 8.3%) {91.7%}
3  ... 

Histogram: Net.QuicActiveSessions recorded 23 samples, mean = 0.3 (flags = 0x41)
0  -------------------O                                                      (19 = 82.6%)
1  --O                                                                       (2 = 8.7%) {82.6%}
2  -O                                                                        (1 = 4.3%) {91.3%}
3  -O                                                                        (1 = 4.3%) {95.7%}
4  ... 

Histogram: Net.QuicChromiumClientStream.HandleOnCloseConnectionError recorded 27 samples (flags = 0x41)
0  ---------------------------O                                              (27 = 100.0%)

Histogram: Net.QuicChromiumClientStream.HandleOnCloseNetError recorded 27 samples (flags = 0x41)
100  -------------------------O                                                (25 = 92.6%)
356  --O                                                                       (2 = 7.4%)

Histogram: Net.QuicChromiumClientStream.HandleOnCloseStreamError recorded 27 samples (flags = 0x41)
0  -------------------------O                                                (25 = 92.6%)
6  --O                                                                       (2 = 7.4%)

Histogram: Net.QuicChromiumClientStream.HeaderDecodingDelay recorded 27 samples, mean = 0.0 (flags = 0x41)
0  ---------------------------O                                              (27 = 100.0%)
1  ... 

Histogram: Net.QuicChromiumClientStream.HeaderDecodingDelayGoogle recorded 18 samples, mean = 0.0 (flags = 0x41)
0  ------------------O                                                       (18 = 100.0%)
1  ... 

Histogram: Net.QuicConnection.WritePacketStatus recorded 355 samples, mean = 0.0 (flags = 0x41)
0  ------------------------------------------------------------------------O (355 = 100.0%)
1  ... 

Histogram: Net.QuicCryptoClientConfig.PopulatedFromCanonicalConfig recorded 8 samples, mean = 0.0 (flags = 0x41)
0  --------O                                                                 (8 = 100.0%)
1  ... 

Histogram: Net.QuicDroppedPacketReason recorded 14 samples, mean = 6.0 (flags = 0x41)
0  ... 
6  --------------O                                                           (14 = 100.0%) {0.0%}
7  O                                                                         (0 = 0.0%) {100.0%}

Histogram: Net.QuicHandshakeState recorded 69 samples, mean = 1.0 (flags = 0x41)
0  -----------------------O                                                  (23 = 33.3%)
1  -----------------------O                                                  (23 = 33.3%) {33.3%}
2  -----------------------O                                                  (23 = 33.3%) {66.7%}
3  ... 

Histogram: Net.QuicHttpStream.ProcessResponseHeaderSuccess recorded 27 samples, mean = 1.0 (flags = 0x41)
0  O                                                                         (0 = 0.0%)
1  ---------------------------O                                              (27 = 100.0%) {0.0%}
2  O                                                                         (0 = 0.0%) {100.0%}

Histogram: Net.QuicSession.AbortedPendingStreamRequests recorded 23 samples, mean = 0.0 (flags = 0x41)
0  -----------------------O                                                  (23 = 100.0%)
1  ... 

Histogram: Net.QuicSession.AcceptChForOrigin recorded 27 samples, mean = 0.2 (flags = 0x41)
0  ----------------------O                                                   (22 = 81.5%)
1  -----O                                                                    (5 = 18.5%) {81.5%}
2  O                                                                         (0 = 0.0%) {100.0%}

Histogram: Net.QuicSession.AcceptChFrameReceivedViaAlps recorded 18 samples, mean = 1.0 (flags = 0x41)
0  O                                                                         (0 = 0.0%)
1  ------------------O                                                       (18 = 100.0%) {0.0%}
2  ... 

Histogram: Net.QuicSession.AsyncRead recorded 457 samples, mean = 0.5 (flags = 0x41)
0  ------------------------------------------------------------------------O (238 = 52.1%)
1  ------------------------------------------------------------------O       (219 = 47.9%) {52.1%}
2  O                                                                         (0 = 0.0%) {100.0%}

Histogram: Net.QuicSession.BlockedFrames.Received recorded 23 samples, mean = 0.0 (flags = 0x41)
0  -----------------------O                                                  (23 = 100.0%)
1  ... 

Histogram: Net.QuicSession.BlockedFrames.Sent recorded 23 samples, mean = 0.0 (flags = 0x41)
0  -----------------------O                                                  (23 = 100.0%)
1  ... 

Histogram: Net.QuicSession.CertVerificationResult recorded 25 samples (flags = 0x41)
0  -------------------------O                                                (25 = 100.0%)

Histogram: Net.QuicSession.ClientSideMtu recorded 23 samples (flags = 0x41)
1230  ------------------O                                                       (18 = 78.3%)
1250  -----O                                                                    (5 = 21.7%)

Histogram: Net.QuicSession.CloseAllSessionsError recorded 3 samples (flags = 0x41)
3  ---O                                                                      (3 = 100.0%)

Histogram: Net.QuicSession.ClosedDuringInitializeSession recorded 23 samples, mean = 0.0 (flags = 0x41)
0  -----------------------O                                                  (23 = 100.0%)
1  ... 

Histogram: Net.QuicSession.CoalesceStreamFrameStatus recorded 196 samples, mean = 0.3 (flags = 0x41)
0  ------------------------------------------------------------------------O (130 = 66.3%)
1  -------------------------------------O                                    (66 = 33.7%) {66.3%}
2  O                                                                         (0 = 0.0%) {100.0%}

Histogram: Net.QuicSession.ConnectRandomPortForHTTPS recorded 23 samples, mean = 0.0 (flags = 0x41)
0  -----------------------O                                                  (23 = 100.0%)
1  ... 

Histogram: Net.QuicSession.ConnectRandomPortRequiringConfirmationForHTTPS recorded 3 samples, mean = 0.0 (flags = 0x41)
0  ---O                                                                      (3 = 100.0%)
1  ... 

Histogram: Net.QuicSession.ConnectionClose.NumOpenStreams.TimedOut recorded 23 samples, mean = 0.0 (flags = 0x41)
0  -----------------------O                                                  (23 = 100.0%)
1  ... 

Histogram: Net.QuicSession.ConnectionCloseErrorCodeClient recorded 23 samples (flags = 0x41)
25  -----------------------O                                                  (23 = 100.0%)

Histogram: Net.QuicSession.ConnectionCloseErrorCodeClient.HandshakeConfirmed recorded 23 samples (flags = 0x41)
25  -----------------------O                                                  (23 = 100.0%)

Histogram: Net.QuicSession.ConnectionCloseErrorCodeClientGoogle recorded 18 samples (flags = 0x41)
25  ------------------O                                                       (18 = 100.0%)

Histogram: Net.QuicSession.ConnectionCloseErrorCodeClientGoogle.HandshakeConfirmed recorded 18 samples (flags = 0x41)
25  ------------------O                                                       (18 = 100.0%)

Histogram: Net.QuicSession.ConnectionDuration recorded 23 samples, mean = 29908.5 (flags = 0x41)
0      ... 
27425  ---------------------O                                                    (21 = 91.3%) {0.0%}
31655  -O                                                                        (1 = 4.3%) {91.3%}
36538  O                                                                         (0 = 0.0%) {95.7%}
42174  -O                                                                        (1 = 4.3%) {95.7%}
48679  ... 

Histogram: Net.QuicSession.ConnectionFlowControlBlocked recorded 2 samples, mean = 1.0 (flags = 0x41)
0  O                                                                         (0 = 0.0%)
1  --O                                                                       (2 = 100.0%) {0.0%}
2  O                                                                         (0 = 0.0%) {100.0%}

Histogram: Net.QuicSession.ConnectionIpPooled recorded 23 samples, mean = 0.0 (flags = 0x41)
0  -----------------------O                                                  (23 = 100.0%)
1  ... 

Histogram: Net.QuicSession.ConnectionTypeFromSelf recorded 23 samples, mean = 1.8 (flags = 0x41)
0  O                                                                         (0 = 0.0%)
1  -----O                                                                    (5 = 21.7%) {0.0%}
2  ------------------O                                                       (18 = 78.3%) {21.7%}

Histogram: Net.QuicSession.CryptoRetransmitCount.HandshakeConfirmed recorded 23 samples, mean = 1.0 (flags = 0x41)
0  O                                                                         (0 = 0.0%)
1  ----------------------O                                                   (22 = 95.7%) {0.0%}
2  -O                                                                        (1 = 4.3%) {95.7%}
3  ... 

Histogram: Net.QuicSession.DuplicatePacketsReceived recorded 23 samples, mean = 0.0 (flags = 0x41)
0  -----------------------O                                                  (23 = 100.0%)
1  ... 

Histogram: Net.QuicSession.EcnMarksObserved recorded 23 samples, mean = 1.0 (flags = 0x41)
0  O                                                                         (0 = 0.0%)
1  -----------------------O                                                  (23 = 100.0%) {0.0%}
2  ... 

Histogram: Net.QuicSession.EncryptionEstablishedTime recorded 23 samples, mean = 98.3 (flags = 0x41)
0     ---------O                                                                (9 = 39.1%)
1     -O                                                                        (1 = 4.3%) {39.1%}
2     ... 
14    -O                                                                        (1 = 4.3%) {43.5%}
17    ... 
24    -O                                                                        (1 = 4.3%) {47.8%}
29    ---O                                                                      (3 = 13.0%) {52.2%}
34    ... 
81    -O                                                                        (1 = 4.3%) {65.2%}
96    -O                                                                        (1 = 4.3%) {69.6%}
114   ----O                                                                     (4 = 17.4%) {73.9%}
135   ... 
268   -O                                                                        (1 = 4.3%) {91.3%}
318   ... 
1062  -O                                                                        (1 = 4.3%) {95.7%}
1262  ... 

Histogram: Net.QuicSession.FinchConfigIsValid recorded 3 samples, mean = 1.0 (flags = 0x41)
0  O                                                                         (0 = 0.0%)
1  ---O                                                                      (3 = 100.0%) {0.0%}
2  O                                                                         (0 = 0.0%) {100.0%}

Histogram: Net.QuicSession.FindMatchingIpSessionResult recorded 46 samples, mean = 2.0 (flags = 0x41)
0  ... 
2  ----------------------------------------------O                           (46 = 100.0%) {0.0%}
3  O                                                                         (0 = 0.0%) {100.0%}

Histogram: Net.QuicSession.FindMatchingIpSessionResultGoogle recorded 36 samples, mean = 2.0 (flags = 0x41)
0  ... 
2  ------------------------------------O                                     (36 = 100.0%) {0.0%}
3  O                                                                         (0 = 0.0%) {100.0%}

Histogram: Net.QuicSession.HandshakeConfirmedTime recorded 23 samples, mean = 175.4 (flags = 0x41)
0     ... 
29    -O                                                                        (1 = 4.3%) {0.0%}
34    ... 
68    -O                                                                        (1 = 4.3%) {4.3%}
81    -O                                                                        (1 = 4.3%) {8.7%}
96    ---O                                                                      (3 = 13.0%) {13.0%}
114   ---------O                                                                (9 = 39.1%) {26.1%}
135   ---O                                                                      (3 = 13.0%) {65.2%}
160   --O                                                                       (2 = 8.7%) {78.3%}
190   -O                                                                        (1 = 4.3%) {87.0%}
226   O                                                                         (0 = 0.0%) {91.3%}
268   -O                                                                        (1 = 4.3%) {91.3%}
318   ... 
1062  -O                                                                        (1 = 4.3%) {95.7%}
1262  ... 

Histogram: Net.QuicSession.HeaderCompressionRatioQpackReceived recorded 27 samples, mean = 28.4 (flags = 0x41)
0   ... 
3   -----O                                                                    (5 = 18.5%) {0.0%}
4   -O                                                                        (1 = 3.7%) {18.5%}
5   ----------O                                                               (10 = 37.0%) {22.2%}
6   ... 
50  --O                                                                       (2 = 7.4%) {59.3%}
51  ... 
59  -O                                                                        (1 = 3.7%) {66.7%}
60  O                                                                         (0 = 0.0%) {70.4%}
61  -O                                                                        (1 = 3.7%) {70.4%}
62  -O                                                                        (1 = 3.7%) {74.1%}
63  ... 
69  ----O                                                                     (4 = 14.8%) {77.8%}
70  -O                                                                        (1 = 3.7%) {92.6%}
71  -O                                                                        (1 = 3.7%) {96.3%}
72  ... 

Histogram: Net.QuicSession.HeaderCompressionRatioQpackSent recorded 27 samples, mean = 65.5 (flags = 0x41)
0   ... 
4   --O                                                                       (2 = 7.4%) {0.0%}
5   ... 
65  ---O                                                                      (3 = 11.1%) {7.4%}
66  ... 
69  ------------O                                                             (12 = 44.4%) {18.5%}
70  -O                                                                        (1 = 3.7%) {63.0%}
71  -O                                                                        (1 = 3.7%) {66.7%}
72  -O                                                                        (1 = 3.7%) {70.4%}
73  -O                                                                        (1 = 3.7%) {74.1%}
74  --O                                                                       (2 = 7.4%) {77.8%}
75  -O                                                                        (1 = 3.7%) {85.2%}
76  ---O                                                                      (3 = 11.1%) {88.9%}
77  ... 

Histogram: Net.QuicSession.HostResolution.HandshakeConfirmedTime recorded 23 samples, mean = 176.1 (flags = 0x41)
0     ... 
29    -O                                                                        (1 = 4.3%) {0.0%}
34    ... 
68    -O                                                                        (1 = 4.3%) {4.3%}
81    -O                                                                        (1 = 4.3%) {8.7%}
96    ---O                                                                      (3 = 13.0%) {13.0%}
114   ---------O                                                                (9 = 39.1%) {26.1%}
135   ---O                                                                      (3 = 13.0%) {65.2%}
160   --O                                                                       (2 = 8.7%) {78.3%}
190   -O                                                                        (1 = 4.3%) {87.0%}
226   O                                                                         (0 = 0.0%) {91.3%}
268   -O                                                                        (1 = 4.3%) {91.3%}
318   ... 
1062  -O                                                                        (1 = 4.3%) {95.7%}
1262  ... 

Histogram: Net.QuicSession.IncorrectConnectionIDsReceived recorded 23 samples, mean = 0.0 (flags = 0x41)
0  -----------------------O                                                  (23 = 100.0%)
1  ... 

Histogram: Net.QuicSession.InitialRttEsitmateSource recorded 23 samples, mean = 0.9 (flags = 0x41)
0  --O                                                                       (2 = 8.7%)
1  ---------------------O                                                    (21 = 91.3%) {8.7%}
2  ... 

Histogram: Net.QuicSession.KeyUpdate.PerConnection2 recorded 23 samples, mean = 0.0 (flags = 0x41)
0  -----------------------O                                                  (23 = 100.0%)
1  ... 

Histogram: Net.QuicSession.KeyUpdate.PotentialPeerKeyUpdateAttemptCount recorded 23 samples, mean = 0.0 (flags = 0x41)
0  -----------------------O                                                  (23 = 100.0%)
1  ... 

Histogram: Net.QuicSession.MaxConsecutiveRtoWithForwardProgress recorded 23 samples, mean = 1.0 (flags = 0x41)
0  -O                                                                        (1 = 4.3%)
1  ----------------------O                                                   (22 = 95.7%) {4.3%}
2  ... 

Histogram: Net.QuicSession.MaxReordering recorded 2 samples, mean = 2.0 (flags = 0x41)
0  O                                                                         (0 = 0.0%)
1  -O                                                                        (1 = 50.0%) {0.0%}
2  O                                                                         (0 = 0.0%) {50.0%}
3  -O                                                                        (1 = 50.0%) {50.0%}
4  ... 

Histogram: Net.QuicSession.MaxReorderingTime recorded 2 samples, mean = 0.0 (flags = 0x41)
0  --O                                                                       (2 = 100.0%)
1  ... 

Histogram: Net.QuicSession.MinRTT recorded 23 samples, mean = 28.3 (flags = 0x41)
0   ... 
14  -O                                                                        (1 = 4.3%) {0.0%}
17  --O                                                                       (2 = 8.7%) {4.3%}
20  --O                                                                       (2 = 8.7%) {13.0%}
24  ---------O                                                                (9 = 39.1%) {21.7%}
29  ---O                                                                      (3 = 13.0%) {60.9%}
34  ------O                                                                   (6 = 26.1%) {73.9%}
40  ... 

Histogram: Net.QuicSession.MtuProbesSent recorded 23 samples, mean = 0.0 (flags = 0x41)
0  -----------------------O                                                  (23 = 100.0%)
1  ... 

Histogram: Net.QuicSession.NumDefaultPathDegrading recorded 23 samples, mean = 0.0 (flags = 0x41)
0  -----------------------O                                                  (23 = 100.0%)
1  ... 

Histogram: Net.QuicSession.NumMigrations recorded 23 samples, mean = 0.0 (flags = 0x41)
0  -----------------------O                                                  (23 = 100.0%)
1  ... 

Histogram: Net.QuicSession.NumOpenStreams recorded 27 samples, mean = 1.1 (flags = 0x41)
0  O                                                                         (0 = 0.0%)
1  ------------------------O                                                 (24 = 88.9%) {0.0%}
2  --O                                                                       (2 = 7.4%) {88.9%}
3  -O                                                                        (1 = 3.7%) {96.3%}
4  ... 

Histogram: Net.QuicSession.NumPingsSent recorded 23 samples, mean = 0.1 (flags = 0x41)
0  ---------------------O                                                    (21 = 91.3%)
1  --O                                                                       (2 = 8.7%) {91.3%}
2  ... 

Histogram: Net.QuicSession.NumQueuedPacketsBeforeWrite recorded 458 samples, mean = 0.0 (flags = 0x41)
0  ------------------------------------------------------------------------O (458 = 100.0%)
1  ... 

Histogram: Net.QuicSession.NumTotalStreams recorded 23 samples, mean = 1.2 (flags = 0x41)
0  ---O                                                                      (3 = 13.0%)
1  -----------------O                                                        (17 = 73.9%) {13.0%}
2  --O                                                                       (2 = 8.7%) {87.0%}
3  ... 
5  -O                                                                        (1 = 4.3%) {95.7%}
7  ... 

Histogram: Net.QuicSession.OutOfOrderGapReceived recorded 3 samples, mean = 1.7 (flags = 0x41)
0  O                                                                         (0 = 0.0%)
1  --O                                                                       (2 = 66.7%) {0.0%}
2  O                                                                         (0 = 0.0%) {66.7%}
3  -O                                                                        (1 = 33.3%) {66.7%}
4  ... 

Histogram: Net.QuicSession.OutOfOrderLargePacketsReceived recorded 23 samples, mean = 0.0 (flags = 0x41)
0  ----------------------O                                                   (22 = 95.7%)
1  -O                                                                        (1 = 4.3%) {95.7%}
2  ... 

Histogram: Net.QuicSession.OutOfOrderPacketsReceived recorded 23 samples, mean = 0.1 (flags = 0x41)
0  --------------------O                                                     (20 = 87.0%)
1  ---O                                                                      (3 = 13.0%) {87.0%}
2  ... 

Histogram: Net.QuicSession.PacketGapReceived recorded 6 samples, mean = 1.0 (flags = 0x41)
0  O                                                                         (0 = 0.0%)
1  ------O                                                                   (6 = 100.0%) {0.0%}
2  ... 

Histogram: Net.QuicSession.PacketGapReceivedNearPing recorded 2 samples, mean = 1.5 (flags = 0x41)
0  O                                                                         (0 = 0.0%)
1  -O                                                                        (1 = 50.0%) {0.0%}
2  -O                                                                        (1 = 50.0%) {50.0%}
3  ... 

Histogram: Net.QuicSession.PacketLossRate_CONNECTION_WIFI recorded 3 samples, mean = 10.3 (flags = 0x41)
0   -O                                                                        (1 = 33.3%)
1   ... 
10  -O                                                                        (1 = 33.3%) {33.3%}
11  ... 
20  -O                                                                        (1 = 33.3%) {66.7%}
22  ... 

Histogram: Net.QuicSession.PacketWriteTime.Synchronous recorded 350 samples, mean = 0.0 (flags = 0x41)
0  ------------------------------------------------------------------------O (350 = 100.0%)
1  ... 

Histogram: Net.QuicSession.PacketsBeforeEcnTransition recorded 23 samples, mean = 0.0 (flags = 0x41)
0  -----------------------O                                                  (23 = 100.0%)
1  ... 

Histogram: Net.QuicSession.PreferAesGcm recorded 2 samples, mean = 1.0 (flags = 0x41)
0  O                                                                         (0 = 0.0%)
1  --O                                                                       (2 = 100.0%) {0.0%}
2  O                                                                         (0 = 0.0%) {100.0%}

Histogram: Net.QuicSession.Qpack.HeaderListCountWhenBlockedStreamLimited recorded 9 samples, mean = 2.7 (flags = 0x41)
0  O                                                                         (0 = 0.0%)
1  ----O                                                                     (4 = 44.4%) {0.0%}
2  -O                                                                        (1 = 11.1%) {44.4%}
3  -O                                                                        (1 = 11.1%) {55.6%}
4  -O                                                                        (1 = 11.1%) {66.7%}
5  -O                                                                        (1 = 11.1%) {77.8%}
6  -O                                                                        (1 = 11.1%) {88.9%}
7  ... 

Histogram: Net.QuicSession.Qpack.HeaderListCountWhenInsertionNotBlocked recorded 27 samples, mean = 1.6 (flags = 0x41)
0  O                                                                         (0 = 0.0%)
1  --------------------O                                                     (20 = 74.1%) {0.0%}
2  ---O                                                                      (3 = 11.1%) {74.1%}
3  -O                                                                        (1 = 3.7%) {85.2%}
4  -O                                                                        (1 = 3.7%) {88.9%}
5  -O                                                                        (1 = 3.7%) {92.6%}
6  -O                                                                        (1 = 3.7%) {96.3%}
7  ... 

Histogram: Net.QuicSession.Qpack.HeaderListCountWhenNotBlockedStreamLimited recorded 18 samples, mean = 1.1 (flags = 0x41)
0  O                                                                         (0 = 0.0%)
1  ----------------O                                                         (16 = 88.9%) {0.0%}
2  --O                                                                       (2 = 11.1%) {88.9%}
3  ... 

Histogram: Net.QuicSession.QuicVersion recorded 23 samples (flags = 0x41)
80  -----------------------O                                                  (23 = 100.0%)

Histogram: Net.QuicSession.ReceivedSettings.BlockedStreams recorded 18 samples, mean = 100.0 (flags = 0x41)
0   ... 
95  ------------------O                                                       (18 = 100.0%) {0.0%}
107 ... 

Histogram: Net.QuicSession.ReceivedSettings.CountPlusOne recorded 23 samples, mean = 6.1 (flags = 0x41)
0  ... 
3  -----O                                                                    (5 = 21.7%) {0.0%}
4  ... 
7  ------------------O                                                       (18 = 78.3%) {21.7%}
8  ... 

Histogram: Net.QuicSession.ReceivedSettings.MaxHeaderListSize2 recorded 23 samples, mean = 79783.0 (flags = 0x41)
0       ... 
63662   ------------------O                                                       (18 = 78.3%) {0.0%}
83848   O                                                                         (0 = 0.0%) {78.3%}
110434  -----O                                                                    (5 = 21.7%) {78.3%}
145450  ... 

Histogram: Net.QuicSession.ReceivedSettings.MaxTableCapacity2 recorded 18 samples, mean = 65536.0 (flags = 0x41)
0      ... 
63662  ------------------O                                                       (18 = 100.0%) {0.0%}
83848  ... 

Histogram: Net.QuicSession.ReceivedSettings.ReservedCountPlusOne recorded 23 samples, mean = 2.0 (flags = 0x41)
0  ... 
2  -----------------------O                                                  (23 = 100.0%) {0.0%}
3  ... 

Histogram: Net.QuicSession.RstStreamErrorCodeClient recorded 2 samples (flags = 0x41)
6  --O                                                                       (2 = 100.0%)

Histogram: Net.QuicSession.RstStreamErrorCodeServer recorded 7 samples (flags = 0x41)
6   --O                                                                       (2 = 28.6%)
20  -----O                                                                    (5 = 71.4%)

Histogram: Net.QuicSession.SendPacketSize.0RTT recorded 16 samples, mean = 120.9 (flags = 0x41)
0    ... 
68   ---O                                                                      (3 = 18.8%) {0.0%}
77   -----------O                                                              (11 = 68.8%) {18.8%}
87   -O                                                                        (1 = 6.2%) {87.5%}
99   ... 
676  -O                                                                        (1 = 6.2%) {93.8%}
768  ... 

Histogram: Net.QuicSession.SendPacketSize.ForwardSecure recorded 209 samples, mean = 277.1 (flags = 0x41)
0     ... 
28    ---------------------------------O                                        (33 = 15.8%) {0.0%}
32    --------------------------O                                               (26 = 12.4%) {15.8%}
36    O                                                                         (0 = 0.0%) {28.2%}
41    ------------------------------------------------------------------------O (72 = 34.4%) {28.2%}
47    ---------O                                                                (9 = 4.3%) {62.7%}
53    ... 
68    ------O                                                                   (6 = 2.9%) {67.0%}
77    ------O                                                                   (6 = 2.9%) {69.9%}
87    ... 
243   -O                                                                        (1 = 0.5%) {72.7%}
276   ----O                                                                     (4 = 1.9%) {73.2%}
314   ---------O                                                                (9 = 4.3%) {75.1%}
357   ... 
461   -O                                                                        (1 = 0.5%) {79.4%}
524   ----O                                                                     (4 = 1.9%) {79.9%}
595   -O                                                                        (1 = 0.5%) {81.8%}
676   -O                                                                        (1 = 0.5%) {82.3%}
768   --O                                                                       (2 = 1.0%) {82.8%}
872   O                                                                         (0 = 0.0%) {83.7%}
991   ---O                                                                      (3 = 1.4%) {83.7%}
1126  -------------------------------O                                          (31 = 14.8%) {85.2%}
1279  ... 

Histogram: Net.QuicSession.SendPacketSize.Handshake recorded 40 samples, mean = 65.1 (flags = 0x41)
0   ... 
36  ------------O                                                             (12 = 30.0%) {0.0%}
41  O                                                                         (0 = 0.0%) {30.0%}
47  -----O                                                                    (5 = 12.5%) {30.0%}
53  ... 
77  -------------------O                                                      (19 = 47.5%) {42.5%}
87  ----O                                                                     (4 = 10.0%) {90.0%}
99  ... 

Histogram: Net.QuicSession.SendPacketSize.Initial recorded 90 samples, mean = 827.3 (flags = 0x41)
0     ... 
41    ---O                                                                      (3 = 3.3%) {0.0%}
47    ---O                                                                      (3 = 3.3%) {3.3%}
53    --O                                                                       (2 = 2.2%) {6.7%}
60    ... 
99    -O                                                                        (1 = 1.1%) {8.9%}
113   O                                                                         (0 = 0.0%) {10.0%}
128   --O                                                                       (2 = 2.2%) {10.0%}
145   ----O                                                                     (4 = 4.4%) {12.2%}
165   ----O                                                                     (4 = 4.4%) {16.7%}
188   ----O                                                                     (4 = 4.4%) {21.1%}
214   ... 
524   --------O                                                                 (8 = 8.9%) {25.6%}
595   -------O                                                                  (7 = 7.8%) {34.4%}
676   O                                                                         (0 = 0.0%) {42.2%}
768   ---O                                                                      (3 = 3.3%) {42.2%}
872   ... 
1126  -------------------------------------------------O                        (49 = 54.4%) {45.6%}
1279  ... 

Histogram: Net.QuicSession.ServerSideMtu recorded 23 samples (flags = 0x41)
1200  -----O                                                                    (5 = 21.7%)
1230  ------------------O                                                       (18 = 78.3%)

Histogram: Net.QuicSession.SmoothedRTT recorded 23 samples, mean = 34.7 (flags = 0x41)
0   ... 
17  -O                                                                        (1 = 4.3%) {0.0%}
20  --O                                                                       (2 = 8.7%) {4.3%}
24  --O                                                                       (2 = 8.7%) {13.0%}
29  ----O                                                                     (4 = 17.4%) {21.7%}
34  ------O                                                                   (6 = 26.1%) {39.1%}
40  -------O                                                                  (7 = 30.4%) {65.2%}
48  -O                                                                        (1 = 4.3%) {95.7%}
57  ... 

Histogram: Net.QuicSession.StopSendingErrorCodeClient recorded 7 samples (flags = 0x41)
6   --O                                                                       (2 = 28.6%)
20  -----O                                                                    (5 = 71.4%)

Histogram: Net.QuicSession.StreamFlowControlBlocked recorded 2 samples, mean = 1.0 (flags = 0x41)
0  O                                                                         (0 = 0.0%)
1  --O                                                                       (2 = 100.0%) {0.0%}
2  O                                                                         (0 = 0.0%) {100.0%}

Histogram: Net.QuicSession.StreamFrameDuplicatedShortConnection recorded 20 samples, mean = 0.0 (flags = 0x41)
0  --------------------O                                                     (20 = 100.0%)
1  ... 

Histogram: Net.QuicSession.TimeFromResolveHostToConfirmConnection recorded 23 samples, mean = 117.3 (flags = 0x41)
0     ... 
14    --O                                                                       (2 = 8.7%) {0.0%}
17    O                                                                         (0 = 0.0%) {8.7%}
20    ---O                                                                      (3 = 13.0%) {8.7%}
24    -O                                                                        (1 = 4.3%) {21.7%}
29    --------O                                                                 (8 = 34.8%) {26.1%}
34    -O                                                                        (1 = 4.3%) {60.9%}
40    ... 
96    --O                                                                       (2 = 8.7%) {65.2%}
114   --O                                                                       (2 = 8.7%) {73.9%}
135   --O                                                                       (2 = 8.7%) {82.6%}
160   ... 
318   -O                                                                        (1 = 4.3%) {91.3%}
378   ... 
1062  -O                                                                        (1 = 4.3%) {95.7%}
1262  ... 

Histogram: Net.QuicSession.TooManyOpenStreams recorded 27 samples, mean = 0.0 (flags = 0x41)
0  ---------------------------O                                              (27 = 100.0%)
1  ... 

Histogram: Net.QuicSession.TooSmallInitialSentPacket recorded 43 samples, mean = 813.0 (flags = 0x41)
0     ... 
9     --O                                                                       (2 = 4.7%) {0.0%}
10    ... 
348   --O                                                                       (2 = 4.7%) {4.7%}
394   -O                                                                        (1 = 2.3%) {9.3%}
446   O                                                                         (0 = 0.0%) {11.6%}
505   --O                                                                       (2 = 4.7%) {11.6%}
571   -----------O                                                              (11 = 25.6%) {16.3%}
646   --O                                                                       (2 = 4.7%) {41.9%}
731   ... 
936   ------------O                                                             (12 = 27.9%) {46.5%}
1060  -----------O                                                              (11 = 25.6%) {74.4%}
1200  O                                                                         (0 = 0.0%) {100.0%}

Histogram: Net.QuicSession.UndecryptablePacketsReceived recorded 23 samples, mean = 0.6 (flags = 0x41)
0  -----------------O                                                        (17 = 73.9%)
1  O                                                                         (0 = 0.0%) {73.9%}
2  ----O                                                                     (4 = 17.4%) {73.9%}
3  --O                                                                       (2 = 8.7%) {91.3%}
4  ... 

Histogram: Net.QuicSession.UndecryptablePacketsReceivedWithDecrypter recorded 23 samples, mean = 0.0 (flags = 0x41)
0  -----------------------O                                                  (23 = 100.0%)
1  ... 

Histogram: Net.QuicSession.ValidConnectionTime recorded 10 samples, mean = 0.6 (flags = 0x41)
0  -----O                                                                    (5 = 50.0%)
1  ----O                                                                     (4 = 40.0%) {50.0%}
2  -O                                                                        (1 = 10.0%) {90.0%}
3  ... 

Histogram: Net.QuicSession.VerifyProofTime recorded 25 samples, mean = 60.3 (flags = 0x41)
0     --------------O                                                           (14 = 56.0%)
1     ... 
14    -O                                                                        (1 = 4.0%) {56.0%}
17    -O                                                                        (1 = 4.0%) {60.0%}
20    --O                                                                       (2 = 8.0%) {64.0%}
24    -O                                                                        (1 = 4.0%) {72.0%}
29    ----O                                                                     (4 = 16.0%) {76.0%}
34    ... 
160   -O                                                                        (1 = 4.0%) {92.0%}
190   ... 
1062  -O                                                                        (1 = 4.0%) {96.0%}
1262  ... 

Histogram: Net.QuicSession.VerifyProofTime.google recorded 1 samples, mean = 19.0 (flags = 0x41)
0   ... 
17  -O                                                                        (1 = 100.0%) {0.0%}
20  ... 

Histogram: Net.QuicSession.ZeroRttReason recorded 23 samples, mean = 3.4 (flags = 0x41)
0  ... 
2  -------------O                                                            (13 = 56.5%) {0.0%}
3  ... 
5  --------O                                                                 (8 = 34.8%) {56.5%}
6  --O                                                                       (2 = 8.7%) {91.3%}
7  ... 

Histogram: Net.QuicSession.ZeroRttReasonGoogle recorded 18 samples, mean = 3.3 (flags = 0x41)
0  ... 
2  -----------O                                                              (11 = 61.1%) {0.0%}
3  ... 
5  -----O                                                                    (5 = 27.8%) {61.1%}
6  --O                                                                       (2 = 11.1%) {88.9%}
7  ... 

Histogram: Net.QuicSession.ZeroRttReasonNonGoogle recorded 5 samples, mean = 3.8 (flags = 0x41)
0  ... 
2  --O                                                                       (2 = 40.0%) {0.0%}
3  ... 
5  ---O                                                                      (3 = 60.0%) {40.0%}
6  ... 

Histogram: Net.QuicSession.ZeroRttState recorded 23 samples, mean = 0.8 (flags = 0x41)
0  -------------O                                                            (13 = 56.5%)
1  --O                                                                       (2 = 8.7%) {56.5%}
2  --------O                                                                 (8 = 34.8%) {65.2%}
3  O                                                                         (0 = 0.0%) {100.0%}

Histogram: Net.RestrictedCookieManager.GetCookiesString.Count30Seconds recorded 62 samples, mean = 0.0 (flags = 0x41)
0  -------------------------------------------------------------O            (61 = 98.4%)
1  -O                                                                        (1 = 1.6%) {98.4%}
2  ... 

Histogram: Net.RestrictedCookieManager.SiteForCookiesOK recorded 1 samples, mean = 1.0 (flags = 0x41)
0  O                                                                         (0 = 0.0%)
1  -O                                                                        (1 = 100.0%) {0.0%}
2  O                                                                         (0 = 0.0%) {100.0%}

Histogram: Net.RestrictedCookieManager.TopFrameOriginOK recorded 1 samples, mean = 1.0 (flags = 0x41)
0  O                                                                         (0 = 0.0%)
1  -O                                                                        (1 = 100.0%) {0.0%}
2  O                                                                         (0 = 0.0%) {100.0%}

Histogram: Net.SSLHandshakeDetails recorded 10 samples, mean = 6.0 (flags = 0x41)
0  ... 
6  ----------O                                                               (10 = 100.0%) {0.0%}
7  ... 

Histogram: Net.SSLNegotiatedAlpnProtocol recorded 10 samples, mean = 2.0 (flags = 0x41)
0  ... 
2  ----------O                                                               (10 = 100.0%) {0.0%}
3  ... 

Histogram: Net.SSLRenegotiationInfoSupported recorded 10 samples, mean = 1.0 (flags = 0x41)
0  O                                                                         (0 = 0.0%)
1  ----------O                                                               (10 = 100.0%) {0.0%}
2  O                                                                         (0 = 0.0%) {100.0%}

Histogram: Net.SSLSignatureAlgorithm recorded 10 samples (flags = 0x41)
1027  --------O                                                                 (8 = 80.0%)
2052  --O                                                                       (2 = 20.0%)

Histogram: Net.SSLVersion recorded 10 samples, mean = 6.0 (flags = 0x41)
0  ... 
6  ----------O                                                               (10 = 100.0%) {0.0%}
7  ... 

Histogram: Net.SSL_CipherSuite recorded 10 samples (flags = 0x41)
4865  -------O                                                                  (7 = 70.0%)
4866  ---O                                                                      (3 = 30.0%)

Histogram: Net.SSL_Connection_Error recorded 10 samples (flags = 0x41)
0  ----------O                                                               (10 = 100.0%)

Histogram: Net.SSL_Connection_Latency_2 recorded 10 samples, mean = 86.9 (flags = 0x41)
0    ... 
34   -O                                                                        (1 = 10.0%) {0.0%}
38   ... 
51   ---O                                                                      (3 = 30.0%) {10.0%}
56   O                                                                         (0 = 0.0%) {40.0%}
62   -O                                                                        (1 = 10.0%) {40.0%}
68   -O                                                                        (1 = 10.0%) {50.0%}
75   -O                                                                        (1 = 10.0%) {60.0%}
83   -O                                                                        (1 = 10.0%) {70.0%}
92   ... 
122  -O                                                                        (1 = 10.0%) {80.0%}
135  ... 
244  -O                                                                        (1 = 10.0%) {90.0%}
269  ... 

Histogram: Net.SSL_KeyExchange.ECDHE recorded 10 samples (flags = 0x41)
29     --------O                                                                 (8 = 80.0%)
25497  --O                                                                       (2 = 20.0%)

Histogram: Net.SharedDictionaryStorageOnDisk.IsMetadataReadyOnFirstUse recorded 3 samples, mean = 1.0 (flags = 0x41)
0  O                                                                         (0 = 0.0%)
1  ---O                                                                      (3 = 100.0%) {0.0%}
2  O                                                                         (0 = 0.0%) {100.0%}

Histogram: Net.SharedDictionaryStorageOnDisk.MetadataReadTime.Empty recorded 3 samples, mean = 0.0 (flags = 0x41)
0  ---O                                                                      (3 = 100.0%)
1  ... 

Histogram: Net.SharedDictionaryStore.DeleteExpiredDictionaries.Error recorded 2 samples, mean = 0.0 (flags = 0x41)
0  --O                                                                       (2 = 100.0%)
1  ... 

Histogram: Net.SharedDictionaryStore.GetDictionaries.Error recorded 3 samples, mean = 0.0 (flags = 0x41)
0  ---O                                                                      (3 = 100.0%)
1  ... 

Histogram: Net.SharedDictionaryStore.ProcessEviction.Error recorded 1 samples, mean = 0.0 (flags = 0x41)
0  -O                                                                        (1 = 100.0%)
1  ... 

Histogram: Net.SpdyFrameStreamAndSessionFlowControlState recorded 3 samples, mean = 0.0 (flags = 0x41)
0  ---O                                                                      (3 = 100.0%)
1  ... 

Histogram: Net.SpdyHeadersCompressionPercentage recorded 8 samples, mean = 55.8 (flags = 0x41)
0   ... 
34  -O                                                                        (1 = 12.5%) {0.0%}
35  --O                                                                       (2 = 25.0%) {12.5%}
36  ... 
42  -O                                                                        (1 = 12.5%) {37.5%}
43  O                                                                         (0 = 0.0%) {50.0%}
44  -O                                                                        (1 = 12.5%) {50.0%}
45  ... 
76  -O                                                                        (1 = 12.5%) {62.5%}
77  ... 
86  -O                                                                        (1 = 12.5%) {75.0%}
87  ... 
94  -O                                                                        (1 = 12.5%) {87.5%}
95  ... 

Histogram: Net.SpdyResponseCode recorded 8 samples (flags = 0x41)
200  ---O                                                                      (3 = 37.5%)
204  --O                                                                       (2 = 25.0%)
304  --O                                                                       (2 = 25.0%)
400  -O                                                                        (1 = 12.5%)

Histogram: Net.SpdySession.AcceptChForOrigin recorded 8 samples, mean = 0.5 (flags = 0x41)
0  ----O                                                                     (4 = 50.0%)
1  ----O                                                                     (4 = 50.0%) {50.0%}
2  O                                                                         (0 = 0.0%) {100.0%}

Histogram: Net.SpdySession.AlpsAcceptChEntries recorded 3 samples, mean = 1.0 (flags = 0x41)
0  O                                                                         (0 = 0.0%)
1  ---O                                                                      (3 = 100.0%) {0.0%}
2  ... 

Histogram: Net.SpdySession.AlpsDecoderStatus recorded 3 samples, mean = 0.0 (flags = 0x41)
0  ---O                                                                      (3 = 100.0%)
1  ... 

Histogram: Net.SpdySession.AlpsDecoderStatus.Bypassed recorded 3 samples, mean = 0.0 (flags = 0x41)
0  ---O                                                                      (3 = 100.0%)
1  ... 

Histogram: Net.SpdySession.AlpsSettingParameterCount recorded 3 samples, mean = 0.0 (flags = 0x41)
0  ---O                                                                      (3 = 100.0%)
1  ... 

Histogram: Net.SpdySession.ClosedOnError recorded 5 samples (flags = 0x41)
0  ---O                                                                      (3 = 60.0%)
3  --O                                                                       (2 = 40.0%)

Histogram: Net.SpdySession.CreateStreamWithSocketConnected recorded 8 samples, mean = 1.0 (flags = 0x41)
0  O                                                                         (0 = 0.0%)
1  --------O                                                                 (8 = 100.0%) {0.0%}
2  O                                                                         (0 = 0.0%) {100.0%}

Histogram: Net.SpdySession.GoAwayReceived recorded 1 samples (flags = 0x41)
0  -O                                                                        (1 = 100.0%)

Histogram: Net.SpdySession.OnSettings.ActiveStreamCount2 recorded 5 samples, mean = 1.0 (flags = 0x41)
0  O                                                                         (0 = 0.0%)
1  -----O                                                                    (5 = 100.0%) {0.0%}
2  ... 

Histogram: Net.SpdySession.OnSettings.CreatedAndActiveStreamCount2 recorded 5 samples, mean = 1.0 (flags = 0x41)
0  O                                                                         (0 = 0.0%)
1  -----O                                                                    (5 = 100.0%) {0.0%}
2  ... 

Histogram: Net.SpdySession.OnSettings.CreatedStreamCount2 recorded 5 samples, mean = 0.0 (flags = 0x41)
0  -----O                                                                    (5 = 100.0%)
1  ... 

Histogram: Net.SpdySession.OnSettings.PendingStreamCount2 recorded 5 samples, mean = 0.0 (flags = 0x41)
0  -----O                                                                    (5 = 100.0%)
1  ... 

Histogram: Net.SpdySession.ServerSupportsWebSocket recorded 5 samples, mean = 0.0 (flags = 0x41)
0  -----O                                                                    (5 = 100.0%)
1  ... 

Histogram: Net.SpdySessionGet recorded 8 samples, mean = 2.2 (flags = 0x41)
0  O                                                                         (0 = 0.0%)
1  ---O                                                                      (3 = 37.5%) {0.0%}
2  O                                                                         (0 = 0.0%) {37.5%}
3  -----O                                                                    (5 = 62.5%) {37.5%}
4  O                                                                         (0 = 0.0%) {100.0%}

Histogram: Net.SpdyStreamsAbandonedPerSession recorded 5 samples, mean = 0.0 (flags = 0x41)
0  -----O                                                                    (5 = 100.0%)
1  ... 

Histogram: Net.SpdyStreamsPerSession recorded 5 samples, mean = 1.6 (flags = 0x41)
0  O                                                                         (0 = 0.0%)
1  ---O                                                                      (3 = 60.0%) {0.0%}
2  -O                                                                        (1 = 20.0%) {60.0%}
3  -O                                                                        (1 = 20.0%) {80.0%}
4  ... 

Histogram: Net.TCP_Connection_Latency recorded 13 samples, mean = 22.8 (flags = 0x41)
0   ... 
3   -O                                                                        (1 = 7.7%) {0.0%}
4   -O                                                                        (1 = 7.7%) {7.7%}
5   O                                                                         (0 = 0.0%) {15.4%}
6   -O                                                                        (1 = 7.7%) {15.4%}
7   ... 
20  -O                                                                        (1 = 7.7%) {23.1%}
23  --O                                                                       (2 = 15.4%) {30.8%}
26  ---O                                                                      (3 = 23.1%) {46.2%}
29  -O                                                                        (1 = 7.7%) {69.2%}
33  --O                                                                       (2 = 15.4%) {76.9%}
37  -O                                                                        (1 = 7.7%) {92.3%}
42  ... 

Histogram: Net.TcpConnectAttempt.Latency.Error recorded 12 samples, mean = 4705.5 (flags = 0x41)
0     ... 
1996  --------O                                                                 (8 = 66.7%) {0.0%}
2449  ... 
8359  ----O                                                                     (4 = 33.3%) {66.7%}
10257 ... 

Histogram: Net.TcpConnectAttempt.Latency.Success recorded 13 samples, mean = 22.8 (flags = 0x41)
0   ---O                                                                      (3 = 23.1%)
10  ... 
18  -O                                                                        (1 = 7.7%) {23.1%}
22  ----O                                                                     (4 = 30.8%) {30.8%}
27  --O                                                                       (2 = 15.4%) {61.5%}
33  ---O                                                                      (3 = 23.1%) {76.9%}
41  ... 

Histogram: Net.UDPSocketWinClose recorded 133 samples, mean = 0.0 (flags = 0x41)
0  ------------------------------------------------------------------------O (133 = 100.0%)
1  ... 

Histogram: Net.URLLoaderThrottle.OnReceiveResponseTime recorded 46 samples, mean = 0.2 (flags = 0x41)
0   --------------------------------------------O                             (44 = 95.7%)
1   -O                                                                        (1 = 2.2%) {95.7%}
2   ... 
10  -O                                                                        (1 = 2.2%) {97.8%}
12  ... 

Histogram: Net.URLLoaderThrottleExecutionTime.BeforeWillProcessResponse recorded 233 samples, mean = 0.0 (flags = 0x41)
0  ------------------------------------------------------------------------O (233 = 100.0%)
1  ... 

Histogram: Net.URLLoaderThrottleExecutionTime.WillProcessResponse recorded 233 samples, mean = 0.0 (flags = 0x41)
0  ------------------------------------------------------------------------O (233 = 100.0%)
1  ... 

Histogram: Net.URLLoaderThrottleExecutionTime.WillRedirectRequest recorded 16 samples, mean = 0.0 (flags = 0x41)
0  ----------------O                                                         (16 = 100.0%)
1  ... 

Histogram: Net.URLLoaderThrottleExecutionTime.WillStartRequest recorded 233 samples, mean = 0.0 (flags = 0x41)
0  ------------------------------------------------------------------------O (233 = 100.0%)
1  ... 

Histogram: Net.URLRequest.ReferrerHasInformativePath.CrossOrigin recorded 65 samples, mean = 0.0 (flags = 0x41)
0  -----------------------------------------------------------------O        (65 = 100.0%)
1  ... 

Histogram: Net.URLRequest.ReferrerHasInformativePath.SameOrigin recorded 8 samples, mean = 1.0 (flags = 0x41)
0  O                                                                         (0 = 0.0%)
1  --------O                                                                 (8 = 100.0%) {0.0%}
2  O                                                                         (0 = 0.0%) {100.0%}

Histogram: Net.URLRequest.ReferrerPolicyForRequest.CrossOrigin recorded 65 samples, mean = 1.8 (flags = 0x41)
0  O                                                                         (0 = 0.0%)
1  ----------------------------------------O                                 (40 = 61.5%) {0.0%}
2  O                                                                         (0 = 0.0%) {61.5%}
3  -------------------------O                                                (25 = 38.5%) {61.5%}
4  ... 

Histogram: Net.URLRequest.ReferrerPolicyForRequest.SameOrigin recorded 8 samples, mean = 1.0 (flags = 0x41)
0  O                                                                         (0 = 0.0%)
1  --------O                                                                 (8 = 100.0%) {0.0%}
2  ... 

Histogram: Network.Mdns.Googlecast recorded 3 samples, mean = 0.0 (flags = 0x41)
0  ---O                                                                      (3 = 100.0%)
1  ... 

Histogram: NetworkService.DeletedOldCacheData recorded 1 samples, mean = 0.0 (flags = 0x41)
0  -O                                                                        (1 = 100.0%)
1  ... 

Histogram: NetworkService.GrantSandboxResult recorded 3 samples, mean = 9.0 (flags = 0x41)
0   ... 
7   -O                                                                        (1 = 33.3%) {0.0%}
8   ... 
10  --O                                                                       (2 = 66.7%) {33.3%}
11  ... 

Histogram: NetworkService.NetworkLoaderCompletionTime2.DiskCache recorded 37 samples, mean = 23.5 (flags = 0x41)
0    O                                                                         (0 = 0.0%)
1    --O                                                                       (2 = 5.4%) {0.0%}
2    -----O                                                                    (5 = 13.5%) {5.4%}
3    -O                                                                        (1 = 2.7%) {18.9%}
4    ... 
8    -O                                                                        (1 = 2.7%) {21.6%}
10   -------O                                                                  (7 = 18.9%) {24.3%}
12   ---O                                                                      (3 = 8.1%) {43.2%}
14   ------O                                                                   (6 = 16.2%) {51.4%}
17   -------O                                                                  (7 = 18.9%) {67.6%}
20   -O                                                                        (1 = 2.7%) {86.5%}
24   O                                                                         (0 = 0.0%) {89.2%}
29   -O                                                                        (1 = 2.7%) {89.2%}
34   ... 
114  -O                                                                        (1 = 2.7%) {91.9%}
135  O                                                                         (0 = 0.0%) {94.6%}
160  --O                                                                       (2 = 5.4%) {94.6%}
190  ... 

Histogram: NetworkService.NetworkLoaderCompletionTime2.Network recorded 32 samples, mean = 158.0 (flags = 0x41)
0    ... 
24   -O                                                                        (1 = 3.1%) {0.0%}
29   O                                                                         (0 = 0.0%) {3.1%}
34   ---O                                                                      (3 = 9.4%) {3.1%}
40   -O                                                                        (1 = 3.1%) {12.5%}
48   ---O                                                                      (3 = 9.4%) {15.6%}
57   ----O                                                                     (4 = 12.5%) {25.0%}
68   --O                                                                       (2 = 6.2%) {37.5%}
81   ... 
160  -----O                                                                    (5 = 15.6%) {43.8%}
190  ---------O                                                                (9 = 28.1%) {59.4%}
226  --O                                                                       (2 = 6.2%) {87.5%}
268  -O                                                                        (1 = 3.1%) {93.8%}
318  ... 
752  -O                                                                        (1 = 3.1%) {96.9%}
894  ... 

Histogram: NetworkService.TimeToGrantCacheAccess recorded 1 samples, mean = 6.0 (flags = 0x41)
0  ... 
6  -O                                                                        (1 = 100.0%) {0.0%}
7  ... 

Histogram: NetworkService.TimeToGrantDataAccess recorded 2 samples, mean = 1.5 (flags = 0x41)
0  -O                                                                        (1 = 50.0%)
1  ... 
3  -O                                                                        (1 = 50.0%) {50.0%}
4  ... 

Histogram: NetworkService.TimeToGrantSharedDictionaryAccess recorded 1 samples, mean = 1.0 (flags = 0x41)
0  O                                                                         (0 = 0.0%)
1  -O                                                                        (1 = 100.0%) {0.0%}
2  ... 

Histogram: NetworkedProfile.Check recorded 1 samples, mean = 4.0 (flags = 0x41)
0  ... 
4  -O                                                                        (1 = 100.0%) {0.0%}
5  ... 

Histogram: NewTabPage.MostVisited.DeciScore.0.Local recorded 1 samples, mean = 143.0 (flags = 0x41)
0    ... 
113  -O                                                                        (1 = 100.0%) {0.0%}
149  ... 

Histogram: NewTabPage.MostVisited.DeciScore.1.Local recorded 1 samples, mean = 143.0 (flags = 0x41)
0    ... 
113  -O                                                                        (1 = 100.0%) {0.0%}
149  ... 

Histogram: Notifications.UsingSystemNotificationCenter recorded 1 samples, mean = 0.0 (flags = 0x41)
0  -O                                                                        (1 = 100.0%)
1  ... 

Histogram: Notifications.Windows.GetDisplayedStatus recorded 1 samples, mean = 0.0 (flags = 0x41)
0  -O                                                                        (1 = 100.0%)
1  ... 

Histogram: Notifications.Windows.GetSettingStatusStartup recorded 1 samples, mean = 1.0 (flags = 0x41)
0  O                                                                         (0 = 0.0%)
1  -O                                                                        (1 = 100.0%) {0.0%}
2  O                                                                         (0 = 0.0%) {100.0%}

Histogram: Notifications.Windows.HistoryStatus recorded 1 samples, mean = 0.0 (flags = 0x41)
0  -O                                                                        (1 = 100.0%)
1  ... 

Histogram: Notifications.Windows.SetReadyCallbackStatus2 recorded 1 samples, mean = 3.0 (flags = 0x41)
0  ... 
3  -O                                                                        (1 = 100.0%) {0.0%}
4  ... 

Histogram: Notifications.Windows.StartMenuShortcutStatus recorded 1 samples, mean = 2.0 (flags = 0x41)
0  ... 
2  -O                                                                        (1 = 100.0%) {0.0%}
3  ... 

Histogram: OSCrypt.AppBoundEncryption.SupportLevel recorded 1 samples, mean = 4.0 (flags = 0x41)
0  ... 
4  -O                                                                        (1 = 100.0%) {0.0%}
5  ... 

Histogram: OSCrypt.AppBoundProvider.KeyRetrieval.Status recorded 1 samples, mean = 1.0 (flags = 0x41)
0  O                                                                         (0 = 0.0%)
1  -O                                                                        (1 = 100.0%) {0.0%}
2  ... 

Histogram: OSCrypt.AsyncInitialization.Result recorded 1 samples, mean = 1.0 (flags = 0x41)
0  O                                                                         (0 = 0.0%)
1  -O                                                                        (1 = 100.0%) {0.0%}
2  O                                                                         (0 = 0.0%) {100.0%}

Histogram: OSCrypt.AsyncInitialization.Time recorded 1 samples, mean = 0.0 (flags = 0x41)
0  -O                                                                        (1 = 100.0%)
1  ... 

Histogram: OSCrypt.DPAPIProvider.Status recorded 1 samples, mean = 0.0 (flags = 0x41)
0  -O                                                                        (1 = 100.0%)
1  ... 

Histogram: OSCrypt.Win.Decrypt.Result recorded 1 samples, mean = 1.0 (flags = 0x41)
0  O                                                                         (0 = 0.0%)
1  -O                                                                        (1 = 100.0%) {0.0%}
2  O                                                                         (0 = 0.0%) {100.0%}

Histogram: OSCrypt.Win.Decrypt.Time recorded 1 samples, mean = 0.0 (flags = 0x41)
0  -O                                                                        (1 = 100.0%)
1  ... 

Histogram: Omnibox.KeywordModeUsageByEngineType.ActiveOnStartup recorded 4 samples, mean = 3.5 (flags = 0x41)
0  ... 
2  -O                                                                        (1 = 25.0%) {0.0%}
3  -O                                                                        (1 = 25.0%) {25.0%}
4  -O                                                                        (1 = 25.0%) {50.0%}
5  -O                                                                        (1 = 25.0%) {75.0%}
6  O                                                                         (0 = 0.0%) {100.0%}

Histogram: Omnibox.KeywordModeUsageByEngineType.InactiveOnStartup recorded 5 samples, mean = 1.0 (flags = 0x41)
0  O                                                                         (0 = 0.0%)
1  -----O                                                                    (5 = 100.0%) {0.0%}
2  ... 

Histogram: Omnibox.TemplateUrl.RlzPresent recorded 41 samples, mean = 0.0 (flags = 0x41)
0  -----------------------------------------O                                (41 = 100.0%)
1  ... 

Histogram: Omnibox.TemplateUrl.SearchClientPresent recorded 41 samples, mean = 0.0 (flags = 0x41)
0  -----------------------------------------O                                (41 = 100.0%)
1  ... 

Histogram: OptimizationGuide.ApplyDecision.AboutThisSite recorded 1 samples, mean = 8.0 (flags = 0x41)
0  ... 
8  -O                                                                        (1 = 100.0%) {0.0%}
9  ... 

Histogram: OptimizationGuide.ApplyDecision.HistoryClusters recorded 4 samples, mean = 1.5 (flags = 0x41)
0  O                                                                         (0 = 0.0%)
1  ---O                                                                      (3 = 75.0%) {0.0%}
2  O                                                                         (0 = 0.0%) {75.0%}
3  -O                                                                        (1 = 25.0%) {75.0%}
4  ... 

Histogram: OptimizationGuide.ApplyDecision.PageEntities recorded 4 samples, mean = 8.0 (flags = 0x41)
0  ... 
8  ----O                                                                     (4 = 100.0%) {0.0%}
9  ... 

Histogram: OptimizationGuide.ApplyDecision.PriceInsights recorded 2 samples, mean = 10.0 (flags = 0x41)
0   ... 
8   -O                                                                        (1 = 50.0%) {0.0%}
9   ... 
12  -O                                                                        (1 = 50.0%) {50.0%}
13  O                                                                         (0 = 0.0%) {100.0%}

Histogram: OptimizationGuide.ApplyDecision.PriceTracking recorded 2 samples, mean = 10.0 (flags = 0x41)
0   ... 
8   -O                                                                        (1 = 50.0%) {0.0%}
9   ... 
12  -O                                                                        (1 = 50.0%) {50.0%}
13  O                                                                         (0 = 0.0%) {100.0%}

Histogram: OptimizationGuide.ApplyDecision.SalientImage recorded 4 samples, mean = 8.0 (flags = 0x41)
0  ... 
8  ----O                                                                     (4 = 100.0%) {0.0%}
9  ... 

Histogram: OptimizationGuide.ApplyDecision.V8CompileHints recorded 1 samples, mean = 8.0 (flags = 0x41)
0  ... 
8  -O                                                                        (1 = 100.0%) {0.0%}
9  ... 

Histogram: OptimizationGuide.HintCacheLevelDBStore.LoadMetadataResult recorded 1 samples, mean = 5.0 (flags = 0x41)
0  ... 
5  -O                                                                        (1 = 100.0%) {0.0%}
6  ... 

Histogram: OptimizationGuide.HintCacheLevelDBStore.Status recorded 3 samples, mean = 1.0 (flags = 0x41)
0  -O                                                                        (1 = 33.3%)
1  -O                                                                        (1 = 33.3%) {33.3%}
2  -O                                                                        (1 = 33.3%) {66.7%}
3  ... 

Histogram: OptimizationGuide.HintsManager.HintCacheInitialized recorded 1 samples, mean = 1.0 (flags = 0x40)
0  O                                                                         (0 = 0.0%)
1  -O                                                                        (1 = 100.0%) {0.0%}
2  O                                                                         (0 = 0.0%) {100.0%}

Histogram: OptimizationGuide.LoadedHint.Result recorded 4 samples, mean = 0.0 (flags = 0x40)
0  ----O                                                                     (4 = 100.0%)
1  ... 

Histogram: OptimizationGuide.ModelExecution.FeatureCurrentlyEnabledResult.Compose recorded 1 samples, mean = 1.0 (flags = 0x41)
0  O                                                                         (0 = 0.0%)
1  -O                                                                        (1 = 100.0%) {0.0%}
2  ... 

Histogram: OptimizationGuide.ModelExecution.FeatureCurrentlyEnabledResult.HistorySearch recorded 2 samples, mean = 3.0 (flags = 0x41)
0  ... 
3  --O                                                                       (2 = 100.0%) {0.0%}
4  ... 

Histogram: OptimizationGuide.ModelExecution.FeatureCurrentlyEnabledResult.TabOrganization recorded 1 samples, mean = 3.0 (flags = 0x41)
0  ... 
3  -O                                                                        (1 = 100.0%) {0.0%}
4  ... 

Histogram: OptimizationGuide.ModelExecution.FeatureCurrentlyEnabledResult.WallpaperSearch recorded 1 samples, mean = 1.0 (flags = 0x41)
0  O                                                                         (0 = 0.0%)
1  -O                                                                        (1 = 100.0%) {0.0%}
2  ... 

Histogram: OptimizationGuide.ModelExecution.FeatureEnabledAtStartup.Compose recorded 1 samples, mean = 0.0 (flags = 0x41)
0  -O                                                                        (1 = 100.0%)
1  ... 

Histogram: OptimizationGuide.ModelExecution.FeatureEnabledAtStartup.HistorySearch recorded 1 samples, mean = 0.0 (flags = 0x41)
0  -O                                                                        (1 = 100.0%)
1  ... 

Histogram: OptimizationGuide.ModelExecution.FeatureEnabledAtStartup.TabOrganization recorded 1 samples, mean = 0.0 (flags = 0x41)
0  -O                                                                        (1 = 100.0%)
1  ... 

Histogram: OptimizationGuide.ModelExecution.FeatureEnabledAtStartup.WallpaperSearch recorded 1 samples, mean = 0.0 (flags = 0x41)
0  -O                                                                        (1 = 100.0%)
1  ... 

Histogram: OptimizationGuide.ModelExecution.OnDeviceModelInstallCriteria.AtRegistration.All recorded 1 samples, mean = 0.0 (flags = 0x41)
0  -O                                                                        (1 = 100.0%)
1  ... 

Histogram: OptimizationGuide.ModelExecution.OnDeviceModelInstallCriteria.AtRegistration.DeviceCapability recorded 1 samples, mean = 0.0 (flags = 0x41)
0  -O                                                                        (1 = 100.0%)
1  ... 

Histogram: OptimizationGuide.ModelExecution.OnDeviceModelInstallCriteria.AtRegistration.DiskSpace recorded 1 samples, mean = 1.0 (flags = 0x41)
0  O                                                                         (0 = 0.0%)
1  -O                                                                        (1 = 100.0%) {0.0%}
2  O                                                                         (0 = 0.0%) {100.0%}

Histogram: OptimizationGuide.ModelExecution.OnDeviceModelInstallCriteria.AtRegistration.EnabledByEnterprisePolicy recorded 1 samples, mean = 1.0 (flags = 0x41)
0  O                                                                         (0 = 0.0%)
1  -O                                                                        (1 = 100.0%) {0.0%}
2  O                                                                         (0 = 0.0%) {100.0%}

Histogram: OptimizationGuide.ModelExecution.OnDeviceModelInstallCriteria.AtRegistration.EnabledByFeature recorded 1 samples, mean = 0.0 (flags = 0x41)
0  -O                                                                        (1 = 100.0%)
1  ... 

Histogram: OptimizationGuide.ModelExecution.OnDeviceModelInstallCriteria.AtRegistration.FeatureUse recorded 1 samples, mean = 0.0 (flags = 0x41)
0  -O                                                                        (1 = 100.0%)
1  ... 

Histogram: OptimizationGuide.ModelExecutor.ExecutionStatus.PageVisibility recorded 4 samples, mean = 3.0 (flags = 0x41)
0  ... 
3  ----O                                                                     (4 = 100.0%) {0.0%}
4  ... 

Histogram: OptimizationGuide.ModelExecutor.ModelAvailableToLoad.PageVisibility recorded 4 samples, mean = 0.0 (flags = 0x41)
0  ----O                                                                     (4 = 100.0%)
1  ... 

Histogram: OptimizationGuide.ModelExecutor.TaskExecutionLatency.PageVisibility recorded 4 samples, mean = 25.8 (flags = 0x41)
0   ... 
13  -O                                                                        (1 = 25.0%) {0.0%}
16  ... 
25  ---O                                                                      (3 = 75.0%) {25.0%}
32  ... 

Histogram: OptimizationGuide.ModelExecutor.TaskSchedulingLatency.PageVisibility recorded 4 samples, mean = 0.0 (flags = 0x41)
0  ----O                                                                     (4 = 100.0%)
1  ... 

Histogram: OptimizationGuide.ModelHandler.HandlerCreated.GeolocationPermissions recorded 1 samples, mean = 1.0 (flags = 0x41)
0  O                                                                         (0 = 0.0%)
1  -O                                                                        (1 = 100.0%) {0.0%}
2  O                                                                         (0 = 0.0%) {100.0%}

Histogram: OptimizationGuide.ModelHandler.HandlerCreated.NewTabPageHistoryClustersModuleRanking recorded 1 samples, mean = 1.0 (flags = 0x41)
0  O                                                                         (0 = 0.0%)
1  -O                                                                        (1 = 100.0%) {0.0%}
2  O                                                                         (0 = 0.0%) {100.0%}

Histogram: OptimizationGuide.ModelHandler.HandlerCreated.NotificationPermissions recorded 1 samples, mean = 1.0 (flags = 0x41)
0  O                                                                         (0 = 0.0%)
1  -O                                                                        (1 = 100.0%) {0.0%}
2  O                                                                         (0 = 0.0%) {100.0%}

Histogram: OptimizationGuide.ModelHandler.HandlerCreated.OmniboxUrlScoring recorded 1 samples, mean = 1.0 (flags = 0x41)
0  O                                                                         (0 = 0.0%)
1  -O                                                                        (1 = 100.0%) {0.0%}
2  O                                                                         (0 = 0.0%) {100.0%}

Histogram: OptimizationGuide.ModelHandler.HandlerCreated.PageTopicsV2 recorded 1 samples, mean = 1.0 (flags = 0x41)
0  O                                                                         (0 = 0.0%)
1  -O                                                                        (1 = 100.0%) {0.0%}
2  O                                                                         (0 = 0.0%) {100.0%}

Histogram: OptimizationGuide.ModelHandler.HandlerCreated.PageVisibility recorded 1 samples, mean = 1.0 (flags = 0x41)
0  O                                                                         (0 = 0.0%)
1  -O                                                                        (1 = 100.0%) {0.0%}
2  O                                                                         (0 = 0.0%) {100.0%}

Histogram: OptimizationGuide.ModelHandler.HandlerCreated.SegmentationChromeLowUserEngagement recorded 1 samples, mean = 1.0 (flags = 0x41)
0  O                                                                         (0 = 0.0%)
1  -O                                                                        (1 = 100.0%) {0.0%}
2  O                                                                         (0 = 0.0%) {100.0%}

Histogram: OptimizationGuide.ModelHandler.HandlerCreated.SegmentationComposePromotion recorded 1 samples, mean = 1.0 (flags = 0x41)
0  O                                                                         (0 = 0.0%)
1  -O                                                                        (1 = 100.0%) {0.0%}
2  O                                                                         (0 = 0.0%) {100.0%}

Histogram: OptimizationGuide.ModelHandler.HandlerCreated.SegmentationDeviceSwitcher recorded 1 samples, mean = 1.0 (flags = 0x41)
0  O                                                                         (0 = 0.0%)
1  -O                                                                        (1 = 100.0%) {0.0%}
2  O                                                                         (0 = 0.0%) {100.0%}

Histogram: OptimizationGuide.ModelHandler.HandlerCreated.SegmentationSearchUser recorded 1 samples, mean = 1.0 (flags = 0x41)
0  O                                                                         (0 = 0.0%)
1  -O                                                                        (1 = 100.0%) {0.0%}
2  O                                                                         (0 = 0.0%) {100.0%}

Histogram: OptimizationGuide.ModelHandler.HandlerCreated.SegmentationShoppingUser recorded 1 samples, mean = 1.0 (flags = 0x41)
0  O                                                                         (0 = 0.0%)
1  -O                                                                        (1 = 100.0%) {0.0%}
2  O                                                                         (0 = 0.0%) {100.0%}

Histogram: OptimizationGuide.ModelHandler.HandlerCreated.URLVisitResumptionRanker recorded 1 samples, mean = 1.0 (flags = 0x41)
0  O                                                                         (0 = 0.0%)
1  -O                                                                        (1 = 100.0%) {0.0%}
2  O                                                                         (0 = 0.0%) {100.0%}

Histogram: OptimizationGuide.ModelHandler.HandlerCreated.WebAppInstallationPromo recorded 1 samples, mean = 1.0 (flags = 0x41)
0  O                                                                         (0 = 0.0%)
1  -O                                                                        (1 = 100.0%) {0.0%}
2  O                                                                         (0 = 0.0%) {100.0%}

Histogram: OptimizationGuide.OptimizationFilterStatus.HistoryClusters recorded 4 samples, mean = 0.5 (flags = 0x41)
0  --O                                                                       (2 = 50.0%)
1  --O                                                                       (2 = 50.0%) {50.0%}
2  ... 

Histogram: OptimizationGuide.OptimizationFilterStatus.ShoppingPagePredictor recorded 4 samples, mean = 0.5 (flags = 0x41)
0  --O                                                                       (2 = 50.0%)
1  --O                                                                       (2 = 50.0%) {50.0%}
2  ... 

Histogram: OptimizationGuide.OptimizationHintsComponent.MajorVersion2 recorded 2 samples (flags = 0x41)
616  -O                                                                        (1 = 50.0%)
619  -O                                                                        (1 = 50.0%)

Histogram: OptimizationGuide.PageContentAnnotations.AnnotateVisitResultCached recorded 4 samples, mean = 0.0 (flags = 0x41)
0  ----O                                                                     (4 = 100.0%)
1  ... 

Histogram: OptimizationGuide.PageContentAnnotations.BatchRequestedSize.ContentVisibility recorded 1 samples, mean = 4.0 (flags = 0x41)
0  ... 
4  -O                                                                        (1 = 100.0%) {0.0%}
5  ... 

Histogram: OptimizationGuide.PageContentAnnotations.BatchSuccess.ContentVisibility recorded 1 samples, mean = 0.0 (flags = 0x41)
0  -O                                                                        (1 = 100.0%)
1  ... 

Histogram: OptimizationGuide.PageContentAnnotations.JobExecutionTime.ContentVisibility recorded 1 samples, mean = 30.0 (flags = 0x41)
0   ... 
25  -O                                                                        (1 = 100.0%) {0.0%}
32  ... 

Histogram: OptimizationGuide.PageContentAnnotations.JobScheduleTime.ContentVisibility recorded 1 samples, mean = 0.0 (flags = 0x41)
0  -O                                                                        (1 = 100.0%)
1  ... 

Histogram: OptimizationGuide.PageContentAnnotationsService.ContentAnnotated recorded 4 samples, mean = 0.0 (flags = 0x41)
0  ----O                                                                     (4 = 100.0%)
1  ... 

Histogram: OptimizationGuide.PredictionManager.DownloadServiceAvailabilityBlockedFetch recorded 12 samples, mean = 0.0 (flags = 0x41)
0  ------------O                                                             (12 = 100.0%)
1  ... 

Histogram: OptimizationGuide.PredictionManager.FirstModelFetchSinceServiceInit recorded 1 samples, mean = 9991.0 (flags = 0x41)
0     ... 
8000  -O                                                                        (1 = 100.0%) {0.0%}
10165 ... 

Histogram: OptimizationGuide.PredictionManager.ModelAvailableAtRegistration.ClientSidePhishing recorded 1 samples, mean = 0.0 (flags = 0x41)
0  -O                                                                        (1 = 100.0%)
1  ... 

Histogram: OptimizationGuide.PredictionManager.ModelAvailableAtRegistration.GeolocationPermissions recorded 1 samples, mean = 0.0 (flags = 0x41)
0  -O                                                                        (1 = 100.0%)
1  ... 

Histogram: OptimizationGuide.PredictionManager.ModelAvailableAtRegistration.LanguageDetection recorded 2 samples, mean = 0.0 (flags = 0x41)
0  --O                                                                       (2 = 100.0%)
1  ... 

Histogram: OptimizationGuide.PredictionManager.ModelAvailableAtRegistration.NewTabPageHistoryClustersModuleRanking recorded 1 samples, mean = 0.0 (flags = 0x41)
0  -O                                                                        (1 = 100.0%)
1  ... 

Histogram: OptimizationGuide.PredictionManager.ModelAvailableAtRegistration.NotificationPermissions recorded 1 samples, mean = 0.0 (flags = 0x41)
0  -O                                                                        (1 = 100.0%)
1  ... 

Histogram: OptimizationGuide.PredictionManager.ModelAvailableAtRegistration.OmniboxUrlScoring recorded 1 samples, mean = 0.0 (flags = 0x41)
0  -O                                                                        (1 = 100.0%)
1  ... 

Histogram: OptimizationGuide.PredictionManager.ModelAvailableAtRegistration.PageTopicsV2 recorded 1 samples, mean = 0.0 (flags = 0x41)
0  -O                                                                        (1 = 100.0%)
1  ... 

Histogram: OptimizationGuide.PredictionManager.ModelAvailableAtRegistration.PageVisibility recorded 1 samples, mean = 0.0 (flags = 0x41)
0  -O                                                                        (1 = 100.0%)
1  ... 

Histogram: OptimizationGuide.PredictionManager.ModelAvailableAtRegistration.SegmentationChromeLowUserEngagement recorded 1 samples, mean = 0.0 (flags = 0x41)
0  -O                                                                        (1 = 100.0%)
1  ... 

Histogram: OptimizationGuide.PredictionManager.ModelAvailableAtRegistration.SegmentationComposePromotion recorded 1 samples, mean = 0.0 (flags = 0x41)
0  -O                                                                        (1 = 100.0%)
1  ... 

Histogram: OptimizationGuide.PredictionManager.ModelAvailableAtRegistration.SegmentationDeviceSwitcher recorded 1 samples, mean = 0.0 (flags = 0x41)
0  -O                                                                        (1 = 100.0%)
1  ... 

Histogram: OptimizationGuide.PredictionManager.ModelAvailableAtRegistration.SegmentationSearchUser recorded 1 samples, mean = 0.0 (flags = 0x41)
0  -O                                                                        (1 = 100.0%)
1  ... 

Histogram: OptimizationGuide.PredictionManager.ModelAvailableAtRegistration.SegmentationShoppingUser recorded 1 samples, mean = 0.0 (flags = 0x41)
0  -O                                                                        (1 = 100.0%)
1  ... 

Histogram: OptimizationGuide.PredictionManager.ModelAvailableAtRegistration.TextSafety recorded 1 samples, mean = 0.0 (flags = 0x41)
0  -O                                                                        (1 = 100.0%)
1  ... 

Histogram: OptimizationGuide.PredictionManager.ModelAvailableAtRegistration.URLVisitResumptionRanker recorded 1 samples, mean = 0.0 (flags = 0x41)
0  -O                                                                        (1 = 100.0%)
1  ... 

Histogram: OptimizationGuide.PredictionManager.ModelAvailableAtRegistration.VisualSearchClassification recorded 1 samples, mean = 0.0 (flags = 0x41)
0  -O                                                                        (1 = 100.0%)
1  ... 

Histogram: OptimizationGuide.PredictionManager.ModelAvailableAtRegistration.WebAppInstallationPromo recorded 1 samples, mean = 0.0 (flags = 0x41)
0  -O                                                                        (1 = 100.0%)
1  ... 

Histogram: OptimizationGuide.PredictionManager.ModelDeliveryEvents.ClientSidePhishing recorded 24 samples, mean = 5.5 (flags = 0x41)
0  ... 
3  ------------O                                                             (12 = 50.0%) {0.0%}
4  ... 
8  ------------O                                                             (12 = 50.0%) {50.0%}
9  ... 

Histogram: OptimizationGuide.PredictionManager.ModelDeliveryEvents.GeolocationPermissions recorded 24 samples, mean = 5.5 (flags = 0x41)
0  ... 
3  ------------O                                                             (12 = 50.0%) {0.0%}
4  ... 
8  ------------O                                                             (12 = 50.0%) {50.0%}
9  ... 

Histogram: OptimizationGuide.PredictionManager.ModelDeliveryEvents.LanguageDetection recorded 24 samples, mean = 5.5 (flags = 0x41)
0  ... 
3  ------------O                                                             (12 = 50.0%) {0.0%}
4  ... 
8  ------------O                                                             (12 = 50.0%) {50.0%}
9  ... 

Histogram: OptimizationGuide.PredictionManager.ModelDeliveryEvents.NewTabPageHistoryClustersModuleRanking recorded 24 samples, mean = 5.5 (flags = 0x41)
0  ... 
3  ------------O                                                             (12 = 50.0%) {0.0%}
4  ... 
8  ------------O                                                             (12 = 50.0%) {50.0%}
9  ... 

Histogram: OptimizationGuide.PredictionManager.ModelDeliveryEvents.NotificationPermissions recorded 24 samples, mean = 5.5 (flags = 0x41)
0  ... 
3  ------------O                                                             (12 = 50.0%) {0.0%}
4  ... 
8  ------------O                                                             (12 = 50.0%) {50.0%}
9  ... 

Histogram: OptimizationGuide.PredictionManager.ModelDeliveryEvents.OmniboxUrlScoring recorded 24 samples, mean = 5.5 (flags = 0x41)
0  ... 
3  ------------O                                                             (12 = 50.0%) {0.0%}
4  ... 
8  ------------O                                                             (12 = 50.0%) {50.0%}
9  ... 

Histogram: OptimizationGuide.PredictionManager.ModelDeliveryEvents.PageTopicsV2 recorded 24 samples, mean = 5.5 (flags = 0x41)
0  ... 
3  ------------O                                                             (12 = 50.0%) {0.0%}
4  ... 
8  ------------O                                                             (12 = 50.0%) {50.0%}
9  ... 

Histogram: OptimizationGuide.PredictionManager.ModelDeliveryEvents.PageVisibility recorded 24 samples, mean = 5.5 (flags = 0x41)
0  ... 
3  ------------O                                                             (12 = 50.0%) {0.0%}
4  ... 
8  ------------O                                                             (12 = 50.0%) {50.0%}
9  ... 

Histogram: OptimizationGuide.PredictionManager.ModelDeliveryEvents.SegmentationChromeLowUserEngagement recorded 24 samples, mean = 5.5 (flags = 0x41)
0  ... 
3  ------------O                                                             (12 = 50.0%) {0.0%}
4  ... 
8  ------------O                                                             (12 = 50.0%) {50.0%}
9  ... 

Histogram: OptimizationGuide.PredictionManager.ModelDeliveryEvents.SegmentationComposePromotion recorded 24 samples, mean = 5.5 (flags = 0x41)
0  ... 
3  ------------O                                                             (12 = 50.0%) {0.0%}
4  ... 
8  ------------O                                                             (12 = 50.0%) {50.0%}
9  ... 

Histogram: OptimizationGuide.PredictionManager.ModelDeliveryEvents.SegmentationDeviceSwitcher recorded 24 samples, mean = 5.5 (flags = 0x41)
0  ... 
3  ------------O                                                             (12 = 50.0%) {0.0%}
4  ... 
8  ------------O                                                             (12 = 50.0%) {50.0%}
9  ... 

Histogram: OptimizationGuide.PredictionManager.ModelDeliveryEvents.SegmentationSearchUser recorded 24 samples, mean = 5.5 (flags = 0x41)
0  ... 
3  ------------O                                                             (12 = 50.0%) {0.0%}
4  ... 
8  ------------O                                                             (12 = 50.0%) {50.0%}
9  ... 

Histogram: OptimizationGuide.PredictionManager.ModelDeliveryEvents.SegmentationShoppingUser recorded 24 samples, mean = 5.5 (flags = 0x41)
0  ... 
3  ------------O                                                             (12 = 50.0%) {0.0%}
4  ... 
8  ------------O                                                             (12 = 50.0%) {50.0%}
9  ... 

Histogram: OptimizationGuide.PredictionManager.ModelDeliveryEvents.TextSafety recorded 24 samples, mean = 5.5 (flags = 0x41)
0  ... 
3  ------------O                                                             (12 = 50.0%) {0.0%}
4  ... 
8  ------------O                                                             (12 = 50.0%) {50.0%}
9  ... 

Histogram: OptimizationGuide.PredictionManager.ModelDeliveryEvents.URLVisitResumptionRanker recorded 24 samples, mean = 5.5 (flags = 0x41)
0  ... 
3  ------------O                                                             (12 = 50.0%) {0.0%}
4  ... 
8  ------------O                                                             (12 = 50.0%) {50.0%}
9  ... 

Histogram: OptimizationGuide.PredictionManager.ModelDeliveryEvents.VisualSearchClassification recorded 24 samples, mean = 5.5 (flags = 0x41)
0  ... 
3  ------------O                                                             (12 = 50.0%) {0.0%}
4  ... 
8  ------------O                                                             (12 = 50.0%) {50.0%}
9  ... 

Histogram: OptimizationGuide.PredictionManager.ModelDeliveryEvents.WebAppInstallationPromo recorded 24 samples, mean = 5.5 (flags = 0x41)
0  ... 
3  ------------O                                                             (12 = 50.0%) {0.0%}
4  ... 
8  ------------O                                                             (12 = 50.0%) {50.0%}
9  ... 

Histogram: OptimizationGuide.PredictionManager.RegistrationTimeSinceServiceInit.ClientSidePhishing recorded 1 samples, mean = 0.0 (flags = 0x41)
0  -O                                                                        (1 = 100.0%)
1  ... 

Histogram: OptimizationGuide.PredictionManager.RegistrationTimeSinceServiceInit.GeolocationPermissions recorded 1 samples, mean = 0.0 (flags = 0x41)
0  -O                                                                        (1 = 100.0%)
1  ... 

Histogram: OptimizationGuide.PredictionManager.RegistrationTimeSinceServiceInit.LanguageDetection recorded 2 samples, mean = 3.5 (flags = 0x41)
0  -O                                                                        (1 = 50.0%)
1  ... 
6  -O                                                                        (1 = 50.0%) {50.0%}
8  ... 

Histogram: OptimizationGuide.PredictionManager.RegistrationTimeSinceServiceInit.NewTabPageHistoryClustersModuleRanking recorded 1 samples, mean = 0.0 (flags = 0x41)
0  -O                                                                        (1 = 100.0%)
1  ... 

Histogram: OptimizationGuide.PredictionManager.RegistrationTimeSinceServiceInit.NotificationPermissions recorded 1 samples, mean = 0.0 (flags = 0x41)
0  -O                                                                        (1 = 100.0%)
1  ... 

Histogram: OptimizationGuide.PredictionManager.RegistrationTimeSinceServiceInit.OmniboxUrlScoring recorded 1 samples, mean = 0.0 (flags = 0x41)
0  -O                                                                        (1 = 100.0%)
1  ... 

Histogram: OptimizationGuide.PredictionManager.RegistrationTimeSinceServiceInit.PageTopicsV2 recorded 1 samples, mean = 0.0 (flags = 0x41)
0  -O                                                                        (1 = 100.0%)
1  ... 

Histogram: OptimizationGuide.PredictionManager.RegistrationTimeSinceServiceInit.PageVisibility recorded 1 samples, mean = 0.0 (flags = 0x41)
0  -O                                                                        (1 = 100.0%)
1  ... 

Histogram: OptimizationGuide.PredictionManager.RegistrationTimeSinceServiceInit.SegmentationChromeLowUserEngagement recorded 1 samples, mean = 5705.0 (flags = 0x41)
0     ... 
4955  -O                                                                        (1 = 100.0%) {0.0%}
6296  ... 

Histogram: OptimizationGuide.PredictionManager.RegistrationTimeSinceServiceInit.SegmentationComposePromotion recorded 1 samples, mean = 5706.0 (flags = 0x41)
0     ... 
4955  -O                                                                        (1 = 100.0%) {0.0%}
6296  ... 

Histogram: OptimizationGuide.PredictionManager.RegistrationTimeSinceServiceInit.SegmentationDeviceSwitcher recorded 1 samples, mean = 5705.0 (flags = 0x41)
0     ... 
4955  -O                                                                        (1 = 100.0%) {0.0%}
6296  ... 

Histogram: OptimizationGuide.PredictionManager.RegistrationTimeSinceServiceInit.SegmentationSearchUser recorded 1 samples, mean = 5705.0 (flags = 0x41)
0     ... 
4955  -O                                                                        (1 = 100.0%) {0.0%}
6296  ... 

Histogram: OptimizationGuide.PredictionManager.RegistrationTimeSinceServiceInit.SegmentationShoppingUser recorded 1 samples, mean = 5705.0 (flags = 0x41)
0     ... 
4955  -O                                                                        (1 = 100.0%) {0.0%}
6296  ... 

Histogram: OptimizationGuide.PredictionManager.RegistrationTimeSinceServiceInit.TextSafety recorded 1 samples, mean = 0.0 (flags = 0x41)
0  -O                                                                        (1 = 100.0%)
1  ... 

Histogram: OptimizationGuide.PredictionManager.RegistrationTimeSinceServiceInit.URLVisitResumptionRanker recorded 1 samples, mean = 5706.0 (flags = 0x41)
0     ... 
4955  -O                                                                        (1 = 100.0%) {0.0%}
6296  ... 

Histogram: OptimizationGuide.PredictionManager.RegistrationTimeSinceServiceInit.VisualSearchClassification recorded 1 samples, mean = 0.0 (flags = 0x41)
0  -O                                                                        (1 = 100.0%)
1  ... 

Histogram: OptimizationGuide.PredictionManager.RegistrationTimeSinceServiceInit.WebAppInstallationPromo recorded 1 samples, mean = 5706.0 (flags = 0x41)
0     ... 
4955  -O                                                                        (1 = 100.0%) {0.0%}
6296  ... 

Histogram: OptimizationGuide.PredictionManager.StoreInitialized recorded 1 samples, mean = 1.0 (flags = 0x40)
0  O                                                                         (0 = 0.0%)
1  -O                                                                        (1 = 100.0%) {0.0%}
2  O                                                                         (0 = 0.0%) {100.0%}

Histogram: OptimizationGuide.PredictionManager.SupportedModelEngineVersion recorded 12 samples, mean = 18.0 (flags = 0x40)
0   ... 
18  ------------O                                                             (12 = 100.0%) {0.0%}
19  ... 

Histogram: OptimizationGuide.PredictionModelFetcher.GetModelsResponse.NetErrorCode recorded 12 samples (flags = 0x41)
379  ------------O                                                             (12 = 100.0%)

Histogram: OptimizationGuide.PredictionModelFetcher.GetModelsResponse.NetErrorCode.ClientSidePhishing recorded 12 samples (flags = 0x41)
379  ------------O                                                             (12 = 100.0%)

Histogram: OptimizationGuide.PredictionModelFetcher.GetModelsResponse.NetErrorCode.GeolocationPermissions recorded 12 samples (flags = 0x41)
379  ------------O                                                             (12 = 100.0%)

Histogram: OptimizationGuide.PredictionModelFetcher.GetModelsResponse.NetErrorCode.LanguageDetection recorded 12 samples (flags = 0x41)
379  ------------O                                                             (12 = 100.0%)

Histogram: OptimizationGuide.PredictionModelFetcher.GetModelsResponse.NetErrorCode.NewTabPageHistoryClustersModuleRanking recorded 12 samples (flags = 0x41)
379  ------------O                                                             (12 = 100.0%)

Histogram: OptimizationGuide.PredictionModelFetcher.GetModelsResponse.NetErrorCode.NotificationPermissions recorded 12 samples (flags = 0x41)
379  ------------O                                                             (12 = 100.0%)

Histogram: OptimizationGuide.PredictionModelFetcher.GetModelsResponse.NetErrorCode.OmniboxUrlScoring recorded 12 samples (flags = 0x41)
379  ------------O                                                             (12 = 100.0%)

Histogram: OptimizationGuide.PredictionModelFetcher.GetModelsResponse.NetErrorCode.PageTopicsV2 recorded 12 samples (flags = 0x41)
379  ------------O                                                             (12 = 100.0%)

Histogram: OptimizationGuide.PredictionModelFetcher.GetModelsResponse.NetErrorCode.PageVisibility recorded 12 samples (flags = 0x41)
379  ------------O                                                             (12 = 100.0%)

Histogram: OptimizationGuide.PredictionModelFetcher.GetModelsResponse.NetErrorCode.SegmentationChromeLowUserEngagement recorded 12 samples (flags = 0x41)
379  ------------O                                                             (12 = 100.0%)

Histogram: OptimizationGuide.PredictionModelFetcher.GetModelsResponse.NetErrorCode.SegmentationComposePromotion recorded 12 samples (flags = 0x41)
379  ------------O                                                             (12 = 100.0%)

Histogram: OptimizationGuide.PredictionModelFetcher.GetModelsResponse.NetErrorCode.SegmentationDeviceSwitcher recorded 12 samples (flags = 0x41)
379  ------------O                                                             (12 = 100.0%)

Histogram: OptimizationGuide.PredictionModelFetcher.GetModelsResponse.NetErrorCode.SegmentationSearchUser recorded 12 samples (flags = 0x41)
379  ------------O                                                             (12 = 100.0%)

Histogram: OptimizationGuide.PredictionModelFetcher.GetModelsResponse.NetErrorCode.SegmentationShoppingUser recorded 12 samples (flags = 0x41)
379  ------------O                                                             (12 = 100.0%)

Histogram: OptimizationGuide.PredictionModelFetcher.GetModelsResponse.NetErrorCode.TextSafety recorded 12 samples (flags = 0x41)
379  ------------O                                                             (12 = 100.0%)

Histogram: OptimizationGuide.PredictionModelFetcher.GetModelsResponse.NetErrorCode.URLVisitResumptionRanker recorded 12 samples (flags = 0x41)
379  ------------O                                                             (12 = 100.0%)

Histogram: OptimizationGuide.PredictionModelFetcher.GetModelsResponse.NetErrorCode.VisualSearchClassification recorded 12 samples (flags = 0x41)
379  ------------O                                                             (12 = 100.0%)

Histogram: OptimizationGuide.PredictionModelFetcher.GetModelsResponse.NetErrorCode.WebAppInstallationPromo recorded 12 samples (flags = 0x41)
379  ------------O                                                             (12 = 100.0%)

Histogram: OptimizationGuide.PredictionModelFetcher.GetModelsResponse.Status recorded 12 samples, mean = 400.0 (flags = 0x41)
0    ... 
400  ------------O                                                             (12 = 100.0%) {0.0%}
401  ... 

Histogram: OptimizationGuide.PredictionModelFetcher.GetModelsResponse.Status.ClientSidePhishing recorded 12 samples, mean = 400.0 (flags = 0x41)
0    ... 
400  ------------O                                                             (12 = 100.0%) {0.0%}
401  ... 

Histogram: OptimizationGuide.PredictionModelFetcher.GetModelsResponse.Status.GeolocationPermissions recorded 12 samples, mean = 400.0 (flags = 0x41)
0    ... 
400  ------------O                                                             (12 = 100.0%) {0.0%}
401  ... 

Histogram: OptimizationGuide.PredictionModelFetcher.GetModelsResponse.Status.LanguageDetection recorded 12 samples, mean = 400.0 (flags = 0x41)
0    ... 
400  ------------O                                                             (12 = 100.0%) {0.0%}
401  ... 

Histogram: OptimizationGuide.PredictionModelFetcher.GetModelsResponse.Status.NewTabPageHistoryClustersModuleRanking recorded 12 samples, mean = 400.0 (flags = 0x41)
0    ... 
400  ------------O                                                             (12 = 100.0%) {0.0%}
401  ... 

Histogram: OptimizationGuide.PredictionModelFetcher.GetModelsResponse.Status.NotificationPermissions recorded 12 samples, mean = 400.0 (flags = 0x41)
0    ... 
400  ------------O                                                             (12 = 100.0%) {0.0%}
401  ... 

Histogram: OptimizationGuide.PredictionModelFetcher.GetModelsResponse.Status.OmniboxUrlScoring recorded 12 samples, mean = 400.0 (flags = 0x41)
0    ... 
400  ------------O                                                             (12 = 100.0%) {0.0%}
401  ... 

Histogram: OptimizationGuide.PredictionModelFetcher.GetModelsResponse.Status.PageTopicsV2 recorded 12 samples, mean = 400.0 (flags = 0x41)
0    ... 
400  ------------O                                                             (12 = 100.0%) {0.0%}
401  ... 

Histogram: OptimizationGuide.PredictionModelFetcher.GetModelsResponse.Status.PageVisibility recorded 12 samples, mean = 400.0 (flags = 0x41)
0    ... 
400  ------------O                                                             (12 = 100.0%) {0.0%}
401  ... 

Histogram: OptimizationGuide.PredictionModelFetcher.GetModelsResponse.Status.SegmentationChromeLowUserEngagement recorded 12 samples, mean = 400.0 (flags = 0x41)
0    ... 
400  ------------O                                                             (12 = 100.0%) {0.0%}
401  ... 

Histogram: OptimizationGuide.PredictionModelFetcher.GetModelsResponse.Status.SegmentationComposePromotion recorded 12 samples, mean = 400.0 (flags = 0x41)
0    ... 
400  ------------O                                                             (12 = 100.0%) {0.0%}
401  ... 

Histogram: OptimizationGuide.PredictionModelFetcher.GetModelsResponse.Status.SegmentationDeviceSwitcher recorded 12 samples, mean = 400.0 (flags = 0x41)
0    ... 
400  ------------O                                                             (12 = 100.0%) {0.0%}
401  ... 

Histogram: OptimizationGuide.PredictionModelFetcher.GetModelsResponse.Status.SegmentationSearchUser recorded 12 samples, mean = 400.0 (flags = 0x41)
0    ... 
400  ------------O                                                             (12 = 100.0%) {0.0%}
401  ... 

Histogram: OptimizationGuide.PredictionModelFetcher.GetModelsResponse.Status.SegmentationShoppingUser recorded 12 samples, mean = 400.0 (flags = 0x41)
0    ... 
400  ------------O                                                             (12 = 100.0%) {0.0%}
401  ... 

Histogram: OptimizationGuide.PredictionModelFetcher.GetModelsResponse.Status.TextSafety recorded 12 samples, mean = 400.0 (flags = 0x41)
0    ... 
400  ------------O                                                             (12 = 100.0%) {0.0%}
401  ... 

Histogram: OptimizationGuide.PredictionModelFetcher.GetModelsResponse.Status.URLVisitResumptionRanker recorded 12 samples, mean = 400.0 (flags = 0x41)
0    ... 
400  ------------O                                                             (12 = 100.0%) {0.0%}
401  ... 

Histogram: OptimizationGuide.PredictionModelFetcher.GetModelsResponse.Status.VisualSearchClassification recorded 12 samples, mean = 400.0 (flags = 0x41)
0    ... 
400  ------------O                                                             (12 = 100.0%) {0.0%}
401  ... 

Histogram: OptimizationGuide.PredictionModelFetcher.GetModelsResponse.Status.WebAppInstallationPromo recorded 12 samples, mean = 400.0 (flags = 0x41)
0    ... 
400  ------------O                                                             (12 = 100.0%) {0.0%}
401  ... 

Histogram: OptimizationGuide.ProcessHintsResult recorded 2 samples, mean = 5.5 (flags = 0x41)
0  ... 
5  -O                                                                        (1 = 50.0%) {0.0%}
6  -O                                                                        (1 = 50.0%) {50.0%}
7  ... 

Histogram: OptimizationGuide.ProcessingComponentAtShutdown recorded 1 samples, mean = 0.0 (flags = 0x41)
0  -O                                                                        (1 = 100.0%)
1  ... 

Histogram: OptimizationGuide.RemoteFetchingEnabled recorded 1 samples, mean = 0.0 (flags = 0x41)
0  -O                                                                        (1 = 100.0%)
1  ... 

Histogram: OptimizationGuide.UpdateComponentHints.Result recorded 2 samples, mean = 0.5 (flags = 0x40)
0  -O                                                                        (1 = 50.0%)
1  -O                                                                        (1 = 50.0%) {50.0%}
2  O                                                                         (0 = 0.0%) {100.0%}

Histogram: OriginTrials.PersistentOriginTrial.LevelDbInitSuccess recorded 1 samples, mean = 1.0 (flags = 0x41)
0  O                                                                         (0 = 0.0%)
1  -O                                                                        (1 = 100.0%) {0.0%}
2  O                                                                         (0 = 0.0%) {100.0%}

Histogram: OriginTrials.PersistentOriginTrial.LevelDbLoadSize recorded 1 samples, mean = 0.0 (flags = 0x41)
0  -O                                                                        (1 = 100.0%)
1  ... 

Histogram: OriginTrials.PersistentOriginTrial.LevelDbLoadSuccess recorded 1 samples, mean = 1.0 (flags = 0x41)
0  O                                                                         (0 = 0.0%)
1  -O                                                                        (1 = 100.0%) {0.0%}
2  O                                                                         (0 = 0.0%) {100.0%}

Histogram: OriginTrials.PersistentOriginTrial.LevelDbLoadTime recorded 1 samples, mean = 5822.0 (flags = 0x41)
0     ... 
5017  -O                                                                        (1 = 100.0%) {0.0%}
5961  ... 

Histogram: OriginTrials.PersistentOriginTrial.OriginLookupsBeforeDbLoad recorded 1 samples, mean = 0.0 (flags = 0x41)
0  -O                                                                        (1 = 100.0%)
1  ... 

Histogram: OriginTrials.PersistentOriginTrial.OriginsAddedBeforeDbLoad recorded 1 samples, mean = 0.0 (flags = 0x41)
0  -O                                                                        (1 = 100.0%)
1  ... 

Histogram: PageActionController.ExtensionsWithPageActions recorded 1 samples, mean = 0.0 (flags = 0x41)
0  -O                                                                        (1 = 100.0%)
1  ... 

Histogram: PageContentAnnotations.AnnotateVisit.AnnotationRequestQueued recorded 4 samples, mean = 1.0 (flags = 0x40)
0  O                                                                         (0 = 0.0%)
1  ----O                                                                     (4 = 100.0%) {0.0%}
2  O                                                                         (0 = 0.0%) {100.0%}

Histogram: PageContentAnnotations.AnnotateVisit.AnnotationRequested recorded 4 samples, mean = 1.0 (flags = 0x40)
0  O                                                                         (0 = 0.0%)
1  ----O                                                                     (4 = 100.0%) {0.0%}
2  O                                                                         (0 = 0.0%) {100.0%}

Histogram: PageContentAnnotations.AnnotateVisit.BatchAnnotationStarted recorded 1 samples, mean = 1.0 (flags = 0x40)
0  O                                                                         (0 = 0.0%)
1  -O                                                                        (1 = 100.0%) {0.0%}
2  O                                                                         (0 = 0.0%) {100.0%}

Histogram: PageLoad.Clients.Ads.AllPages.NonAdNetworkBytes recorded 1 samples, mean = 125.0 (flags = 0x41)
0    ... 
108  -O                                                                        (1 = 100.0%) {0.0%}
141  ... 

Histogram: PageLoad.Clients.Ads.AllPages.PercentNetworkBytesAds recorded 1 samples, mean = 0.0 (flags = 0x41)
0  -O                                                                        (1 = 100.0%)
1  ... 

Histogram: PageLoad.Clients.Ads.AllPages.PercentTotalBytesAds recorded 1 samples, mean = 0.0 (flags = 0x41)
0  -O                                                                        (1 = 100.0%)
1  ... 

Histogram: PageLoad.Clients.Ads.AverageViewportAdDensity recorded 1 samples, mean = 0.0 (flags = 0x41)
0  -O                                                                        (1 = 100.0%)
1  ... 

Histogram: PageLoad.Clients.Ads.FrameCounts.AdFrames.Total recorded 1 samples, mean = 0.0 (flags = 0x41)
0  -O                                                                        (1 = 100.0%)
1  ... 

Histogram: PageLoad.Clients.Ads.NonVisible.FrameCounts.AdFrames.Total recorded 1 samples, mean = 0.0 (flags = 0x41)
0  -O                                                                        (1 = 100.0%)
1  ... 

Histogram: PageLoad.Clients.Ads.Visible.FrameCounts.AdFrames.Total recorded 1 samples, mean = 0.0 (flags = 0x41)
0  -O                                                                        (1 = 100.0%)
1  ... 

Histogram: PageLoad.Clients.CrossOrigin.LayoutInstability.CumulativeShiftScore recorded 1 samples, mean = 0.0 (flags = 0x41)
0  -O                                                                        (1 = 100.0%)
1  ... 

Histogram: PageLoad.Clients.CrossOrigin.LayoutInstability.CumulativeShiftScore.MainFrame recorded 1 samples, mean = 0.0 (flags = 0x41)
0  -O                                                                        (1 = 100.0%)
1  ... 

Histogram: PageLoad.Clients.Leakage2.AbandonReasonAt.LoaderStart recorded 1 samples, mean = 10.0 (flags = 0x41)
0   ... 
10  -O                                                                        (1 = 100.0%) {0.0%}
11  ... 

Histogram: PageLoad.Clients.Leakage2.LastMilestoneBeforeAbandon.NewReloadNavigation recorded 1 samples, mean = 1.0 (flags = 0x41)
0  O                                                                         (0 = 0.0%)
1  -O                                                                        (1 = 100.0%) {0.0%}
2  ... 

Histogram: PageLoad.Clients.Leakage2.LoaderStartToAbandon.NewReloadNavigation recorded 1 samples, mean = 3998.0 (flags = 0x41)
0     ... 
3818  -O                                                                        (1 = 100.0%) {0.0%}
4272  ... 

Histogram: PageLoad.Clients.Leakage2.NavigationStart recorded 2 samples, mean = 5131.5 (flags = 0x41)
0     ... 
3818  -O                                                                        (1 = 50.0%) {0.0%}
4272  ... 
5985  -O                                                                        (1 = 50.0%) {50.0%}
6697  ... 

Histogram: PageLoad.Clients.Leakage2.NavigationStartToCommitReceived recorded 1 samples, mean = 6176.0 (flags = 0x41)
0     ... 
5985  -O                                                                        (1 = 100.0%) {0.0%}
6697  ... 

Histogram: PageLoad.Clients.Leakage2.NavigationStartToCommitSent recorded 1 samples, mean = 6174.0 (flags = 0x41)
0     ... 
5985  -O                                                                        (1 = 100.0%) {0.0%}
6697  ... 

Histogram: PageLoad.Clients.Leakage2.NavigationStartToDOMContentLoaded recorded 1 samples, mean = 6737.0 (flags = 0x41)
0     ... 
6697  -O                                                                        (1 = 100.0%) {0.0%}
7494  ... 

Histogram: PageLoad.Clients.Leakage2.NavigationStartToDidCommit recorded 1 samples, mean = 6239.0 (flags = 0x41)
0     ... 
5985  -O                                                                        (1 = 100.0%) {0.0%}
6697  ... 

Histogram: PageLoad.Clients.Leakage2.NavigationStartToFirstRedirectResponseLoaderCallback recorded 1 samples, mean = 5841.0 (flags = 0x41)
0     ... 
5349  -O                                                                        (1 = 100.0%) {0.0%}
5985  ... 

Histogram: PageLoad.Clients.Leakage2.NavigationStartToFirstRedirectResponseStart recorded 1 samples, mean = 5772.0 (flags = 0x41)
0     ... 
5349  -O                                                                        (1 = 100.0%) {0.0%}
5985  ... 

Histogram: PageLoad.Clients.Leakage2.NavigationStartToFirstRedirectedRequestStart recorded 1 samples, mean = 5771.0 (flags = 0x41)
0     ... 
5349  -O                                                                        (1 = 100.0%) {0.0%}
5985  ... 

Histogram: PageLoad.Clients.Leakage2.NavigationStartToLoadStarted recorded 1 samples, mean = 6860.0 (flags = 0x41)
0     ... 
6697  -O                                                                        (1 = 100.0%) {0.0%}
7494  ... 

Histogram: PageLoad.Clients.Leakage2.NavigationStartToLoaderStart recorded 2 samples, mean = 1990.0 (flags = 0x41)
0     ... 
17    -O                                                                        (1 = 50.0%) {0.0%}
19    ... 
3818  -O                                                                        (1 = 50.0%) {50.0%}
4272  ... 

Histogram: PageLoad.Clients.Leakage2.NavigationStartToNonRedirectResponseLoaderCallback recorded 1 samples, mean = 6164.0 (flags = 0x41)
0     ... 
5985  -O                                                                        (1 = 100.0%) {0.0%}
6697  ... 

Histogram: PageLoad.Clients.Leakage2.NavigationStartToNonRedirectResponseStart recorded 1 samples, mean = 6149.0 (flags = 0x41)
0     ... 
5985  -O                                                                        (1 = 100.0%) {0.0%}
6697  ... 

Histogram: PageLoad.Clients.Leakage2.NavigationStartToNonRedirectedRequestStart recorded 1 samples, mean = 5998.0 (flags = 0x41)
0     ... 
5985  -O                                                                        (1 = 100.0%) {0.0%}
6697  ... 

Histogram: PageLoad.Clients.Leakage2.NavigationStartToParseStart recorded 1 samples, mean = 6195.0 (flags = 0x41)
0     ... 
5985  -O                                                                        (1 = 100.0%) {0.0%}
6697  ... 

Histogram: PageLoad.Clients.Leakage2.RendererProcessCreatedBeforeNav recorded 1 samples, mean = 1.0 (flags = 0x41)
0  O                                                                         (0 = 0.0%)
1  -O                                                                        (1 = 100.0%) {0.0%}
2  O                                                                         (0 = 0.0%) {100.0%}

Histogram: PageLoad.Clients.LinkPreview.Usage recorded 1 samples, mean = 0.0 (flags = 0x41)
0  -O                                                                        (1 = 100.0%)
1  ... 

Histogram: PageLoad.Clients.MultiTabLoading.WithTabCount_0.DocumentTiming.NavigationToDOMContentLoadedEventFired recorded 1 samples, mean = 6737.0 (flags = 0x41)
0     ... 
6697  -O                                                                        (1 = 100.0%) {0.0%}
7494  ... 

Histogram: PageLoad.Clients.MultiTabLoading.WithTabCount_0.DocumentTiming.NavigationToLoadEventFired recorded 1 samples, mean = 6860.0 (flags = 0x41)
0     ... 
6697  -O                                                                        (1 = 100.0%) {0.0%}
7494  ... 

Histogram: PageLoad.Clients.MultiTabLoading.With_0_OtherLoading.DocumentTiming.NavigationToDOMContentLoadedEventFired recorded 1 samples, mean = 6737.0 (flags = 0x41)
0     ... 
6697  -O                                                                        (1 = 100.0%) {0.0%}
7494  ... 

Histogram: PageLoad.Clients.MultiTabLoading.With_0_OtherLoading.DocumentTiming.NavigationToLoadEventFired recorded 1 samples, mean = 6860.0 (flags = 0x41)
0     ... 
6697  -O                                                                        (1 = 100.0%) {0.0%}
7494  ... 

Histogram: PageLoad.Clients.PerformanceManager.LoadedIdleWithoutLCP recorded 1 samples, mean = 9352.0 (flags = 0x41)
0     ... 
8000  -O                                                                        (1 = 100.0%) {0.0%}
10165 ... 

Histogram: PageLoad.Clients.PerformanceManager.LoadedIdleWithoutLCP.Foreground recorded 1 samples, mean = 9352.0 (flags = 0x41)
0     ... 
8000  -O                                                                        (1 = 100.0%) {0.0%}
10165 ... 

Histogram: PageLoad.Clients.Protocol.QUIC.DocumentTiming.NavigationToDOMContentLoadedEventFired recorded 1 samples, mean = 6737.0 (flags = 0x41)
0     ... 
6697  -O                                                                        (1 = 100.0%) {0.0%}
7494  ... 

Histogram: PageLoad.Clients.Protocol.QUIC.DocumentTiming.NavigationToLoadEventFired recorded 1 samples, mean = 6860.0 (flags = 0x41)
0     ... 
6697  -O                                                                        (1 = 100.0%) {0.0%}
7494  ... 

Histogram: PageLoad.Clients.Protocol.QUIC.ParseTiming.NavigationToParseStart recorded 1 samples, mean = 6195.0 (flags = 0x41)
0     ... 
5985  -O                                                                        (1 = 100.0%) {0.0%}
6697  ... 

Histogram: PageLoad.Clients.Scheme.HTTPS.ParseTiming.NavigationToParseStart recorded 1 samples, mean = 6195.0 (flags = 0x41)
0     ... 
5985  -O                                                                        (1 = 100.0%) {0.0%}
6697  ... 

Histogram: PageLoad.Clients.SubresourceLoading.DaysSinceLastVisitToOrigin recorded 1 samples, mean = 0.0 (flags = 0x40)
0  -O                                                                        (1 = 100.0%)
1  ... 

Histogram: PageLoad.Clients.SubresourceLoading.HasPreviousVisitToOrigin recorded 1 samples, mean = 1.0 (flags = 0x40)
0  O                                                                         (0 = 0.0%)
1  -O                                                                        (1 = 100.0%) {0.0%}
2  O                                                                         (0 = 0.0%) {100.0%}

Histogram: PageLoad.Clients.TPCD.CookieAccess.ThirdPartyCookieAllowMechanism3 recorded 1 samples, mean = 2.0 (flags = 0x41)
0  ... 
2  -O                                                                        (1 = 100.0%) {0.0%}
3  ... 

Histogram: PageLoad.Clients.TPCD.ThirdPartyCookieAccessBlockedByExperiment2 recorded 1 samples, mean = 0.0 (flags = 0x41)
0  -O                                                                        (1 = 100.0%)
1  ... 

Histogram: PageLoad.Clients.ThirdParty.Origins.CookieRead2 recorded 1 samples, mean = 0.0 (flags = 0x41)
0  -O                                                                        (1 = 100.0%)
1  ... 

Histogram: PageLoad.Cpu.TotalUsage recorded 1 samples, mean = 315.0 (flags = 0x41)
0    ... 
288  -O                                                                        (1 = 100.0%) {0.0%}
322  ... 

Histogram: PageLoad.Cpu.TotalUsageForegrounded recorded 1 samples, mean = 315.0 (flags = 0x41)
0    ... 
288  -O                                                                        (1 = 100.0%) {0.0%}
322  ... 

Histogram: PageLoad.DocumentTiming.NavigationToDOMContentLoadedEventFired recorded 1 samples, mean = 6737.0 (flags = 0x41)
0     ... 
6697  -O                                                                        (1 = 100.0%) {0.0%}
7494  ... 

Histogram: PageLoad.DocumentTiming.NavigationToLoadEventFired recorded 1 samples, mean = 6860.0 (flags = 0x41)
0     ... 
6697  -O                                                                        (1 = 100.0%) {0.0%}
7494  ... 

Histogram: PageLoad.Experimental.NavigationTiming.FinalLoaderCallbackToNavigationCommitSent recorded 1 samples, mean = 9.0 (flags = 0x41)
0  -O                                                                        (1 = 100.0%)
10 ... 

Histogram: PageLoad.Experimental.NavigationTiming.FinalRequestStartToFinalResponseStart recorded 1 samples, mean = 151.0 (flags = 0x41)
0    ... 
147  -O                                                                        (1 = 100.0%) {0.0%}
164  ... 

Histogram: PageLoad.Experimental.NavigationTiming.FinalResponseStartToFinalLoaderCallback recorded 1 samples, mean = 15.0 (flags = 0x41)
0   ... 
15  -O                                                                        (1 = 100.0%) {0.0%}
17  ... 

Histogram: PageLoad.Experimental.NavigationTiming.FirstRequestStartToFirstResponseStart recorded 1 samples, mean = 1.0 (flags = 0x41)
0  -O                                                                        (1 = 100.0%)
10 ... 

Histogram: PageLoad.Experimental.NavigationTiming.FirstResponseStartToFirstLoaderCallback recorded 1 samples, mean = 68.0 (flags = 0x41)
0   ... 
67  -O                                                                        (1 = 100.0%) {0.0%}
75  ... 

Histogram: PageLoad.Experimental.NavigationTiming.NavigationStartToFinalLoaderCallback recorded 1 samples, mean = 6164.0 (flags = 0x41)
0     ... 
5985  -O                                                                        (1 = 100.0%) {0.0%}
6697  ... 

Histogram: PageLoad.Experimental.NavigationTiming.NavigationStartToFinalRequestStart recorded 1 samples, mean = 5998.0 (flags = 0x41)
0     ... 
5985  -O                                                                        (1 = 100.0%) {0.0%}
6697  ... 

Histogram: PageLoad.Experimental.NavigationTiming.NavigationStartToFinalResponseStart recorded 1 samples, mean = 6149.0 (flags = 0x41)
0     ... 
5985  -O                                                                        (1 = 100.0%) {0.0%}
6697  ... 

Histogram: PageLoad.Experimental.NavigationTiming.NavigationStartToFirstLoaderCallback recorded 1 samples, mean = 5841.0 (flags = 0x41)
0     ... 
5349  -O                                                                        (1 = 100.0%) {0.0%}
5985  ... 

Histogram: PageLoad.Experimental.NavigationTiming.NavigationStartToFirstRequestStart recorded 1 samples, mean = 5771.0 (flags = 0x41)
0     ... 
5349  -O                                                                        (1 = 100.0%) {0.0%}
5985  ... 

Histogram: PageLoad.Experimental.NavigationTiming.NavigationStartToFirstResponseStart recorded 1 samples, mean = 5772.0 (flags = 0x41)
0     ... 
5349  -O                                                                        (1 = 100.0%) {0.0%}
5985  ... 

Histogram: PageLoad.Experimental.NavigationTiming.NavigationStartToNavigationCommitSent recorded 1 samples, mean = 6174.0 (flags = 0x41)
0     ... 
5985  -O                                                                        (1 = 100.0%) {0.0%}
6697  ... 

Histogram: PageLoad.Experimental.PageTiming.CachedResourceLoadTime.font recorded 5 samples, mean = 0.2 (flags = 0x41)
0  ----O                                                                     (4 = 80.0%)
1  -O                                                                        (1 = 20.0%) {80.0%}
2  ... 

Histogram: PageLoad.Experimental.PageTiming.CachedResourceLoadTime.image recorded 1 samples, mean = 0.0 (flags = 0x41)
0  -O                                                                        (1 = 100.0%)
1  ... 

Histogram: PageLoad.Experimental.PageTiming.CachedResourceLoadTime.manifest recorded 1 samples, mean = 175.0 (flags = 0x41)
0    ... 
173  -O                                                                        (1 = 100.0%) {0.0%}
220  ... 

Histogram: PageLoad.Experimental.PageTiming.CachedResourceLoadTime.script recorded 22 samples, mean = 12.9 (flags = 0x41)
0    O                                                                         (0 = 0.0%)
1    -O                                                                        (1 = 4.5%) {0.0%}
2    ... 
4    ---O                                                                      (3 = 13.6%) {4.5%}
5    -----O                                                                    (5 = 22.7%) {18.2%}
6    ----------O                                                               (10 = 45.5%) {40.9%}
8    -O                                                                        (1 = 4.5%) {86.4%}
10   -O                                                                        (1 = 4.5%) {90.9%}
13   ... 
136  -O                                                                        (1 = 4.5%) {95.5%}
173  ... 

Histogram: PageLoad.Experimental.PageTiming.CachedResourceLoadTime.style recorded 8 samples, mean = 18.8 (flags = 0x41)
0    -O                                                                        (1 = 12.5%)
1    -O                                                                        (1 = 12.5%) {12.5%}
2    ... 
6    -----O                                                                    (5 = 62.5%) {25.0%}
8    ... 
107  -O                                                                        (1 = 12.5%) {87.5%}
136  ... 

Histogram: PageLoad.Experimental.PageTiming.CommitSentToFirstSubresourceLoadStart recorded 1 samples, mean = 140.0 (flags = 0x41)
0    ... 
131  -O                                                                        (1 = 100.0%) {0.0%}
147  ... 

Histogram: PageLoad.Experimental.PageTiming.NavigationToFirstSubresourceLoadStart recorded 1 samples, mean = 6314.0 (flags = 0x41)
0     ... 
5985  -O                                                                        (1 = 100.0%) {0.0%}
6697  ... 

Histogram: PageLoad.Experimental.PageTiming.ResourceLoadTime. recorded 4 samples, mean = 61.8 (flags = 0x41)
0   ... 
41  -O                                                                        (1 = 25.0%) {0.0%}
52  -O                                                                        (1 = 25.0%) {25.0%}
66  --O                                                                       (2 = 50.0%) {50.0%}
84  ... 

Histogram: PageLoad.Experimental.PageTiming.ResourceLoadTime.document recorded 1 samples, mean = 167.0 (flags = 0x41)
0    ... 
136  -O                                                                        (1 = 100.0%) {0.0%}
173  ... 

Histogram: PageLoad.Experimental.PageTiming.ResourceLoadTime.image recorded 2 samples, mean = 36.0 (flags = 0x41)
0   ... 
32  --O                                                                       (2 = 100.0%) {0.0%}
41  ... 

Histogram: PageLoad.Experimental.PageTiming.ResourceLoadTime.script recorded 2 samples, mean = 95.5 (flags = 0x41)
0    ... 
25   -O                                                                        (1 = 50.0%) {0.0%}
32   ... 
136  -O                                                                        (1 = 50.0%) {50.0%}
173  ... 

Histogram: PageLoad.Experimental.PageVisitFinalStatus recorded 1 samples, mean = 1.0 (flags = 0x41)
0  O                                                                         (0 = 0.0%)
1  -O                                                                        (1 = 100.0%) {0.0%}
2  ... 

Histogram: PageLoad.Experimental.PageVisitType2 recorded 1 samples, mean = 6.0 (flags = 0x41)
0  ... 
6  -O                                                                        (1 = 100.0%) {0.0%}
7  ... 

Histogram: PageLoad.Experimental.PaintTiming.FirstEligibleToPaintToFirstPaint recorded 1 samples, mean = 545.0 (flags = 0x41)
0    ... 
505  -O                                                                        (1 = 100.0%) {0.0%}
565  ... 

Histogram: PageLoad.Experimental.TotalForegroundDuration recorded 1 samples, mean = 1876890.0 (flags = 0x41)
0        ... 
1875187  -O                                                                        (1 = 100.0%) {0.0%}
2136467  ... 

Histogram: PageLoad.Experimental.TotalForegroundDuration.AllVisit recorded 1 samples, mean = 1876890.0 (flags = 0x41)
0        ... 
1875187  -O                                                                        (1 = 100.0%) {0.0%}
2136467  ... 

Histogram: PageLoad.Experimental.TotalForegroundDuration.IndependentUIVisit recorded 1 samples, mean = 1876890.0 (flags = 0x41)
0        ... 
1875187  -O                                                                        (1 = 100.0%) {0.0%}
2136467  ... 

Histogram: PageLoad.Expermental.SoftNavigations.Count recorded 1 samples, mean = 0.0 (flags = 0x41)
0  -O                                                                        (1 = 100.0%)
1  ... 

Histogram: PageLoad.Internal.PageLoadTimingStatus recorded 7 samples, mean = 0.0 (flags = 0x41)
0  -------O                                                                  (7 = 100.0%)
1  ... 

Histogram: PageLoad.Internal.PageLoadTimingStatus.AtTimingCallbackDispatch recorded 4 samples, mean = 0.0 (flags = 0x41)
0  ----O                                                                     (4 = 100.0%)
1  ... 

Histogram: PageLoad.Internal.PageType recorded 2 samples, mean = 0.0 (flags = 0x41)
0  --O                                                                       (2 = 100.0%)
1  ... 

Histogram: PageLoad.Internal.SuppressedEventsBeforeMissingFirstPaint recorded 1 samples, mean = 0.0 (flags = 0x41)
0  -O                                                                        (1 = 100.0%)
1  ... 

Histogram: PageLoad.Internal.SuppressedEventsCountBeforePaint3 recorded 1 samples, mean = 0.0 (flags = 0x41)
0  -O                                                                        (1 = 100.0%)
1  ... 

Histogram: PageLoad.Internal.SuppressedEventsTimingBeforePaint3 recorded 1 samples, mean = 0.0 (flags = 0x41)
0  -O                                                                        (1 = 100.0%)
1  ... 

Histogram: PageLoad.Internal.SuppressedInteractionsCountBeforePaint3 recorded 1 samples, mean = 0.0 (flags = 0x41)
0  -O                                                                        (1 = 100.0%)
1  ... 

Histogram: PageLoad.LayoutInstability.CumulativeShiftScore recorded 1 samples, mean = 0.0 (flags = 0x41)
0  -O                                                                        (1 = 100.0%)
1  ... 

Histogram: PageLoad.LayoutInstability.CumulativeShiftScore.MainFrame recorded 1 samples, mean = 0.0 (flags = 0x41)
0  -O                                                                        (1 = 100.0%)
1  ... 

Histogram: PageLoad.LayoutInstability.MaxCumulativeShiftScore.SessionWindow.Gap1000ms.Max5000ms recorded 1 samples, mean = 0.0 (flags = 0x41)
0  -O                                                                        (1 = 100.0%)
1  ... 

Histogram: PageLoad.LayoutInstability.MaxCumulativeShiftScore.SessionWindow.Gap1000ms.Max5000ms2 recorded 1 samples, mean = 0.0 (flags = 0x41)
0  -O                                                                        (1 = 100.0%)
1  ... 

Histogram: PageLoad.PageTiming.ForegroundDuration recorded 1 samples, mean = 1876888.0 (flags = 0x41)
0        ... 
1875187  -O                                                                        (1 = 100.0%) {0.0%}
2136467  ... 

Histogram: PageLoad.PageTiming.ForegroundDuration.AfterPaint recorded 1 samples, mean = 1869805.0 (flags = 0x41)
0        ... 
1645860  -O                                                                        (1 = 100.0%) {0.0%}
1875187  ... 

Histogram: PageLoad.PageTiming.ForegroundDuration.NoCommit recorded 1 samples, mean = 56.0 (flags = 0x41)
0   ... 
54  -O                                                                        (1 = 100.0%) {0.0%}
62  ... 

Histogram: PageLoad.PageTiming.ForegroundDuration.WithPaint recorded 1 samples, mean = 1876888.0 (flags = 0x41)
0        ... 
1875187  -O                                                                        (1 = 100.0%) {0.0%}
2136467  ... 

Histogram: PageLoad.PaintTiming.NavigationToFirstPaint recorded 1 samples, mean = 7083.0 (flags = 0x41)
0     ... 
6697  -O                                                                        (1 = 100.0%) {0.0%}
7494  ... 

Histogram: PageLoad.ParseTiming.NavigationToParseStart recorded 1 samples, mean = 6195.0 (flags = 0x41)
0     ... 
5985  -O                                                                        (1 = 100.0%) {0.0%}
6697  ... 

Histogram: PageLoad.ParseTiming.NavigationToParseStart.LoadType.NewNavigation recorded 1 samples, mean = 6195.0 (flags = 0x41)
0     ... 
5985  -O                                                                        (1 = 100.0%) {0.0%}
6697  ... 

Histogram: PageLoad.ParseTiming.ParseBlockedOnScriptExecution recorded 1 samples, mean = 22.0 (flags = 0x41)
0   ... 
21  -O                                                                        (1 = 100.0%) {0.0%}
24  ... 

Histogram: PageLoad.ParseTiming.ParseBlockedOnScriptExecutionFromDocumentWrite recorded 1 samples, mean = 0.0 (flags = 0x41)
0  -O                                                                        (1 = 100.0%)
10 ... 

Histogram: PageLoad.ParseTiming.ParseBlockedOnScriptLoad recorded 1 samples, mean = 292.0 (flags = 0x41)
0    ... 
288  -O                                                                        (1 = 100.0%) {0.0%}
322  ... 

Histogram: PaintHolding.CommitTrigger2 recorded 1 samples, mean = 3.0 (flags = 0x41)
0  ... 
3  -O                                                                        (1 = 100.0%) {0.0%}
4  ... 

Histogram: PasswordManager.AccountStore.InaccessiblePasswords3 recorded 1 samples, mean = 0.0 (flags = 0x41)
0  -O                                                                        (1 = 100.0%)
1  ... 

Histogram: PasswordManager.AccountStore.LoginDatabaseEncryptionStatus recorded 1 samples, mean = 0.0 (flags = 0x41)
0  -O                                                                        (1 = 100.0%)
1  ... 

Histogram: PasswordManager.AffiliationDatabase.DatabaseSize recorded 1 samples, mean = 52.0 (flags = 0x41)
0  -O                                                                        (1 = 100.0%)
1000... 

Histogram: PasswordManager.BubbleSuppression.AccountsInStatisticsTable2 recorded 1 samples, mean = 0.0 (flags = 0x41)
0  -O                                                                        (1 = 100.0%)
1  ... 

Histogram: PasswordManager.GetAllLogins.TimeSinceInit recorded 2 samples, mean = 30002.0 (flags = 0x41)
0      ... 
26495  --O                                                                       (2 = 100.0%) {0.0%}
33665  ... 

Histogram: PasswordManager.GetAutofillableLogins.TimeSinceInit recorded 2 samples, mean = 6239.0 (flags = 0x41)
0     ... 
4955  --O                                                                       (2 = 100.0%) {0.0%}
6296  ... 

Histogram: PasswordManager.LoginDatabaseInit2 recorded 2 samples, mean = 0.0 (flags = 0x41)
0  --O                                                                       (2 = 100.0%)
1  ... 

Histogram: PasswordManager.OnEncryptorReceived.Success recorded 2 samples, mean = 1.0 (flags = 0x41)
0  O                                                                         (0 = 0.0%)
1  --O                                                                       (2 = 100.0%) {0.0%}
2  O                                                                         (0 = 0.0%) {100.0%}

Histogram: PasswordManager.PasswordStore.InitTime recorded 2 samples, mean = 4526.5 (flags = 0x41)
0     ... 
4222  --O                                                                       (2 = 100.0%) {0.0%}
5017  ... 

Histogram: PasswordManager.PasswordStoreBackend.GetAllLoginsAsync recorded 4 samples, mean = 1.0 (flags = 0x41)
0  --O                                                                       (2 = 50.0%)
1  O                                                                         (0 = 0.0%) {50.0%}
2  --O                                                                       (2 = 50.0%) {50.0%}
3  ... 

Histogram: PasswordManager.PasswordStoreBackend.GetAllLoginsAsync.Latency recorded 2 samples, mean = 0.0 (flags = 0x41)
0  --O                                                                       (2 = 100.0%)
1  ... 

Histogram: PasswordManager.PasswordStoreBackend.GetAllLoginsAsync.Success recorded 2 samples, mean = 1.0 (flags = 0x41)
0  O                                                                         (0 = 0.0%)
1  --O                                                                       (2 = 100.0%) {0.0%}
2  O                                                                         (0 = 0.0%) {100.0%}

Histogram: PasswordManager.PasswordStoreBackend.GetAutofillableLoginsAsync recorded 4 samples, mean = 1.0 (flags = 0x41)
0  --O                                                                       (2 = 50.0%)
1  O                                                                         (0 = 0.0%) {50.0%}
2  --O                                                                       (2 = 50.0%) {50.0%}
3  ... 

Histogram: PasswordManager.PasswordStoreBackend.GetAutofillableLoginsAsync.Latency recorded 2 samples, mean = 65.0 (flags = 0x41)
0   ... 
52  --O                                                                       (2 = 100.0%) {0.0%}
66  ... 

Histogram: PasswordManager.PasswordStoreBackend.GetAutofillableLoginsAsync.Success recorded 2 samples, mean = 1.0 (flags = 0x41)
0  O                                                                         (0 = 0.0%)
1  --O                                                                       (2 = 100.0%) {0.0%}
2  O                                                                         (0 = 0.0%) {100.0%}

Histogram: PasswordManager.PasswordStoreBuiltInBackend.GetAllLoginsAsync recorded 4 samples, mean = 1.0 (flags = 0x41)
0  --O                                                                       (2 = 50.0%)
1  O                                                                         (0 = 0.0%) {50.0%}
2  --O                                                                       (2 = 50.0%) {50.0%}
3  ... 

Histogram: PasswordManager.PasswordStoreBuiltInBackend.GetAllLoginsAsync.Latency recorded 2 samples, mean = 0.0 (flags = 0x41)
0  --O                                                                       (2 = 100.0%)
1  ... 

Histogram: PasswordManager.PasswordStoreBuiltInBackend.GetAllLoginsAsync.Success recorded 2 samples, mean = 1.0 (flags = 0x41)
0  O                                                                         (0 = 0.0%)
1  --O                                                                       (2 = 100.0%) {0.0%}
2  O                                                                         (0 = 0.0%) {100.0%}

Histogram: PasswordManager.PasswordStoreBuiltInBackend.GetAutofillableLoginsAsync recorded 4 samples, mean = 1.0 (flags = 0x41)
0  --O                                                                       (2 = 50.0%)
1  O                                                                         (0 = 0.0%) {50.0%}
2  --O                                                                       (2 = 50.0%) {50.0%}
3  ... 

Histogram: PasswordManager.PasswordStoreBuiltInBackend.GetAutofillableLoginsAsync.Latency recorded 2 samples, mean = 65.0 (flags = 0x41)
0   ... 
52  --O                                                                       (2 = 100.0%) {0.0%}
66  ... 

Histogram: PasswordManager.PasswordStoreBuiltInBackend.GetAutofillableLoginsAsync.Success recorded 2 samples, mean = 1.0 (flags = 0x41)
0  O                                                                         (0 = 0.0%)
1  --O                                                                       (2 = 100.0%) {0.0%}
2  O                                                                         (0 = 0.0%) {100.0%}

Histogram: PasswordManager.ProfileStore.InaccessiblePasswords3 recorded 1 samples, mean = 0.0 (flags = 0x41)
0  -O                                                                        (1 = 100.0%)
1  ... 

Histogram: PasswordManager.ProfileStore.LoginDatabaseEncryptionStatus recorded 1 samples, mean = 0.0 (flags = 0x41)
0  -O                                                                        (1 = 100.0%)
1  ... 

Histogram: PasswordManager.SavedGaiaPasswordHashCount2 recorded 1 samples, mean = 0.0 (flags = 0x41)
0  -O                                                                        (1 = 100.0%)
1  ... 

Histogram: PasswordManager.SyncMetadataReadError2 recorded 2 samples, mean = 0.0 (flags = 0x41)
0  --O                                                                       (2 = 100.0%)
1  ... 

Histogram: PaymentRequest.IsCanMakePaymentAllowedByPref.Startup recorded 1 samples, mean = 1.0 (flags = 0x41)
0  O                                                                         (0 = 0.0%)
1  -O                                                                        (1 = 100.0%) {0.0%}
2  O                                                                         (0 = 0.0%) {100.0%}

Histogram: PerformanceManager.LoadingNotQuiescentPageCount.All recorded 62 samples, mean = 0.0 (flags = 0x41)
0  --------------------------------------------------------------O           (62 = 100.0%)
1  ... 

Histogram: PerformanceManager.LoadingNotQuiescentPageCount.Hidden recorded 62 samples, mean = 0.0 (flags = 0x41)
0  --------------------------------------------------------------O           (62 = 100.0%)
1  ... 

Histogram: PerformanceManager.LoadingNotQuiescentPageCount.MixedVisibility recorded 62 samples, mean = 0.0 (flags = 0x41)
0  --------------------------------------------------------------O           (62 = 100.0%)
1  ... 

Histogram: PerformanceManager.LoadingNotQuiescentPageCount.Visible recorded 62 samples, mean = 0.0 (flags = 0x41)
0  --------------------------------------------------------------O           (62 = 100.0%)
1  ... 

Histogram: PerformanceManager.QuiescentPageCount recorded 62 samples, mean = 1.0 (flags = 0x41)
0  O                                                                         (0 = 0.0%)
1  --------------------------------------------------------------O           (62 = 100.0%) {0.0%}
2  ... 

Histogram: PerformanceManager.SiteDB.DatabaseInit recorded 1 samples, mean = 0.0 (flags = 0x41)
0  -O                                                                        (1 = 100.0%)
1  ... 

Histogram: PerformanceManager.SiteDB.OnDiskSize recorded 1 samples, mean = 1.0 (flags = 0x41)
0  -O                                                                        (1 = 100.0%)
1000... 

Histogram: PerformanceManager.SiteDB.WriteCompleted.WriteSiteDataIntoStore recorded 1 samples, mean = 1.0 (flags = 0x41)
0  O                                                                         (0 = 0.0%)
1  -O                                                                        (1 = 100.0%) {0.0%}
2  O                                                                         (0 = 0.0%) {100.0%}

Histogram: PerformanceManager.SiteDB.WriteScheduled.WriteSiteDataIntoStore recorded 1 samples, mean = 1.0 (flags = 0x41)
0  O                                                                         (0 = 0.0%)
1  -O                                                                        (1 = 100.0%) {0.0%}
2  O                                                                         (0 = 0.0%) {100.0%}

Histogram: PerformanceManager.TabRevisitTracker.TimeToClose2 recorded 1 samples, mean = 1876.0 (flags = 0x41)
0     ... 
1858  -O                                                                        (1 = 100.0%) {0.0%}
1955  ... 

Histogram: PerformanceManager.UserTuning.BatterySaverModeEnabledPercent recorded 1 samples, mean = 0.0 (flags = 0x41)
0  -O                                                                        (1 = 100.0%)
1  ... 

Histogram: PerformanceManager.UserTuning.MemorySaverModeEnabledPercent recorded 1 samples, mean = 0.0 (flags = 0x41)
0  -O                                                                        (1 = 100.0%)
1  ... 

Histogram: PerformanceMonitor.AverageCPU8.BrowserProcess recorded 15 samples, mean = 21672.6 (flags = 0x41)
0      ... 
20000  ---------------O                                                          (15 = 100.0%) {0.0%}

Histogram: PerformanceMonitor.AverageCPU8.GPUProcess recorded 15 samples, mean = 570.7 (flags = 0x41)
0     ... 
12    -----O                                                                    (5 = 33.3%) {0.0%}
15    -------O                                                                  (7 = 46.7%) {33.3%}
18    -O                                                                        (1 = 6.7%) {80.0%}
22    -O                                                                        (1 = 6.7%) {86.7%}
27    ... 
7801  -O                                                                        (1 = 6.7%) {93.3%}
9417  ... 

Histogram: PerformanceMonitor.AverageCPU8.NetworkProcess recorded 15 samples, mean = 4.6 (flags = 0x41)
0   O                                                                         (0 = 0.0%)
1   ---O                                                                      (3 = 20.0%) {0.0%}
2   -O                                                                        (1 = 6.7%) {20.0%}
3   ------O                                                                   (6 = 40.0%) {26.7%}
4   ---O                                                                      (3 = 20.0%) {66.7%}
5   -O                                                                        (1 = 6.7%) {86.7%}
6   ... 
27  -O                                                                        (1 = 6.7%) {93.3%}
33  ... 

Histogram: PerformanceMonitor.AverageCPU8.OtherProcess recorded 15 samples, mean = 0.0 (flags = 0x41)
0  ---------------O                                                          (15 = 100.0%)
1  ... 

Histogram: PerformanceMonitor.AverageCPU8.RendererExtensionEventProcess recorded 15 samples, mean = 0.0 (flags = 0x41)
0  ---------------O                                                          (15 = 100.0%)
1  ... 

Histogram: PerformanceMonitor.AverageCPU8.RendererExtensionPersistentProcess recorded 15 samples, mean = 0.0 (flags = 0x41)
0  ---------------O                                                          (15 = 100.0%)
1  ... 

Histogram: PerformanceMonitor.AverageCPU8.RendererProcess recorded 15 samples, mean = 31.6 (flags = 0x41)
0    --------------O                                                           (14 = 93.3%)
1    ... 
462  -O                                                                        (1 = 6.7%) {93.3%}
558  ... 

Histogram: PerformanceMonitor.AverageCPU8.Total recorded 15 samples, mean = 21701.4 (flags = 0x41)
0      ... 
20000  ---------------O                                                          (15 = 100.0%) {0.0%}

Histogram: PerformanceMonitor.AverageCPU8.Total.ZeroWindow recorded 15 samples, mean = 21701.4 (flags = 0x41)
0      ... 
20000  ---------------O                                                          (15 = 100.0%) {0.0%}

Histogram: PerformanceMonitor.AverageCPU8.UtilityProcess recorded 15 samples, mean = 7471.5 (flags = 0x41)
0      --------------O                                                           (14 = 93.3%)
1      ... 
20000  -O                                                                        (1 = 6.7%) {93.3%}

Histogram: PerformanceMonitor.HasPreciseCPUUsage recorded 21 samples, mean = 1.0 (flags = 0x41)
0  O                                                                         (0 = 0.0%)
1  ---------------------O                                                    (21 = 100.0%) {0.0%}
2  O                                                                         (0 = 0.0%) {100.0%}

Histogram: PerformanceMonitor.UsageScenario.LongInterval recorded 15 samples, mean = 13.0 (flags = 0x41)
0   ... 
13  ---------------O                                                          (15 = 100.0%) {0.0%}
14  ... 

Histogram: Permissions.API.CreatedPermissionStatusObjects recorded 1 samples, mean = 0.0 (flags = 0x41)
0  -O                                                                        (1 = 100.0%)
1  ... 

Histogram: Permissions.Experimental.PrimaryMainNavigationFinished.AudioCapture.TopLevelHeaderPolicy recorded 1 samples, mean = 0.0 (flags = 0x41)
0  -O                                                                        (1 = 100.0%)
1  ... 

Histogram: Permissions.Experimental.PrimaryMainNavigationFinished.Geolocation.TopLevelHeaderPolicy recorded 1 samples, mean = 0.0 (flags = 0x41)
0  -O                                                                        (1 = 100.0%)
1  ... 

Histogram: Permissions.Experimental.PrimaryMainNavigationFinished.VideoCapture.TopLevelHeaderPolicy recorded 1 samples, mean = 0.0 (flags = 0x41)
0  -O                                                                        (1 = 100.0%)
1  ... 

Histogram: Permissions.QuietNotificationPrompts.RegularProfile.IsEnabledInPrefs recorded 1 samples, mean = 0.0 (flags = 0x41)
0  -O                                                                        (1 = 100.0%)
1  ... 

Histogram: Platform.IntelMaxMicroArchitecture recorded 1 samples, mean = 10.0 (flags = 0x41)
0   ... 
10  -O                                                                        (1 = 100.0%) {0.0%}
11  ... 

Histogram: Power.BatteryDischargeGranularityIsOrdered recorded 48 samples, mean = 1.0 (flags = 0x41)
0  O                                                                         (0 = 0.0%)
1  ------------------------------------------------O                         (48 = 100.0%) {0.0%}
2  O                                                                         (0 = 0.0%) {100.0%}

Histogram: Power.BatteryDischargeMode5 recorded 31 samples, mean = 1.0 (flags = 0x41)
0  O                                                                         (0 = 0.0%)
1  -------------------------------O                                          (31 = 100.0%) {0.0%}
2  ... 

Histogram: Power.BatteryDischargeMode5.Initial recorded 1 samples, mean = 1.0 (flags = 0x41)
0  O                                                                         (0 = 0.0%)
1  -O                                                                        (1 = 100.0%) {0.0%}
2  ... 

Histogram: Power.BatteryDischargeMode5.Periodic recorded 30 samples, mean = 1.0 (flags = 0x41)
0  O                                                                         (0 = 0.0%)
1  ------------------------------O                                           (30 = 100.0%) {0.0%}
2  ... 

Histogram: Power.BatteryDischargeMode5.TenMinutes recorded 3 samples, mean = 1.0 (flags = 0x41)
0  O                                                                         (0 = 0.0%)
1  ---O                                                                      (3 = 100.0%) {0.0%}
2  ... 

Histogram: Power.BatteryDischargeMode5.ZeroWindow recorded 31 samples, mean = 1.0 (flags = 0x41)
0  O                                                                         (0 = 0.0%)
1  -------------------------------O                                          (31 = 100.0%) {0.0%}
2  ... 

Histogram: Power.BatteryDischargeMode5.ZeroWindow.Initial recorded 1 samples, mean = 1.0 (flags = 0x41)
0  O                                                                         (0 = 0.0%)
1  -O                                                                        (1 = 100.0%) {0.0%}
2  ... 

Histogram: Power.BatteryDischargeMode5.ZeroWindow.Periodic recorded 30 samples, mean = 1.0 (flags = 0x41)
0  O                                                                         (0 = 0.0%)
1  ------------------------------O                                           (30 = 100.0%) {0.0%}
2  ... 

Histogram: Power.HasPreciseBatteryDischargeGranularity recorded 31 samples, mean = 0.0 (flags = 0x41)
0  -------------------------------O                                          (31 = 100.0%)
1  ... 

Histogram: Prefs.JSonStore.SetValueKey recorded 43 samples (flags = 0x41)
174384190   --O                                                                       (2 = 4.7%)
372921139   ------------O                                                             (12 = 27.9%)
819550135   -O                                                                        (1 = 2.3%)
852125461   --O                                                                       (2 = 4.7%)
1460117349  -O                                                                        (1 = 2.3%)
1697794008  --O                                                                       (2 = 4.7%)
1923415074  ----O                                                                     (4 = 9.3%)
1927273959  -O                                                                        (1 = 2.3%)
1936820420  --O                                                                       (2 = 4.7%)
1956100443  --O                                                                       (2 = 4.7%)
2049316039  -O                                                                        (1 = 2.3%)
2056672062  ------------O                                                             (12 = 27.9%)
2082524502  -O                                                                        (1 = 2.3%)

Histogram: Privacy.CookieControlsSetting.RegularProfile recorded 1 samples, mean = 2.0 (flags = 0x41)
0  ... 
2  -O                                                                        (1 = 100.0%) {0.0%}
3  O                                                                         (0 = 0.0%) {100.0%}

Histogram: Privacy.DIPS.BounceCategoryServer.Block3PC recorded 1 samples, mean = 0.0 (flags = 0x41)
0  -O                                                                        (1 = 100.0%)
1  ... 

Histogram: Privacy.DIPS.ClearedSitesCount.Block3PC recorded 1 samples, mean = 0.0 (flags = 0x41)
0  -O                                                                        (1 = 100.0%)
1  ... 

Histogram: Privacy.DIPS.DIPSErrorCodes recorded 3 samples, mean = 2.0 (flags = 0x41)
0  --O                                                                       (2 = 66.7%)
1  ... 
6  -O                                                                        (1 = 33.3%) {66.7%}
7  ... 

Histogram: Privacy.DIPS.Database.Operation.FilterSitesWithProtectiveEventTime recorded 1 samples, mean = 0.0 (flags = 0x41)
0  -O                                                                        (1 = 100.0%)
1  ... 

Histogram: Privacy.DIPS.Database.Operation.GetSitesThatBouncedWithStateTime recorded 1 samples, mean = 0.0 (flags = 0x41)
0  -O                                                                        (1 = 100.0%)
1  ... 

Histogram: Privacy.DIPS.Database.Operation.InitTime recorded 1 samples, mean = 2.0 (flags = 0x41)
0  ... 
2  -O                                                                        (1 = 100.0%) {0.0%}
3  ... 

Histogram: Privacy.DIPS.Database.Operation.ReadPopupTime recorded 1 samples, mean = 0.0 (flags = 0x41)
0  -O                                                                        (1 = 100.0%)
1  ... 

Histogram: Privacy.DIPS.Database.Operation.ReadTime recorded 3 samples, mean = 0.0 (flags = 0x41)
0  ---O                                                                      (3 = 100.0%)
1  ... 

Histogram: Privacy.DIPS.Database.Operation.RemoveRowsTime recorded 1 samples, mean = 5.0 (flags = 0x41)
0  ... 
5  -O                                                                        (1 = 100.0%) {0.0%}
6  ... 

Histogram: Privacy.DIPS.Database.Operation.WriteTime recorded 1 samples, mean = 16.0 (flags = 0x41)
0   ... 
14  -O                                                                        (1 = 100.0%) {0.0%}
17  ... 

Histogram: Privacy.DIPS.DatabaseEntryCount recorded 1 samples, mean = 2.0 (flags = 0x41)
0  ... 
2  -O                                                                        (1 = 100.0%) {0.0%}
3  ... 

Histogram: Privacy.DIPS.DatabaseHealthMetricsTime recorded 1 samples, mean = 1.0 (flags = 0x41)
0  O                                                                         (0 = 0.0%)
1  -O                                                                        (1 = 100.0%) {0.0%}
2  ... 

Histogram: Privacy.DIPS.DatabaseInit recorded 1 samples, mean = 1.0 (flags = 0x41)
0  O                                                                         (0 = 0.0%)
1  -O                                                                        (1 = 100.0%) {0.0%}
2  ... 

Histogram: Privacy.DIPS.DatabaseSize recorded 1 samples, mean = 36.0 (flags = 0x41)
0  -O                                                                        (1 = 100.0%)
1000... 

Histogram: Privacy.DoNotTrackSetting2 recorded 1 samples, mean = 0.0 (flags = 0x41)
0  -O                                                                        (1 = 100.0%)
1  ... 

Histogram: Privacy.ThirdPartyCookieBlockingSetting.RegularProfile recorded 1 samples, mean = 0.0 (flags = 0x41)
0  -O                                                                        (1 = 100.0%)
1  ... 

Histogram: PrivacyBudget.Identifiability.FinchConfigValidationResult recorded 1 samples, mean = 1.0 (flags = 0x41)
0  O                                                                         (0 = 0.0%)
1  -O                                                                        (1 = 100.0%) {0.0%}
2  O                                                                         (0 = 0.0%) {100.0%}

Histogram: PrivacySandbox.Attestations.EstimateMemoryUsage.AttestationsMap recorded 1 samples, mean = 24.0 (flags = 0x41)
0   ... 
24  -O                                                                        (1 = 100.0%) {0.0%}
29  ... 

Histogram: PrivacySandbox.Attestations.InitializationDuration.ComponentReadyFromApplicationStart recorded 1 samples, mean = 4609.0 (flags = 0x41)
0     ... 
4249  -O                                                                        (1 = 100.0%) {0.0%}
4904  ... 

Histogram: PrivacySandbox.Attestations.InitializationDuration.Parsing recorded 1 samples, mean = 1.0 (flags = 0x41)
0  O                                                                         (0 = 0.0%)
1  -O                                                                        (1 = 100.0%) {0.0%}
2  ... 

Histogram: PrivacySandbox.Attestations.Parsing.Status recorded 1 samples, mean = 0.0 (flags = 0x41)
0  -O                                                                        (1 = 100.0%)
1  ... 

Histogram: PrivacySandbox.NoticeRequirement.IsVariationCountryEmpty recorded 3 samples, mean = 1.0 (flags = 0x41)
0  O                                                                         (0 = 0.0%)
1  ---O                                                                      (3 = 100.0%) {0.0%}
2  O                                                                         (0 = 0.0%) {100.0%}

Histogram: PrivacySandbox.NoticeRequirement.IsVariationServiceReady recorded 3 samples, mean = 1.0 (flags = 0x41)
0  O                                                                         (0 = 0.0%)
1  ---O                                                                      (3 = 100.0%) {0.0%}
2  O                                                                         (0 = 0.0%) {100.0%}

Histogram: PrivacySandbox.TrackingProtection.OnboardingStartup.State recorded 1 samples, mean = 0.0 (flags = 0x41)
0  -O                                                                        (1 = 100.0%)
1  ... 

Histogram: PrivacySandbox.TrackingProtection.SilentOnboardingStartup.State recorded 1 samples, mean = 0.0 (flags = 0x41)
0  -O                                                                        (1 = 100.0%)
1  ... 

Histogram: Profile.AppCount recorded 1 samples, mean = 0.0 (flags = 0x41)
0  -O                                                                        (1 = 100.0%)
1  ... 

Histogram: Profile.BookmarksSize recorded 1 samples, mean = 0.0 (flags = 0x41)
0  -O                                                                        (1 = 100.0%)
1  ... 

Histogram: Profile.CookiesSize recorded 1 samples, mean = 0.0 (flags = 0x41)
0  -O                                                                        (1 = 100.0%)
1  ... 

Histogram: Profile.Destroyer.OffTheRecord recorded 1 samples, mean = 1.0 (flags = 0x41)
0  O                                                                         (0 = 0.0%)
1  -O                                                                        (1 = 100.0%) {0.0%}
2  ... 

Histogram: Profile.DidDestroyProfileBeforeShutdown recorded 1 samples, mean = 0.0 (flags = 0x41)
0  -O                                                                        (1 = 100.0%)
1  ... 

Histogram: Profile.ExtensionSize recorded 1 samples, mean = 0.0 (flags = 0x41)
0  -O                                                                        (1 = 100.0%)
1  ... 

Histogram: Profile.FaviconsSize recorded 1 samples, mean = 0.0 (flags = 0x41)
0  -O                                                                        (1 = 100.0%)
1  ... 

Histogram: Profile.HistorySize recorded 1 samples, mean = 0.0 (flags = 0x41)
0  -O                                                                        (1 = 100.0%)
1  ... 

Histogram: Profile.KeepAliveLeakAtShutdown recorded 2 samples, mean = 3.5 (flags = 0x41)
0  -O                                                                        (1 = 50.0%)
1  ... 
7  -O                                                                        (1 = 50.0%) {50.0%}
8  ... 

Histogram: Profile.LiveProfileCount recorded 1 samples, mean = 1.0 (flags = 0x41)
0  O                                                                         (0 = 0.0%)
1  -O                                                                        (1 = 100.0%) {0.0%}
2  ... 

Histogram: Profile.TopSitesSize recorded 1 samples, mean = 0.0 (flags = 0x41)
0  -O                                                                        (1 = 100.0%)
1  ... 

Histogram: Profile.TotalHistorySize recorded 1 samples, mean = 0.0 (flags = 0x41)
0  -O                                                                        (1 = 100.0%)
1  ... 

Histogram: Profile.TotalSize recorded 1 samples, mean = 0.0 (flags = 0x41)
0  -O                                                                        (1 = 100.0%)
1  ... 

Histogram: Profile.TotalSizeRecursive recorded 1 samples, mean = 10.0 (flags = 0x41)
0   ... 
10  -O                                                                        (1 = 100.0%) {0.0%}
12  ... 

Histogram: Profile.TriggeredReset recorded 1 samples, mean = 0.0 (flags = 0x41)
0  -O                                                                        (1 = 100.0%)
1  ... 

Histogram: Profile.VisitedLinksSize recorded 1 samples, mean = 0.0 (flags = 0x41)
0  -O                                                                        (1 = 100.0%)
1  ... 

Histogram: Profile.WebDataSize recorded 1 samples, mean = 0.0 (flags = 0x41)
0  -O                                                                        (1 = 100.0%)
1  ... 

Histogram: Profile.ZombieProfileCount recorded 1 samples, mean = 0.0 (flags = 0x41)
0  -O                                                                        (1 = 100.0%)
1  ... 

Histogram: ProfilePicker.StartupMode.CreateInitialProfile recorded 1 samples, mean = 0.0 (flags = 0x41)
0  -O                                                                        (1 = 100.0%)
1  ... 

Histogram: ProfilePicker.StartupMode.GetStartupProfile recorded 1 samples, mean = 0.0 (flags = 0x41)
0  -O                                                                        (1 = 100.0%)
1  ... 

Histogram: ProfilePicker.StartupReason.GetStartupProfile recorded 1 samples, mean = 27.0 (flags = 0x41)
0   ... 
27  -O                                                                        (1 = 100.0%) {0.0%}
28  ... 

Histogram: ProtoDB.GetErrorStatus.Metadata recorded 0 samples (flags = 0x41)
0 ... 

Histogram: ProtoDB.GetFound.Metadata recorded 18 samples, mean = 1.0 (flags = 0x41)
0  O                                                                         (0 = 0.0%)
1  ------------------O                                                       (18 = 100.0%) {0.0%}
2  O                                                                         (0 = 0.0%) {100.0%}

Histogram: ProtoDB.GetSuccess.Metadata recorded 18 samples, mean = 1.0 (flags = 0x41)
0  O                                                                         (0 = 0.0%)
1  ------------------O                                                       (18 = 100.0%) {0.0%}
2  O                                                                         (0 = 0.0%) {100.0%}

Histogram: ProtoDB.InitStatus.BudgetManager recorded 1 samples, mean = 4.0 (flags = 0x41)
0  ... 
4  -O                                                                        (1 = 100.0%) {0.0%}
5  ... 

Histogram: ProtoDB.InitStatus.CartDatabase recorded 1 samples, mean = 4.0 (flags = 0x41)
0  ... 
4  -O                                                                        (1 = 100.0%) {0.0%}
5  ... 

Histogram: ProtoDB.InitStatus.ClientCertificatesDatabase recorded 1 samples, mean = 4.0 (flags = 0x41)
0  ... 
4  -O                                                                        (1 = 100.0%) {0.0%}
5  ... 

Histogram: ProtoDB.InitStatus.CommerceParcelTrackingDatabase recorded 1 samples, mean = 4.0 (flags = 0x41)
0  ... 
4  -O                                                                        (1 = 100.0%) {0.0%}
5  ... 

Histogram: ProtoDB.InitStatus.CommerceSubscriptionDatabase recorded 1 samples, mean = 4.0 (flags = 0x41)
0  ... 
4  -O                                                                        (1 = 100.0%) {0.0%}
5  ... 

Histogram: ProtoDB.InitStatus.CouponDatabase recorded 1 samples, mean = 4.0 (flags = 0x41)
0  ... 
4  -O                                                                        (1 = 100.0%) {0.0%}
5  ... 

Histogram: ProtoDB.InitStatus.DiscountsDatabase recorded 1 samples, mean = 4.0 (flags = 0x41)
0  ... 
4  -O                                                                        (1 = 100.0%) {0.0%}
5  ... 

Histogram: ProtoDB.InitStatus.DownloadDB recorded 1 samples, mean = 4.0 (flags = 0x41)
0  ... 
4  -O                                                                        (1 = 100.0%) {0.0%}
5  ... 

Histogram: ProtoDB.InitStatus.DownloadService recorded 1 samples, mean = 4.0 (flags = 0x41)
0  ... 
4  -O                                                                        (1 = 100.0%) {0.0%}
5  ... 

Histogram: ProtoDB.InitStatus.FeatureEngagementTrackerAvailabilityStore recorded 1 samples, mean = 4.0 (flags = 0x41)
0  ... 
4  -O                                                                        (1 = 100.0%) {0.0%}
5  ... 

Histogram: ProtoDB.InitStatus.FeatureEngagementTrackerEventStore recorded 1 samples, mean = 4.0 (flags = 0x41)
0  ... 
4  -O                                                                        (1 = 100.0%) {0.0%}
5  ... 

Histogram: ProtoDB.InitStatus.GCMKeyStore recorded 1 samples, mean = 0.0 (flags = 0x41)
0  -O                                                                        (1 = 100.0%)
1  ... 

Histogram: ProtoDB.InitStatus.Metadata recorded 1 samples, mean = 0.0 (flags = 0x41)
0  -O                                                                        (1 = 100.0%)
1  ... 

Histogram: ProtoDB.InitStatus.PersistentOriginTrials recorded 1 samples, mean = 4.0 (flags = 0x41)
0  ... 
4  -O                                                                        (1 = 100.0%) {0.0%}
5  ... 

Histogram: ProtoDB.InitStatus.PreviewsHintCacheStore recorded 1 samples, mean = 4.0 (flags = 0x41)
0  ... 
4  -O                                                                        (1 = 100.0%) {0.0%}
5  ... 

Histogram: ProtoDB.InitStatus.SegmentInfoDatabase recorded 1 samples, mean = 4.0 (flags = 0x41)
0  ... 
4  -O                                                                        (1 = 100.0%) {0.0%}
5  ... 

Histogram: ProtoDB.InitStatus.SharedDb recorded 1 samples, mean = 0.0 (flags = 0x41)
0  -O                                                                        (1 = 100.0%)
1  ... 

Histogram: ProtoDB.InitStatus.SignalDatabase recorded 1 samples, mean = 4.0 (flags = 0x41)
0  ... 
4  -O                                                                        (1 = 100.0%) {0.0%}
5  ... 

Histogram: ProtoDB.InitStatus.SignalStorageConfigDatabase recorded 1 samples, mean = 4.0 (flags = 0x41)
0  ... 
4  -O                                                                        (1 = 100.0%) {0.0%}
5  ... 

Histogram: ProtoDB.InitStatus.StrikeService recorded 1 samples, mean = 4.0 (flags = 0x41)
0  ... 
4  -O                                                                        (1 = 100.0%) {0.0%}
5  ... 

Histogram: ProtoDB.LoadEntriesSuccess.CartDatabase recorded 1 samples, mean = 1.0 (flags = 0x41)
0  O                                                                         (0 = 0.0%)
1  -O                                                                        (1 = 100.0%) {0.0%}
2  O                                                                         (0 = 0.0%) {100.0%}

Histogram: ProtoDB.LoadEntriesSuccess.CommerceSubscriptionDatabase recorded 1 samples, mean = 1.0 (flags = 0x41)
0  O                                                                         (0 = 0.0%)
1  -O                                                                        (1 = 100.0%) {0.0%}
2  O                                                                         (0 = 0.0%) {100.0%}

Histogram: ProtoDB.LoadEntriesSuccess.CouponDatabase recorded 1 samples, mean = 1.0 (flags = 0x41)
0  O                                                                         (0 = 0.0%)
1  -O                                                                        (1 = 100.0%) {0.0%}
2  O                                                                         (0 = 0.0%) {100.0%}

Histogram: ProtoDB.LoadEntriesSuccess.DownloadDB recorded 1 samples, mean = 1.0 (flags = 0x41)
0  O                                                                         (0 = 0.0%)
1  -O                                                                        (1 = 100.0%) {0.0%}
2  O                                                                         (0 = 0.0%) {100.0%}

Histogram: ProtoDB.LoadEntriesSuccess.DownloadService recorded 1 samples, mean = 1.0 (flags = 0x41)
0  O                                                                         (0 = 0.0%)
1  -O                                                                        (1 = 100.0%) {0.0%}
2  O                                                                         (0 = 0.0%) {100.0%}

Histogram: ProtoDB.LoadEntriesSuccess.FeatureEngagementTrackerAvailabilityStore recorded 1 samples, mean = 1.0 (flags = 0x41)
0  O                                                                         (0 = 0.0%)
1  -O                                                                        (1 = 100.0%) {0.0%}
2  O                                                                         (0 = 0.0%) {100.0%}

Histogram: ProtoDB.LoadEntriesSuccess.FeatureEngagementTrackerEventStore recorded 1 samples, mean = 1.0 (flags = 0x41)
0  O                                                                         (0 = 0.0%)
1  -O                                                                        (1 = 100.0%) {0.0%}
2  O                                                                         (0 = 0.0%) {100.0%}

Histogram: ProtoDB.LoadEntriesSuccess.GCMKeyStore recorded 1 samples, mean = 1.0 (flags = 0x41)
0  O                                                                         (0 = 0.0%)
1  -O                                                                        (1 = 100.0%) {0.0%}
2  O                                                                         (0 = 0.0%) {100.0%}

Histogram: ProtoDB.LoadEntriesSuccess.PersistentOriginTrials recorded 1 samples, mean = 1.0 (flags = 0x41)
0  O                                                                         (0 = 0.0%)
1  -O                                                                        (1 = 100.0%) {0.0%}
2  O                                                                         (0 = 0.0%) {100.0%}

Histogram: ProtoDB.LoadEntriesSuccess.SegmentInfoDatabase recorded 1 samples, mean = 1.0 (flags = 0x41)
0  O                                                                         (0 = 0.0%)
1  -O                                                                        (1 = 100.0%) {0.0%}
2  O                                                                         (0 = 0.0%) {100.0%}

Histogram: ProtoDB.LoadEntriesSuccess.SignalStorageConfigDatabase recorded 1 samples, mean = 1.0 (flags = 0x41)
0  O                                                                         (0 = 0.0%)
1  -O                                                                        (1 = 100.0%) {0.0%}
2  O                                                                         (0 = 0.0%) {100.0%}

Histogram: ProtoDB.LoadKeysAndEntriesSuccess.PreviewsHintCacheStore recorded 3 samples, mean = 1.0 (flags = 0x41)
0  O                                                                         (0 = 0.0%)
1  ---O                                                                      (3 = 100.0%) {0.0%}
2  O                                                                         (0 = 0.0%) {100.0%}

Histogram: ProtoDB.LoadKeysAndEntriesSuccess.StrikeService recorded 1 samples, mean = 1.0 (flags = 0x41)
0  O                                                                         (0 = 0.0%)
1  -O                                                                        (1 = 100.0%) {0.0%}
2  O                                                                         (0 = 0.0%) {100.0%}

Histogram: ProtoDB.SharedDbInitStatus recorded 55 samples, mean = 11.5 (flags = 0x41)
0   -------------------O                                                      (19 = 34.5%)
1   ... 
11  -----------------O                                                        (17 = 30.9%) {34.5%}
12  ... 
23  -----------------O                                                        (17 = 30.9%) {65.5%}
24  ... 
27  --O                                                                       (2 = 3.6%) {96.4%}
28  ... 

Histogram: ProtoDB.UpdateErrorStatus.CartDatabase recorded 0 samples (flags = 0x41)
0 ... 

Histogram: ProtoDB.UpdateErrorStatus.CouponDatabase recorded 0 samples (flags = 0x41)
0 ... 

Histogram: ProtoDB.UpdateErrorStatus.Default recorded 0 samples (flags = 0x41)
0 ... 

Histogram: ProtoDB.UpdateErrorStatus.FeatureEngagementTrackerAvailabilityStore recorded 0 samples (flags = 0x41)
0 ... 

Histogram: ProtoDB.UpdateErrorStatus.Metadata recorded 0 samples (flags = 0x41)
0 ... 

Histogram: ProtoDB.UpdateErrorStatus.PreviewsHintCacheStore recorded 0 samples (flags = 0x41)
0 ... 

Histogram: ProtoDB.UpdateErrorStatus.SegmentInfoDatabase recorded 0 samples (flags = 0x41)
0 ... 

Histogram: ProtoDB.UpdateSuccess.CartDatabase recorded 1 samples, mean = 1.0 (flags = 0x41)
0  O                                                                         (0 = 0.0%)
1  -O                                                                        (1 = 100.0%) {0.0%}
2  O                                                                         (0 = 0.0%) {100.0%}

Histogram: ProtoDB.UpdateSuccess.CouponDatabase recorded 1 samples, mean = 1.0 (flags = 0x41)
0  O                                                                         (0 = 0.0%)
1  -O                                                                        (1 = 100.0%) {0.0%}
2  O                                                                         (0 = 0.0%) {100.0%}

Histogram: ProtoDB.UpdateSuccess.Default recorded 5 samples, mean = 1.0 (flags = 0x41)
0  O                                                                         (0 = 0.0%)
1  -----O                                                                    (5 = 100.0%) {0.0%}
2  O                                                                         (0 = 0.0%) {100.0%}

Histogram: ProtoDB.UpdateSuccess.FeatureEngagementTrackerAvailabilityStore recorded 1 samples, mean = 1.0 (flags = 0x41)
0  O                                                                         (0 = 0.0%)
1  -O                                                                        (1 = 100.0%) {0.0%}
2  O                                                                         (0 = 0.0%) {100.0%}

Histogram: ProtoDB.UpdateSuccess.Metadata recorded 1 samples, mean = 1.0 (flags = 0x41)
0  O                                                                         (0 = 0.0%)
1  -O                                                                        (1 = 100.0%) {0.0%}
2  O                                                                         (0 = 0.0%) {100.0%}

Histogram: ProtoDB.UpdateSuccess.PreviewsHintCacheStore recorded 1 samples, mean = 1.0 (flags = 0x41)
0  O                                                                         (0 = 0.0%)
1  -O                                                                        (1 = 100.0%) {0.0%}
2  O                                                                         (0 = 0.0%) {100.0%}

Histogram: ProtoDB.UpdateSuccess.SegmentInfoDatabase recorded 11 samples, mean = 1.0 (flags = 0x41)
0  O                                                                         (0 = 0.0%)
1  -----------O                                                              (11 = 100.0%) {0.0%}
2  O                                                                         (0 = 0.0%) {100.0%}

Histogram: Quota.AvailableDiskSpace recorded 2 samples, mean = 682584.5 (flags = 0x41)
0       ... 
655169  --O                                                                       (2 = 100.0%) {0.0%}
764286  ... 

Histogram: Quota.GlobalTemporaryPoolSize recorded 2 samples, mean = 780346.0 (flags = 0x41)
0       ... 
764286  --O                                                                       (2 = 100.0%) {0.0%}
891576  ... 

Histogram: Quota.PercentDiskAvailable recorded 2 samples, mean = 69.0 (flags = 0x41)
0   ... 
69  --O                                                                       (2 = 100.0%) {0.0%}
70  ... 

Histogram: Quota.TotalDiskSpace recorded 2 samples, mean = 975432.0 (flags = 0x41)
0       ... 
891576  --O                                                                       (2 = 100.0%) {0.0%}
1040066 ... 

Histogram: Quota.TotalDiskSpaceIsZero recorded 2 samples, mean = 0.0 (flags = 0x41)
0  --O                                                                       (2 = 100.0%)
1  ... 

Histogram: ReadingList.Read.Count.OnModelLoaded.AccountStorage recorded 1 samples, mean = 0.0 (flags = 0x41)
0  -O                                                                        (1 = 100.0%)
1  ... 

Histogram: ReadingList.Read.Count.OnModelLoaded.LocalStorage recorded 1 samples, mean = 0.0 (flags = 0x41)
0  -O                                                                        (1 = 100.0%)
1  ... 

Histogram: ReadingList.Unread.Count.OnModelLoaded.AccountStorage recorded 1 samples, mean = 0.0 (flags = 0x41)
0  -O                                                                        (1 = 100.0%)
1  ... 

Histogram: ReadingList.Unread.Count.OnModelLoaded.LocalStorage recorded 1 samples, mean = 0.0 (flags = 0x41)
0  -O                                                                        (1 = 100.0%)
1  ... 

Histogram: Renderer.Core.Timing.Performance.SwapsPerPerformanceEntryInsertion recorded 49 samples, mean = 0.9 (flags = 0x41)
0  ------------------------------------O                                     (36 = 73.5%)
1  ----O                                                                     (4 = 8.2%) {73.5%}
2  ---O                                                                      (3 = 6.1%) {81.6%}
3  -O                                                                        (1 = 2.0%) {87.8%}
4  -O                                                                        (1 = 2.0%) {89.8%}
5  O                                                                         (0 = 0.0%) {91.8%}
6  --O                                                                       (2 = 4.1%) {91.8%}
7  --O                                                                       (2 = 4.1%) {95.9%}
8  ... 

Histogram: Renderer.CriticalFonts.BlockingResourcesLoadTime recorded 1 samples, mean = 6505.0 (flags = 0x41)
0     ... 
5961  -O                                                                        (1 = 100.0%) {0.0%}
7083  ... 

Histogram: Renderer.CriticalFonts.CriticalFontDelay recorded 1 samples, mean = 0.0 (flags = 0x41)
0  -O                                                                        (1 = 100.0%)
1  ... 

Histogram: Renderer.CriticalFonts.PreloadedFontsLoadTime recorded 1 samples, mean = 6320.0 (flags = 0x41)
0     ... 
5961  -O                                                                        (1 = 100.0%) {0.0%}
7083  ... 

Histogram: Renderer.Font.PrimaryFont.DomContentLoaded recorded 1 samples, mean = 0.0 (flags = 0x41)
0  -O                                                                        (1 = 100.0%)
1  ... 

Histogram: Renderer.Font.PrimaryFont.DomContentLoaded.Style recorded 1 samples, mean = 0.0 (flags = 0x41)
0  -O                                                                        (1 = 100.0%)
1  ... 

Histogram: Renderer.Font.SystemFallback.DomContentLoaded recorded 1 samples, mean = 0.0 (flags = 0x41)
0  -O                                                                        (1 = 100.0%)
1  ... 

Histogram: Renderer.Layout.TextWrapBalance recorded 3 samples, mean = 0.0 (flags = 0x41)
0  ---O                                                                      (3 = 100.0%)
1  ... 

Histogram: Renderer.ProcessLifetime3 recorded 2 samples, mean = 936625.5 (flags = 0x41)
0        ... 
1261     -O                                                                        (1 = 50.0%) {0.0%}
1416     ... 
1674515  -O                                                                        (1 = 50.0%) {50.0%}
1880444  ... 

Histogram: Renderer.ProcessLifetime3.MainFrame recorded 1 samples, mean = 1871913.0 (flags = 0x41)
0        ... 
1674515  -O                                                                        (1 = 100.0%) {0.0%}
1880444  ... 

Histogram: Renderer.ProcessLifetime3.Speculative recorded 1 samples, mean = 1338.0 (flags = 0x41)
0     ... 
1261  -O                                                                        (1 = 100.0%) {0.0%}
1416  ... 

Histogram: Renderer.ReduceSubresourceResponseIPC.DidNotifyBrowser recorded 45 samples, mean = 1.0 (flags = 0x41)
0  O                                                                         (0 = 0.0%)
1  ---------------------------------------------O                            (45 = 100.0%) {0.0%}
2  O                                                                         (0 = 0.0%) {100.0%}

Histogram: Renderer4.GpuImageDecodeState recorded 1 samples, mean = 0.0 (flags = 0x41)
0  -O                                                                        (1 = 100.0%)
1  ... 

Histogram: Renderer4.GpuImageDecodeState.CachePeakUsagePercent recorded 2 samples, mean = 1.0 (flags = 0x41)
0  O                                                                         (0 = 0.0%)
1  --O                                                                       (2 = 100.0%) {0.0%}
2  ... 

Histogram: Renderer4.GpuImageDecodeState.FirstLockWasted recorded 1 samples, mean = 1.0 (flags = 0x41)
0  O                                                                         (0 = 0.0%)
1  -O                                                                        (1 = 100.0%) {0.0%}
2  O                                                                         (0 = 0.0%) {100.0%}

Histogram: Renderer4.GpuImageDecodeState.FirstLockWasted.OutOfRaster recorded 1 samples, mean = 1.0 (flags = 0x41)
0  O                                                                         (0 = 0.0%)
1  -O                                                                        (1 = 100.0%) {0.0%}
2  O                                                                         (0 = 0.0%) {100.0%}

Histogram: Renderer4.GpuRasterizationEnabled recorded 1 samples, mean = 1.0 (flags = 0x41)
0  O                                                                         (0 = 0.0%)
1  -O                                                                        (1 = 100.0%) {0.0%}
2  O                                                                         (0 = 0.0%) {100.0%}

Histogram: Renderer4.ImageDecodeTaskDurationUs.OutOfRaster.Gpu recorded 1 samples, mean = 31723.0 (flags = 0x41)
0      ... 
27864  -O                                                                        (1 = 100.0%) {0.0%}
36699  ... 

Histogram: Renderer4.ImageDecodeTaskDurationUs.WebP.Gpu recorded 1 samples, mean = 31723.0 (flags = 0x41)
0      ... 
27864  -O                                                                        (1 = 100.0%) {0.0%}
36699  ... 

Histogram: RendererScheduler.RendererMainThreadLoad5 recorded 1882 samples, mean = 0.1 (flags = 0x41)
0   ------------------------------------------------------------------------O (1877 = 99.7%)
1   O                                                                         (2 = 0.1%) {99.7%}
2   ... 
10  O                                                                         (1 = 0.1%) {99.8%}
11  ... 
58  O                                                                         (1 = 0.1%) {99.9%}
59  ... 
70  O                                                                         (1 = 0.1%) {99.9%}
71  ... 

Histogram: RendererScheduler.RendererMainThreadLoad5.Background recorded 1 samples, mean = 1.0 (flags = 0x41)
0  O                                                                         (0 = 0.0%)
1  -O                                                                        (1 = 100.0%) {0.0%}
2  ... 

Histogram: RendererScheduler.RendererMainThreadLoad5.Foreground recorded 1880 samples, mean = 0.1 (flags = 0x41)
0   ------------------------------------------------------------------------O (1876 = 99.8%)
1   O                                                                         (1 = 0.1%) {99.8%}
2   ... 
10  O                                                                         (1 = 0.1%) {99.8%}
11  ... 
58  O                                                                         (1 = 0.1%) {99.9%}
59  ... 
71  O                                                                         (1 = 0.1%) {99.9%}
72  ... 

Histogram: RendererScheduler.RendererMainThreadLoad5.Foreground.AfterFirstMinute recorded 1811 samples, mean = 0.0 (flags = 0x41)
0  ------------------------------------------------------------------------O (1811 = 100.0%)
1  ... 

Histogram: ReportingAndNEL.NumberOfLoadedNELPolicies recorded 1 samples, mean = 0.0 (flags = 0x41)
0  -O                                                                        (1 = 100.0%)
1  ... 

Histogram: ReportingAndNEL.NumberOfLoadedNELPolicies2 recorded 1 samples, mean = 0.0 (flags = 0x41)
0  -O                                                                        (1 = 100.0%)
1  ... 

Histogram: ReportingAndNEL.TimeInitializeDB recorded 1 samples, mean = 1.0 (flags = 0x41)
0  O                                                                         (0 = 0.0%)
1  -O                                                                        (1 = 100.0%) {0.0%}
2  ... 

Histogram: ResourceScheduler.RequestQueuingDuration.Priority1 recorded 25 samples, mean = 0.0 (flags = 0x41)
0  -------------------------O                                                (25 = 100.0%)
1  ... 

Histogram: ResourceScheduler.RequestQueuingDuration.Priority2 recorded 28 samples, mean = 0.0 (flags = 0x41)
0  ----------------------------O                                             (28 = 100.0%)
1  ... 

Histogram: ResourceScheduler.RequestQueuingDuration.Priority3 recorded 1 samples, mean = 0.0 (flags = 0x41)
0  -O                                                                        (1 = 100.0%)
1  ... 

Histogram: ResourceScheduler.RequestQueuingDuration.Priority4 recorded 5 samples, mean = 0.0 (flags = 0x41)
0  -----O                                                                    (5 = 100.0%)
1  ... 

Histogram: ResourceScheduler.RequestQueuingDuration.Priority5 recorded 14 samples, mean = 0.0 (flags = 0x41)
0  --------------O                                                           (14 = 100.0%)
1  ... 

Histogram: SBClientPhishing.Classifier.Event recorded 2 samples, mean = 1.0 (flags = 0x41)
0  O                                                                         (0 = 0.0%)
1  --O                                                                       (2 = 100.0%) {0.0%}
2  ... 

Histogram: SBClientPhishing.HighConfidenceAllowlistCheckDuration recorded 1 samples, mean = 77.0 (flags = 0x41)
0   ... 
66  -O                                                                        (1 = 100.0%) {0.0%}
84  ... 

Histogram: SBClientPhishing.ImageEmbedder.Event recorded 2 samples, mean = 1.0 (flags = 0x41)
0  O                                                                         (0 = 0.0%)
1  --O                                                                       (2 = 100.0%) {0.0%}
2  ... 

Histogram: SBClientPhishing.LoadReportTimesFromPrefAtServiceCreationSuccessful recorded 1 samples, mean = 1.0 (flags = 0x41)
0  O                                                                         (0 = 0.0%)
1  -O                                                                        (1 = 100.0%) {0.0%}
2  O                                                                         (0 = 0.0%) {100.0%}

Histogram: SBClientPhishing.MatchHighConfidenceAllowlist recorded 1 samples, mean = 3.0 (flags = 0x41)
0  ... 
3  -O                                                                        (1 = 100.0%) {0.0%}
4  O                                                                         (0 = 0.0%) {100.0%}

Histogram: SBClientPhishing.MatchHighConfidenceAllowlist.TriggerModel recorded 1 samples, mean = 3.0 (flags = 0x41)
0  ... 
3  -O                                                                        (1 = 100.0%) {0.0%}
4  O                                                                         (0 = 0.0%) {100.0%}

Histogram: SBClientPhishing.PreClassificationCheckResult recorded 1 samples, mean = 3.0 (flags = 0x41)
0  ... 
3  -O                                                                        (1 = 100.0%) {0.0%}
4  ... 

Histogram: SBIRS.DroppedIncident recorded 1 samples, mean = 1.0 (flags = 0x41)
0  O                                                                         (0 = 0.0%)
1  -O                                                                        (1 = 100.0%) {0.0%}
2  ... 

Histogram: SBIRS.ReceivedIncident recorded 1 samples, mean = 1.0 (flags = 0x41)
0  O                                                                         (0 = 0.0%)
1  -O                                                                        (1 = 100.0%) {0.0%}
2  ... 

Histogram: SSL.Experimental.SubresourceResponse recorded 45 samples, mean = 0.0 (flags = 0x41)
0  ---------------------------------------------O                            (45 = 100.0%)
1  ... 

Histogram: SafeBrowsing.AsyncCheck.CommittedNavigationIdsSize recorded 5 samples, mean = 1.6 (flags = 0x41)
0  -O                                                                        (1 = 20.0%)
1  -O                                                                        (1 = 20.0%) {20.0%}
2  --O                                                                       (2 = 40.0%) {40.0%}
3  -O                                                                        (1 = 20.0%) {80.0%}
4  ... 

Histogram: SafeBrowsing.BrowserThrottle.CheckerOnIOLifetime recorded 1 samples, mean = 2202.0 (flags = 0x41)
0     ... 
1901  -O                                                                        (1 = 100.0%) {0.0%}
2415  ... 

Histogram: SafeBrowsing.BrowserThrottle.IntervalBetweenStartAndProcess recorded 1 samples, mean = 2202.0 (flags = 0x41)
0     ... 
2117  -O                                                                        (1 = 100.0%) {0.0%}
2516  ... 

Histogram: SafeBrowsing.BrowserThrottle.IntervalBetweenStartAndProcess.FromNetwork recorded 1 samples, mean = 2202.0 (flags = 0x41)
0     ... 
2117  -O                                                                        (1 = 100.0%) {0.0%}
2516  ... 

Histogram: SafeBrowsing.BrowserThrottle.IsCheckCompletedOnProcessResponse recorded 1 samples, mean = 1.0 (flags = 0x41)
0  O                                                                         (0 = 0.0%)
1  -O                                                                        (1 = 100.0%) {0.0%}
2  O                                                                         (0 = 0.0%) {100.0%}

Histogram: SafeBrowsing.BrowserThrottle.RequestDestination recorded 1 samples, mean = 3.0 (flags = 0x41)
0  ... 
3  -O                                                                        (1 = 100.0%) {0.0%}
4  ... 

Histogram: SafeBrowsing.BrowserThrottle.RequestDestination.Checked recorded 1 samples, mean = 3.0 (flags = 0x41)
0  ... 
3  -O                                                                        (1 = 100.0%) {0.0%}
4  ... 

Histogram: SafeBrowsing.BrowserThrottle.TotalDelay2.FromNetwork recorded 1 samples, mean = 0.0 (flags = 0x41)
0  -O                                                                        (1 = 100.0%)
1  ... 

Histogram: SafeBrowsing.BrowserThrottle.TotalDelay2.HashPrefixDatabaseCheck recorded 2 samples, mean = 0.0 (flags = 0x41)
0  --O                                                                       (2 = 100.0%)
1  ... 

Histogram: SafeBrowsing.BrowserThrottle.WillProcessResponseCount recorded 1 samples, mean = 1.0 (flags = 0x41)
0  O                                                                         (0 = 0.0%)
1  -O                                                                        (1 = 100.0%) {0.0%}
2  ... 

Histogram: SafeBrowsing.CheckBrowseUrl.HasLocalMatch recorded 2 samples, mean = 1.0 (flags = 0x41)
0  O                                                                         (0 = 0.0%)
1  --O                                                                       (2 = 100.0%) {0.0%}
2  O                                                                         (0 = 0.0%) {100.0%}

Histogram: SafeBrowsing.CheckUrl.Action recorded 2 samples, mean = 0.0 (flags = 0x41)
0  --O                                                                       (2 = 100.0%)
1  ... 

Histogram: SafeBrowsing.CheckUrl.FirstRequestThreatType2 recorded 1 samples, mean = 1.0 (flags = 0x41)
0  O                                                                         (0 = 0.0%)
1  -O                                                                        (1 = 100.0%) {0.0%}
2  ... 

Histogram: SafeBrowsing.CheckUrl.FirstRequestThreatType2.LocalPVer4 recorded 1 samples, mean = 1.0 (flags = 0x41)
0  O                                                                         (0 = 0.0%)
1  -O                                                                        (1 = 100.0%) {0.0%}
2  ... 

Histogram: SafeBrowsing.CheckUrl.FirstRequestTimedOut recorded 1 samples, mean = 0.0 (flags = 0x41)
0  -O                                                                        (1 = 100.0%)
1  ... 

Histogram: SafeBrowsing.CheckUrl.FirstRequestTimedOut.LocalPVer4 recorded 1 samples, mean = 0.0 (flags = 0x41)
0  -O                                                                        (1 = 100.0%)
1  ... 

Histogram: SafeBrowsing.CheckUrl.IsDocumentCheckPrefetch recorded 2 samples, mean = 0.0 (flags = 0x41)
0  --O                                                                       (2 = 100.0%)
1  ... 

Histogram: SafeBrowsing.CheckUrl.TimeTaken.HashDatabase recorded 2 samples, mean = 809.0 (flags = 0x41)
0     ... 
8     -O                                                                        (1 = 50.0%) {0.0%}
10    ... 
1500  -O                                                                        (1 = 50.0%) {50.0%}
1782  ... 

Histogram: SafeBrowsing.CheckUrl.Timeout recorded 2 samples, mean = 0.0 (flags = 0x41)
0  --O                                                                       (2 = 100.0%)
1  ... 

Histogram: SafeBrowsing.CheckUrl.UrlScheme recorded 2 samples, mean = 10.0 (flags = 0x41)
0   ... 
10  --O                                                                       (2 = 100.0%) {0.0%}
11  ... 

Histogram: SafeBrowsing.ClientSidePhishingDetection.AllowlistMatchResult recorded 1 samples, mean = 1.0 (flags = 0x41)
0  O                                                                         (0 = 0.0%)
1  -O                                                                        (1 = 100.0%) {0.0%}
2  ... 

Histogram: SafeBrowsing.FileTypeUpdate.DynamicUpdateResult recorded 1 samples (flags = 0x41)
1  -O                                                                        (1 = 100.0%)

Histogram: SafeBrowsing.FileTypeUpdate.DynamicUpdateVersion recorded 1 samples (flags = 0x41)
69  -O                                                                        (1 = 100.0%)

Histogram: SafeBrowsing.FileTypeUpdate.ResourceBundleResult recorded 1 samples (flags = 0x41)
1  -O                                                                        (1 = 100.0%)

Histogram: SafeBrowsing.FileTypeUpdate.ResourceBundleVersion recorded 1 samples (flags = 0x41)
66  -O                                                                        (1 = 100.0%)

Histogram: SafeBrowsing.HPRT.Cache.FullHashCount recorded 2 samples, mean = 0.0 (flags = 0x41)
0  --O                                                                       (2 = 100.0%)
1  ... 

Histogram: SafeBrowsing.HPRT.Cache.HashPrefixCount recorded 2 samples, mean = 0.0 (flags = 0x41)
0  --O                                                                       (2 = 100.0%)
1  ... 

Histogram: SafeBrowsing.HPRT.Ineligible.FeatureOff recorded 1 samples, mean = 0.0 (flags = 0x41)
0  -O                                                                        (1 = 100.0%)
1  ... 

Histogram: SafeBrowsing.HPRT.Ineligible.IneligibleForLocation recorded 1 samples, mean = 0.0 (flags = 0x41)
0  -O                                                                        (1 = 100.0%)
1  ... 

Histogram: SafeBrowsing.HPRT.Ineligible.IneligibleForSessionOrLocation recorded 1 samples, mean = 1.0 (flags = 0x41)
0  O                                                                         (0 = 0.0%)
1  -O                                                                        (1 = 100.0%) {0.0%}
2  O                                                                         (0 = 0.0%) {100.0%}

Histogram: SafeBrowsing.HPRT.Ineligible.NoGoogleChromeBranding recorded 1 samples, mean = 1.0 (flags = 0x41)
0  O                                                                         (0 = 0.0%)
1  -O                                                                        (1 = 100.0%) {0.0%}
2  O                                                                         (0 = 0.0%) {100.0%}

Histogram: SafeBrowsing.HPRT.Ineligible.NotAllowedByPolicy recorded 1 samples, mean = 0.0 (flags = 0x41)
0  -O                                                                        (1 = 100.0%)
1  ... 

Histogram: SafeBrowsing.HPRT.Ineligible.NotStandardProtection recorded 1 samples, mean = 0.0 (flags = 0x41)
0  -O                                                                        (1 = 100.0%)
1  ... 

Histogram: SafeBrowsing.HPRT.Ineligible.OffTheRecord recorded 1 samples, mean = 0.0 (flags = 0x41)
0  -O                                                                        (1 = 100.0%)
1  ... 

Histogram: SafeBrowsing.HasCookieAtStartup2 recorded 1 samples, mean = 0.0 (flags = 0x41)
0  -O                                                                        (1 = 100.0%)
1  ... 

Histogram: SafeBrowsing.PageLoadToken.TokenCount recorded 2 samples, mean = 0.0 (flags = 0x41)
0  --O                                                                       (2 = 100.0%)
1  ... 

Histogram: SafeBrowsing.Pref.Enhanced recorded 1 samples, mean = 0.0 (flags = 0x41)
0  -O                                                                        (1 = 100.0%)
1  ... 

Histogram: SafeBrowsing.Pref.Enhanced.RegularProfile recorded 1 samples, mean = 0.0 (flags = 0x41)
0  -O                                                                        (1 = 100.0%)
1  ... 

Histogram: SafeBrowsing.Pref.Extended recorded 1 samples, mean = 0.0 (flags = 0x41)
0  -O                                                                        (1 = 100.0%)
1  ... 

Histogram: SafeBrowsing.Pref.General recorded 1 samples, mean = 1.0 (flags = 0x41)
0  O                                                                         (0 = 0.0%)
1  -O                                                                        (1 = 100.0%) {0.0%}
2  O                                                                         (0 = 0.0%) {100.0%}

Histogram: SafeBrowsing.RT.CacheManager.CleanUpTime recorded 2 samples, mean = 1.0 (flags = 0x41)
0  -O                                                                        (1 = 50.0%)
1  O                                                                         (0 = 0.0%) {50.0%}
2  -O                                                                        (1 = 50.0%) {50.0%}
3  ... 

Histogram: SafeBrowsing.RT.CanCheckDatabase recorded 2 samples, mean = 1.0 (flags = 0x41)
0  O                                                                         (0 = 0.0%)
1  --O                                                                       (2 = 100.0%) {0.0%}
2  O                                                                         (0 = 0.0%) {100.0%}

Histogram: SafeBrowsing.RT.ConsumerVersionReason recorded 2 samples, mean = 1.0 (flags = 0x41)
0  -O                                                                        (1 = 50.0%)
1  O                                                                         (0 = 0.0%) {50.0%}
2  -O                                                                        (1 = 50.0%) {50.0%}
3  ... 

Histogram: SafeBrowsing.RendererThrottle.IsCheckCompletedOnProcessResponse recorded 45 samples, mean = 1.0 (flags = 0x41)
0  O                                                                         (0 = 0.0%)
1  ---------------------------------------------O                            (45 = 100.0%) {0.0%}
2  O                                                                         (0 = 0.0%) {100.0%}

Histogram: SafeBrowsing.RendererThrottle.RequestDestination recorded 45 samples, mean = 11.1 (flags = 0x41)
0   ----O                                                                     (4 = 8.9%)
1   ... 
5   -----O                                                                    (5 = 11.1%) {8.9%}
6   ... 
8   ---O                                                                      (3 = 6.7%) {20.0%}
9   -O                                                                        (1 = 2.2%) {26.7%}
10  ... 
13  ------------------------O                                                 (24 = 53.3%) {28.9%}
14  ... 
16  --------O                                                                 (8 = 17.8%) {82.2%}
17  ... 

Histogram: SafeBrowsing.V4Database.Size recorded 1 samples, mean = 0.0 (flags = 0x41)
0  -O                                                                        (1 = 100.0%)
1  ... 

Histogram: SafeBrowsing.V4Database.Size.ChromeExtMalware recorded 1 samples, mean = 0.0 (flags = 0x41)
0  -O                                                                        (1 = 100.0%)
1  ... 

Histogram: SafeBrowsing.V4Database.Size.UrlBilling recorded 1 samples, mean = 0.0 (flags = 0x41)
0  -O                                                                        (1 = 100.0%)
1  ... 

Histogram: SafeBrowsing.V4Database.Size.UrlCsdDownloadAllowlist recorded 1 samples, mean = 0.0 (flags = 0x41)
0  -O                                                                        (1 = 100.0%)
1  ... 

Histogram: SafeBrowsing.V4Database.Size.UrlMalBin recorded 1 samples, mean = 0.0 (flags = 0x41)
0  -O                                                                        (1 = 100.0%)
1  ... 

Histogram: SafeBrowsing.V4Database.Size.UrlMalware recorded 1 samples, mean = 0.0 (flags = 0x41)
0  -O                                                                        (1 = 100.0%)
1  ... 

Histogram: SafeBrowsing.V4Database.Size.UrlSoceng recorded 1 samples, mean = 0.0 (flags = 0x41)
0  -O                                                                        (1 = 100.0%)
1  ... 

Histogram: SafeBrowsing.V4Database.Size.UrlUws recorded 1 samples, mean = 0.0 (flags = 0x41)
0  -O                                                                        (1 = 100.0%)
1  ... 

Histogram: SafeBrowsing.V4Database.SizeLinear recorded 1 samples, mean = 0.0 (flags = 0x41)
0  -O                                                                        (1 = 100.0%)
1  ... 

Histogram: SafeBrowsing.V4Database.SizeLinear.ChromeExtMalware recorded 1 samples, mean = 0.0 (flags = 0x41)
0  -O                                                                        (1 = 100.0%)
1  ... 

Histogram: SafeBrowsing.V4Database.SizeLinear.UrlMalBin recorded 1 samples, mean = 0.0 (flags = 0x41)
0  -O                                                                        (1 = 100.0%)
1  ... 

Histogram: SafeBrowsing.V4Database.SizeLinear.UrlSoceng recorded 1 samples, mean = 0.0 (flags = 0x41)
0  -O                                                                        (1 = 100.0%)
1  ... 

Histogram: SafeBrowsing.V4DatabaseInitializationTime recorded 1 samples, mean = 4524.0 (flags = 0x41)
0     ... 
4222  -O                                                                        (1 = 100.0%) {0.0%}
5017  ... 

Histogram: SafeBrowsing.V4Store.IsStoreValid recorded 7 samples, mean = 0.0 (flags = 0x41)
0  -------O                                                                  (7 = 100.0%)
1  ... 

Histogram: SafeBrowsing.V4Store.IsStoreValid.ChromeExtMalware recorded 1 samples, mean = 0.0 (flags = 0x41)
0  -O                                                                        (1 = 100.0%)
1  ... 

Histogram: SafeBrowsing.V4Store.IsStoreValid.UrlBilling recorded 1 samples, mean = 0.0 (flags = 0x41)
0  -O                                                                        (1 = 100.0%)
1  ... 

Histogram: SafeBrowsing.V4Store.IsStoreValid.UrlCsdDownloadAllowlist recorded 1 samples, mean = 0.0 (flags = 0x41)
0  -O                                                                        (1 = 100.0%)
1  ... 

Histogram: SafeBrowsing.V4Store.IsStoreValid.UrlMalBin recorded 1 samples, mean = 0.0 (flags = 0x41)
0  -O                                                                        (1 = 100.0%)
1  ... 

Histogram: SafeBrowsing.V4Store.IsStoreValid.UrlMalware recorded 1 samples, mean = 0.0 (flags = 0x41)
0  -O                                                                        (1 = 100.0%)
1  ... 

Histogram: SafeBrowsing.V4Store.IsStoreValid.UrlSoceng recorded 1 samples, mean = 0.0 (flags = 0x41)
0  -O                                                                        (1 = 100.0%)
1  ... 

Histogram: SafeBrowsing.V4Store.IsStoreValid.UrlUws recorded 1 samples, mean = 0.0 (flags = 0x41)
0  -O                                                                        (1 = 100.0%)
1  ... 

Histogram: SafeBrowsing.V4Store.ReadyOnStartup recorded 7 samples, mean = 0.0 (flags = 0x41)
0  -------O                                                                  (7 = 100.0%)
1  ... 

Histogram: SafeBrowsing.V4StoreRead.Result recorded 7 samples, mean = 2.0 (flags = 0x41)
0  ... 
2  -------O                                                                  (7 = 100.0%) {0.0%}
3  ... 

Histogram: SafeBrowsing.V4Update.Network.Result recorded 2 samples (flags = 0x41)
400  --O                                                                       (2 = 100.0%)

Histogram: SafeBrowsing.V4Update.Result recorded 2 samples, mean = 2.0 (flags = 0x41)
0  ... 
2  --O                                                                       (2 = 100.0%) {0.0%}
3  ... 

Histogram: Scheduling.MessagePumpTimeKeeper.BrowserIO recorded 0 samples (flags = 0x41)
0 ... 

Histogram: Scheduling.MessagePumpTimeKeeper.BrowserUI recorded 0 samples (flags = 0x41)
0 ... 

Histogram: Scheduling.Renderer.DrawInterval2 recorded 1 samples, mean = 36847.0 (flags = 0x41)
0      ... 
35714  -O                                                                        (1 = 100.0%) {0.0%}
37037  ... 

Histogram: Scheduling.ThreadController.ActiveIntervalDuration.Any.BrowserUI recorded 28 samples, mean = 0.0 (flags = 0x41)
0  ----------------------------O                                             (28 = 100.0%)
1  ... 

Histogram: Scheduling.ThreadController.ActiveIntervalDuration.Any.Other recorded 60 samples, mean = 0.0 (flags = 0x41)
0  ------------------------------------------------------------O             (60 = 100.0%)
1  ... 

Histogram: Scheduling.ThreadController.ActiveIntervalDuration.Short.BrowserUI recorded 28 samples, mean = 1.4 (flags = 0x41)
0  ---O                                                                      (3 = 10.7%)
1  ------------------O                                                       (18 = 64.3%) {10.7%}
2  ---O                                                                      (3 = 10.7%) {75.0%}
3  --O                                                                       (2 = 7.1%) {85.7%}
4  --O                                                                       (2 = 7.1%) {92.9%}
5  ... 

Histogram: Scheduling.ThreadController.ActiveIntervalDuration.Short.Other recorded 60 samples, mean = 34.7 (flags = 0x41)
0    ... 
5    --O                                                                       (2 = 3.3%) {0.0%}
6    ---O                                                                      (3 = 5.0%) {3.3%}
7    -----------O                                                              (11 = 18.3%) {8.3%}
8    ----------------O                                                         (16 = 26.7%) {26.7%}
9    --O                                                                       (2 = 3.3%) {53.3%}
10   --O                                                                       (2 = 3.3%) {56.7%}
11   ... 
14   -O                                                                        (1 = 1.7%) {60.0%}
15   ... 
25   --O                                                                       (2 = 3.3%) {61.7%}
26   ... 
31   -O                                                                        (1 = 1.7%) {65.0%}
33   --O                                                                       (2 = 3.3%) {66.7%}
35   --O                                                                       (2 = 3.3%) {70.0%}
37   --O                                                                       (2 = 3.3%) {73.3%}
39   -O                                                                        (1 = 1.7%) {76.7%}
41   -O                                                                        (1 = 1.7%) {78.3%}
43   O                                                                         (0 = 0.0%) {80.0%}
45   -O                                                                        (1 = 1.7%) {80.0%}
47   -O                                                                        (1 = 1.7%) {81.7%}
49   -O                                                                        (1 = 1.7%) {83.3%}
52   ... 
58   -O                                                                        (1 = 1.7%) {85.0%}
61   -O                                                                        (1 = 1.7%) {86.7%}
64   -O                                                                        (1 = 1.7%) {88.3%}
67   ... 
74   -O                                                                        (1 = 1.7%) {90.0%}
78   ... 
90   -O                                                                        (1 = 1.7%) {91.7%}
95   ... 
135  --O                                                                       (2 = 3.3%) {93.3%}
142  ... 
201  -O                                                                        (1 = 1.7%) {96.7%}
211  ... 
426  -O                                                                        (1 = 1.7%) {98.3%}
448  ... 

Histogram: Scheduling.ThreadController.ActiveIntervalOffCpuDuration.Any.BrowserUI recorded 28 samples, mean = 0.0 (flags = 0x41)
0  ----------------------------O                                             (28 = 100.0%)
1  ... 

Histogram: Scheduling.ThreadController.ActiveIntervalOffCpuDuration.Any.Other recorded 60 samples, mean = 0.0 (flags = 0x41)
0  ------------------------------------------------------------O             (60 = 100.0%)
1  ... 

Histogram: Scheduling.ThreadController.ActiveIntervalOffCpuDuration.Short.BrowserUI recorded 28 samples, mean = 0.6 (flags = 0x41)
0  --------------O                                                           (14 = 50.0%)
1  ------------O                                                             (12 = 42.9%) {50.0%}
2  -O                                                                        (1 = 3.6%) {92.9%}
3  -O                                                                        (1 = 3.6%) {96.4%}
4  ... 

Histogram: Scheduling.ThreadController.ActiveIntervalOffCpuDuration.Short.Other recorded 60 samples, mean = 2.7 (flags = 0x41)
0   ------O                                                                   (6 = 10.0%)
1   --------------------------O                                               (26 = 43.3%) {10.0%}
2   --------------------O                                                     (20 = 33.3%) {53.3%}
3   ----O                                                                     (4 = 6.7%) {86.7%}
4   -O                                                                        (1 = 1.7%) {93.3%}
5   -O                                                                        (1 = 1.7%) {95.0%}
6   ... 
13  -O                                                                        (1 = 1.7%) {96.7%}
14  ... 
61  -O                                                                        (1 = 1.7%) {98.3%}
64  ... 

Histogram: Scheduling.ThreadController.ActiveIntervalOnCpuDuration.Any.BrowserUI recorded 28 samples, mean = 0.0 (flags = 0x41)
0  ----------------------------O                                             (28 = 100.0%)
1  ... 

Histogram: Scheduling.ThreadController.ActiveIntervalOnCpuDuration.Any.Other recorded 60 samples, mean = 0.0 (flags = 0x41)
0  ------------------------------------------------------------O             (60 = 100.0%)
1  ... 

Histogram: Scheduling.ThreadController.ActiveIntervalOnCpuDuration.Short.BrowserUI recorded 28 samples, mean = 0.8 (flags = 0x41)
0  ----------O                                                               (10 = 35.7%)
1  ---------------O                                                          (15 = 53.6%) {35.7%}
2  ---O                                                                      (3 = 10.7%) {89.3%}
3  ... 

Histogram: Scheduling.ThreadController.ActiveIntervalOnCpuDuration.Short.Other recorded 60 samples, mean = 32.0 (flags = 0x41)
0    -O                                                                        (1 = 1.7%)
1    ... 
3    -O                                                                        (1 = 1.7%) {1.7%}
4    -O                                                                        (1 = 1.7%) {3.3%}
5    -----O                                                                    (5 = 8.3%) {5.0%}
6    -----------------O                                                        (17 = 28.3%) {13.3%}
7    ---------O                                                                (9 = 15.0%) {41.7%}
8    --O                                                                       (2 = 3.3%) {56.7%}
9    O                                                                         (0 = 0.0%) {60.0%}
10   -O                                                                        (1 = 1.7%) {60.0%}
11   ... 
13   -O                                                                        (1 = 1.7%) {61.7%}
14   ... 
23   --O                                                                       (2 = 3.3%) {63.3%}
24   O                                                                         (0 = 0.0%) {66.7%}
25   -O                                                                        (1 = 1.7%) {66.7%}
26   ... 
31   --O                                                                       (2 = 3.3%) {68.3%}
33   --O                                                                       (2 = 3.3%) {71.7%}
35   --O                                                                       (2 = 3.3%) {75.0%}
37   --O                                                                       (2 = 3.3%) {78.3%}
39   ... 
43   --O                                                                       (2 = 3.3%) {81.7%}
45   O                                                                         (0 = 0.0%) {85.0%}
47   -O                                                                        (1 = 1.7%) {85.0%}
49   ... 
58   -O                                                                        (1 = 1.7%) {86.7%}
61   -O                                                                        (1 = 1.7%) {88.3%}
64   ... 
70   -O                                                                        (1 = 1.7%) {90.0%}
74   ... 
86   -O                                                                        (1 = 1.7%) {91.7%}
90   ... 
135  --O                                                                       (2 = 3.3%) {93.3%}
142  ... 
201  -O                                                                        (1 = 1.7%) {96.7%}
211  ... 
426  -O                                                                        (1 = 1.7%) {98.3%}
448  ... 

Histogram: Scheduling.ThreadController.ActiveIntervalOnCpuPercentage.Any.BrowserUI recorded 28 samples, mean = 62.8 (flags = 0x41)
0    -------O                                                                  (7 = 25.0%)
1    ... 
25   -O                                                                        (1 = 3.6%) {25.0%}
26   ... 
50   ----O                                                                     (4 = 14.3%) {28.6%}
51   ... 
66   --O                                                                       (2 = 7.1%) {42.9%}
67   ... 
100  --------------O                                                           (14 = 50.0%) {50.0%}
101  O                                                                         (0 = 0.0%) {100.0%}

Histogram: Scheduling.ThreadController.ActiveIntervalOnCpuPercentage.Any.Other recorded 60 samples, mean = 85.2 (flags = 0x41)
0    -O                                                                        (1 = 1.7%)
1    ... 
60   -O                                                                        (1 = 1.7%) {1.7%}
61   ... 
63   -O                                                                        (1 = 1.7%) {3.3%}
64   ... 
71   --O                                                                       (2 = 3.3%) {5.0%}
72   ... 
75   ---------O                                                                (9 = 15.0%) {8.3%}
76   O                                                                         (0 = 0.0%) {23.3%}
77   -O                                                                        (1 = 1.7%) {23.3%}
78   ... 
80   --O                                                                       (2 = 3.3%) {25.0%}
81   ... 
83   ---O                                                                      (3 = 5.0%) {28.3%}
84   O                                                                         (0 = 0.0%) {33.3%}
85   --------O                                                                 (8 = 13.3%) {33.3%}
86   O                                                                         (0 = 0.0%) {46.7%}
87   --------O                                                                 (8 = 13.3%) {46.7%}
88   -O                                                                        (1 = 1.7%) {60.0%}
89   ... 
92   ---O                                                                      (3 = 5.0%) {61.7%}
93   ---O                                                                      (3 = 5.0%) {66.7%}
94   --O                                                                       (2 = 3.3%) {71.7%}
95   O                                                                         (0 = 0.0%) {75.0%}
96   ---O                                                                      (3 = 5.0%) {75.0%}
97   ---O                                                                      (3 = 5.0%) {80.0%}
98   O                                                                         (0 = 0.0%) {85.0%}
99   ---O                                                                      (3 = 5.0%) {85.0%}
100  ------O                                                                   (6 = 10.0%) {90.0%}
101  O                                                                         (0 = 0.0%) {100.0%}

Histogram: Scheduling.ThreadController.ActiveIntervalOnCpuPercentage.Short.BrowserUI recorded 28 samples, mean = 62.8 (flags = 0x41)
0    -------O                                                                  (7 = 25.0%)
1    ... 
25   -O                                                                        (1 = 3.6%) {25.0%}
26   ... 
50   ----O                                                                     (4 = 14.3%) {28.6%}
51   ... 
66   --O                                                                       (2 = 7.1%) {42.9%}
67   ... 
100  --------------O                                                           (14 = 50.0%) {50.0%}
101  O                                                                         (0 = 0.0%) {100.0%}

Histogram: Scheduling.ThreadController.ActiveIntervalOnCpuPercentage.Short.Other recorded 60 samples, mean = 85.2 (flags = 0x41)
0    -O                                                                        (1 = 1.7%)
1    ... 
60   -O                                                                        (1 = 1.7%) {1.7%}
61   ... 
63   -O                                                                        (1 = 1.7%) {3.3%}
64   ... 
71   --O                                                                       (2 = 3.3%) {5.0%}
72   ... 
75   ---------O                                                                (9 = 15.0%) {8.3%}
76   O                                                                         (0 = 0.0%) {23.3%}
77   -O                                                                        (1 = 1.7%) {23.3%}
78   ... 
80   --O                                                                       (2 = 3.3%) {25.0%}
81   ... 
83   ---O                                                                      (3 = 5.0%) {28.3%}
84   O                                                                         (0 = 0.0%) {33.3%}
85   --------O                                                                 (8 = 13.3%) {33.3%}
86   O                                                                         (0 = 0.0%) {46.7%}
87   --------O                                                                 (8 = 13.3%) {46.7%}
88   -O                                                                        (1 = 1.7%) {60.0%}
89   ... 
92   ---O                                                                      (3 = 5.0%) {61.7%}
93   ---O                                                                      (3 = 5.0%) {66.7%}
94   --O                                                                       (2 = 3.3%) {71.7%}
95   O                                                                         (0 = 0.0%) {75.0%}
96   ---O                                                                      (3 = 5.0%) {75.0%}
97   ---O                                                                      (3 = 5.0%) {80.0%}
98   O                                                                         (0 = 0.0%) {85.0%}
99   ---O                                                                      (3 = 5.0%) {85.0%}
100  ------O                                                                   (6 = 10.0%) {90.0%}
101  O                                                                         (0 = 0.0%) {100.0%}

Histogram: Scheduling.ThreadController.IdleDuration.Any.BrowserUI recorded 28 samples, mean = 0.0 (flags = 0x41)
0  ----------------------------O                                             (28 = 100.0%)
1  ... 

Histogram: Scheduling.ThreadController.IdleDuration.Any.Other recorded 25 samples, mean = 1312.0 (flags = 0x41)
0      ---------------O                                                          (15 = 60.0%)
1      O                                                                         (0 = 0.0%) {60.0%}
2      -O                                                                        (1 = 4.0%) {60.0%}
3      ... 
8      -O                                                                        (1 = 4.0%) {64.0%}
10     ... 
14     -O                                                                        (1 = 4.0%) {68.0%}
17     -O                                                                        (1 = 4.0%) {72.0%}
20     ... 
40     -O                                                                        (1 = 4.0%) {76.0%}
48     ... 
190    -O                                                                        (1 = 4.0%) {80.0%}
226    ... 
533    -O                                                                        (1 = 4.0%) {84.0%}
633    ... 
894    --O                                                                       (2 = 8.0%) {88.0%}
1062   ... 
10000  -O                                                                        (1 = 4.0%) {96.0%}

Histogram: Scheduling.ThreadController.IdleDuration.Medium.Other recorded 5 samples, mean = 17.8 (flags = 0x41)
0   ... 
2   -O                                                                        (1 = 20.0%) {0.0%}
3   ... 
8   -O                                                                        (1 = 20.0%) {20.0%}
9   ... 
15  -O                                                                        (1 = 20.0%) {40.0%}
16  O                                                                         (0 = 0.0%) {60.0%}
17  -O                                                                        (1 = 20.0%) {60.0%}
18  ... 
47  -O                                                                        (1 = 20.0%) {80.0%}
48  ... 

Histogram: Scheduling.ThreadController.IdleDuration.Short.BrowserUI recorded 28 samples, mean = 18.5 (flags = 0x41)
0    ... 
2    -----O                                                                    (5 = 17.9%) {0.0%}
3    ----O                                                                     (4 = 14.3%) {17.9%}
4    ... 
7    -O                                                                        (1 = 3.6%) {32.1%}
8    -O                                                                        (1 = 3.6%) {35.7%}
9    ----O                                                                     (4 = 14.3%) {39.3%}
10   --O                                                                       (2 = 7.1%) {53.6%}
11   ----O                                                                     (4 = 14.3%) {60.7%}
12   -O                                                                        (1 = 3.6%) {75.0%}
13   -O                                                                        (1 = 3.6%) {78.6%}
14   -O                                                                        (1 = 3.6%) {82.1%}
15   ... 
21   -O                                                                        (1 = 3.6%) {85.7%}
22   O                                                                         (0 = 0.0%) {89.3%}
23   -O                                                                        (1 = 3.6%) {89.3%}
24   ... 
82   -O                                                                        (1 = 3.6%) {92.9%}
86   ... 
211  -O                                                                        (1 = 3.6%) {96.4%}
222  ... 

Histogram: Scheduling.ThreadController.IdleDuration.Short.Other recorded 15 samples, mean = 153.3 (flags = 0x41)
0    ... 
15   -O                                                                        (1 = 6.7%) {0.0%}
16   O                                                                         (0 = 0.0%) {6.7%}
17   -O                                                                        (1 = 6.7%) {6.7%}
18   ... 
23   -O                                                                        (1 = 6.7%) {13.3%}
24   -O                                                                        (1 = 6.7%) {20.0%}
25   ... 
37   --O                                                                       (2 = 13.3%) {26.7%}
39   ... 
49   -O                                                                        (1 = 6.7%) {40.0%}
52   -O                                                                        (1 = 6.7%) {46.7%}
55   ... 
67   -O                                                                        (1 = 6.7%) {53.3%}
70   ... 
78   -O                                                                        (1 = 6.7%) {60.0%}
82   ... 
142  -O                                                                        (1 = 6.7%) {66.7%}
149  ... 
233  -O                                                                        (1 = 6.7%) {73.3%}
245  -O                                                                        (1 = 6.7%) {80.0%}
258  ... 
331  -O                                                                        (1 = 6.7%) {86.7%}
348  ... 
904  -O                                                                        (1 = 6.7%) {93.3%}
951  ... 

Histogram: Search.ChoiceReprompt recorded 1 samples, mean = 6.0 (flags = 0x41)
0  ... 
6  -O                                                                        (1 = 100.0%) {0.0%}
7  O                                                                         (0 = 0.0%) {100.0%}

Histogram: Search.DefaultSearchProviderType2 recorded 1 samples, mean = 14.0 (flags = 0x41)
0   ... 
14  -O                                                                        (1 = 100.0%) {0.0%}
15  ... 

Histogram: Search.SearchProviderOverrideStatus recorded 2 samples, mean = 0.0 (flags = 0x41)
0  --O                                                                       (2 = 100.0%)
1  ... 

Histogram: Security.GwpAsan.Activated.Malloc.Browser recorded 1 samples, mean = 0.0 (flags = 0x41)
0  -O                                                                        (1 = 100.0%)
1  ... 

Histogram: Security.GwpAsan.Activated.PartitionAlloc.Browser recorded 1 samples, mean = 0.0 (flags = 0x41)
0  -O                                                                        (1 = 100.0%)
1  ... 

Histogram: Security.HttpsFirstMode.SettingEnabledAtStartup recorded 1 samples, mean = 0.0 (flags = 0x41)
0  -O                                                                        (1 = 100.0%)
1  ... 

Histogram: Security.JSONParser.ChromiumExtensionUsage recorded 1 samples, mean = 1.0 (flags = 0x41)
0  O                                                                         (0 = 0.0%)
1  -O                                                                        (1 = 100.0%) {0.0%}
2  ... 

Histogram: Security.JSONParser.ParsingTime recorded 124 samples, mean = 11.4 (flags = 0x41)
0    ------------------O                                                       (18 = 14.5%)
1    ---------------------------------------------O                            (45 = 36.3%) {14.5%}
2    ------------O                                                             (12 = 9.7%) {50.8%}
3    -----O                                                                    (5 = 4.0%) {60.5%}
4    ------O                                                                   (6 = 4.8%) {64.5%}
5    -----------O                                                              (11 = 8.9%) {69.4%}
7    -------O                                                                  (7 = 5.6%) {78.2%}
9    -----O                                                                    (5 = 4.0%) {83.9%}
12   -O                                                                        (1 = 0.8%) {87.9%}
16   O                                                                         (0 = 0.0%) {88.7%}
21   ---O                                                                      (3 = 2.4%) {88.7%}
28   ---O                                                                      (3 = 2.4%) {91.1%}
37   -O                                                                        (1 = 0.8%) {93.5%}
49   -O                                                                        (1 = 0.8%) {94.4%}
65   --O                                                                       (2 = 1.6%) {95.2%}
86   --O                                                                       (2 = 1.6%) {96.8%}
113  ... 
196  -O                                                                        (1 = 0.8%) {98.4%}
258  -O                                                                        (1 = 0.8%) {99.2%}
340  ... 

Histogram: Security.NavigationRequestSecurityLevel recorded 2 samples, mean = 1.0 (flags = 0x41)
0  O                                                                         (0 = 0.0%)
1  --O                                                                       (2 = 100.0%) {0.0%}
2  ... 

Histogram: Security.PageEndReason.SECURE recorded 1 samples, mean = 6.0 (flags = 0x41)
0  ... 
6  -O                                                                        (1 = 100.0%) {0.0%}
7  ... 

Histogram: Security.PageEndReason.SafetyTip_None recorded 1 samples, mean = 6.0 (flags = 0x41)
0  ... 
6  -O                                                                        (1 = 100.0%) {0.0%}
7  ... 

Histogram: Security.PrivateNetworkAccess.CheckResult recorded 69 samples, mean = 1.7 (flags = 0x41)
0   ---------------------------O                                              (27 = 39.1%)
1   -----------------------------------O                                      (35 = 50.7%) {39.1%}
2   ... 
12  -------O                                                                  (7 = 10.1%) {89.9%}
13  O                                                                         (0 = 0.0%) {100.0%}

Histogram: Security.PrivateNetworkAccess.PrivateIpInferrable recorded 3 samples, mean = 1.0 (flags = 0x41)
0  O                                                                         (0 = 0.0%)
1  ---O                                                                      (3 = 100.0%) {0.0%}
2  O                                                                         (0 = 0.0%) {100.0%}

Histogram: Security.PrivateNetworkAccess.PrivateIpResolveMatch recorded 3 samples, mean = 1.0 (flags = 0x41)
0  O                                                                         (0 = 0.0%)
1  ---O                                                                      (3 = 100.0%) {0.0%}
2  O                                                                         (0 = 0.0%) {100.0%}

Histogram: Security.SCTAuditing.NumPersistedReportsLoaded recorded 1 samples, mean = 0.0 (flags = 0x41)
0  -O                                                                        (1 = 100.0%)
1  ... 

Histogram: Security.SafetyTips.GetReputationStatusWithEngagedSitesTime recorded 1 samples, mean = 4.0 (flags = 0x41)
0  ... 
4  -O                                                                        (1 = 100.0%) {0.0%}
5  ... 

Histogram: Security.SafetyTips.ReputationCheckComplete.DidFinishNavigation recorded 1 samples, mean = 1.0 (flags = 0x41)
0  O                                                                         (0 = 0.0%)
1  -O                                                                        (1 = 100.0%) {0.0%}
2  ... 

Histogram: Security.SafetyTips.SafetyTipShown recorded 1 samples, mean = 1.0 (flags = 0x41)
0  O                                                                         (0 = 0.0%)
1  -O                                                                        (1 = 100.0%) {0.0%}
2  ... 

Histogram: Security.SafetyTips.StatusWithInitiator.Unknown recorded 1 samples, mean = 1.0 (flags = 0x41)
0  O                                                                         (0 = 0.0%)
1  -O                                                                        (1 = 100.0%) {0.0%}
2  ... 

Histogram: Security.SecurityLevel.OnCommit recorded 1 samples, mean = 3.0 (flags = 0x41)
0  ... 
3  -O                                                                        (1 = 100.0%) {0.0%}
4  ... 

Histogram: Security.SecurityLevel.OnComplete recorded 1 samples, mean = 3.0 (flags = 0x41)
0  ... 
3  -O                                                                        (1 = 100.0%) {0.0%}
4  ... 

Histogram: Security.SiteEngagement.SECURE recorded 1 samples, mean = 13.0 (flags = 0x41)
0   ... 
13  -O                                                                        (1 = 100.0%) {0.0%}
14  ... 

Histogram: Security.SiteEngagement.SafetyTip_None recorded 1 samples, mean = 13.0 (flags = 0x41)
0   ... 
13  -O                                                                        (1 = 100.0%) {0.0%}
14  ... 

Histogram: Security.TimeOnPage2.SECURE recorded 1 samples, mean = 1872931.0 (flags = 0x41)
0        ... 
1757160  -O                                                                        (1 = 100.0%) {0.0%}
2028194  ... 

Histogram: Security.TimeOnPage2.SafetyTip_None recorded 1 samples, mean = 1872931.0 (flags = 0x41)
0        ... 
1757160  -O                                                                        (1 = 100.0%) {0.0%}
2028194  ... 

Histogram: SegmentationPlatform.ClassificationRequest.TotalDuration.DeviceSwitcher recorded 1 samples, mean = 65985.0 (flags = 0x41)
0      ... 
10000  -O                                                                        (1 = 100.0%) {0.0%}

Histogram: SegmentationPlatform.CrossDeviceUser.PostProcessing.TopLabel.Computed recorded 1 samples (flags = 0x41)
-1 -O                                                                        (1 = 100.0%)

Histogram: SegmentationPlatform.Database.StoreUkmEntry recorded 7 samples, mean = 0.0 (flags = 0x41)
0  -------O                                                                  (7 = 100.0%)
1  ... 

Histogram: SegmentationPlatform.Database.UpdateUrlForUkmSource recorded 6 samples, mean = 0.5 (flags = 0x41)
0  -----O                                                                    (5 = 83.3%)
1  ... 
3  -O                                                                        (1 = 16.7%) {83.3%}
4  ... 

Histogram: SegmentationPlatform.DefaultModelDelivery.Metadata.FeatureCount.ChromeLowUserEngagement recorded 1 samples, mean = 1.0 (flags = 0x41)
0  O                                                                         (0 = 0.0%)
1  -O                                                                        (1 = 100.0%) {0.0%}
2  ... 

Histogram: SegmentationPlatform.DefaultModelDelivery.Metadata.FeatureCount.ComposePromotion recorded 1 samples, mean = 1.0 (flags = 0x41)
0  O                                                                         (0 = 0.0%)
1  -O                                                                        (1 = 100.0%) {0.0%}
2  ... 

Histogram: SegmentationPlatform.DefaultModelDelivery.Metadata.FeatureCount.CrossDeviceUserSegment recorded 1 samples, mean = 4.0 (flags = 0x41)
0  ... 
4  -O                                                                        (1 = 100.0%) {0.0%}
5  ... 

Histogram: SegmentationPlatform.DefaultModelDelivery.Metadata.FeatureCount.DatabaseApiClients recorded 1 samples, mean = 3.0 (flags = 0x41)
0  ... 
3  -O                                                                        (1 = 100.0%) {0.0%}
4  ... 

Histogram: SegmentationPlatform.DefaultModelDelivery.Metadata.FeatureCount.DeviceSwitcher recorded 1 samples, mean = 1.0 (flags = 0x41)
0  O                                                                         (0 = 0.0%)
1  -O                                                                        (1 = 100.0%) {0.0%}
2  ... 

Histogram: SegmentationPlatform.DefaultModelDelivery.Metadata.FeatureCount.PasswordManagerUser recorded 1 samples, mean = 7.0 (flags = 0x41)
0  ... 
7  -O                                                                        (1 = 100.0%) {0.0%}
8  ... 

Histogram: SegmentationPlatform.DefaultModelDelivery.Metadata.FeatureCount.ResumeHeavyUserSegment recorded 1 samples, mean = 5.0 (flags = 0x41)
0  ... 
5  -O                                                                        (1 = 100.0%) {0.0%}
6  ... 

Histogram: SegmentationPlatform.DefaultModelDelivery.Metadata.FeatureCount.SearchUser recorded 1 samples, mean = 2.0 (flags = 0x41)
0  ... 
2  -O                                                                        (1 = 100.0%) {0.0%}
3  ... 

Histogram: SegmentationPlatform.DefaultModelDelivery.Metadata.FeatureCount.ShoppingUser recorded 1 samples, mean = 2.0 (flags = 0x41)
0  ... 
2  -O                                                                        (1 = 100.0%) {0.0%}
3  ... 

Histogram: SegmentationPlatform.DefaultModelDelivery.Metadata.FeatureCount.UrlVisitResumptionRanker recorded 1 samples, mean = 23.0 (flags = 0x41)
0   ... 
23  -O                                                                        (1 = 100.0%) {0.0%}
26  ... 

Histogram: SegmentationPlatform.DefaultModelDelivery.Metadata.Validation.Processed.ChromeLowUserEngagement recorded 1 samples, mean = 0.0 (flags = 0x41)
0  -O                                                                        (1 = 100.0%)
1  ... 

Histogram: SegmentationPlatform.DefaultModelDelivery.Metadata.Validation.Processed.ComposePromotion recorded 1 samples, mean = 0.0 (flags = 0x41)
0  -O                                                                        (1 = 100.0%)
1  ... 

Histogram: SegmentationPlatform.DefaultModelDelivery.Metadata.Validation.Processed.CrossDeviceUserSegment recorded 1 samples, mean = 0.0 (flags = 0x41)
0  -O                                                                        (1 = 100.0%)
1  ... 

Histogram: SegmentationPlatform.DefaultModelDelivery.Metadata.Validation.Processed.DatabaseApiClients recorded 1 samples, mean = 0.0 (flags = 0x41)
0  -O                                                                        (1 = 100.0%)
1  ... 

Histogram: SegmentationPlatform.DefaultModelDelivery.Metadata.Validation.Processed.DeviceSwitcher recorded 1 samples, mean = 0.0 (flags = 0x41)
0  -O                                                                        (1 = 100.0%)
1  ... 

Histogram: SegmentationPlatform.DefaultModelDelivery.Metadata.Validation.Processed.PasswordManagerUser recorded 1 samples, mean = 0.0 (flags = 0x41)
0  -O                                                                        (1 = 100.0%)
1  ... 

Histogram: SegmentationPlatform.DefaultModelDelivery.Metadata.Validation.Processed.ResumeHeavyUserSegment recorded 1 samples, mean = 0.0 (flags = 0x41)
0  -O                                                                        (1 = 100.0%)
1  ... 

Histogram: SegmentationPlatform.DefaultModelDelivery.Metadata.Validation.Processed.SearchUser recorded 1 samples, mean = 0.0 (flags = 0x41)
0  -O                                                                        (1 = 100.0%)
1  ... 

Histogram: SegmentationPlatform.DefaultModelDelivery.Metadata.Validation.Processed.ShoppingUser recorded 1 samples, mean = 0.0 (flags = 0x41)
0  -O                                                                        (1 = 100.0%)
1  ... 

Histogram: SegmentationPlatform.DefaultModelDelivery.Metadata.Validation.Processed.UrlVisitResumptionRanker recorded 1 samples, mean = 0.0 (flags = 0x41)
0  -O                                                                        (1 = 100.0%)
1  ... 

Histogram: SegmentationPlatform.DefaultModelDelivery.Received recorded 10 samples (flags = 0x41)
16    -O                                                                        (1 = 10.0%)
21    -O                                                                        (1 = 10.0%)
23    -O                                                                        (1 = 10.0%)
27    -O                                                                        (1 = 10.0%)
45    -O                                                                        (1 = 10.0%)
46    -O                                                                        (1 = 10.0%)
1001  -O                                                                        (1 = 10.0%)
1004  -O                                                                        (1 = 10.0%)
1007  -O                                                                        (1 = 10.0%)
1009  -O                                                                        (1 = 10.0%)

Histogram: SegmentationPlatform.DefaultModelDelivery.SaveResult.ChromeLowUserEngagement recorded 1 samples, mean = 1.0 (flags = 0x41)
0  O                                                                         (0 = 0.0%)
1  -O                                                                        (1 = 100.0%) {0.0%}
2  O                                                                         (0 = 0.0%) {100.0%}

Histogram: SegmentationPlatform.DefaultModelDelivery.SaveResult.ComposePromotion recorded 1 samples, mean = 1.0 (flags = 0x41)
0  O                                                                         (0 = 0.0%)
1  -O                                                                        (1 = 100.0%) {0.0%}
2  O                                                                         (0 = 0.0%) {100.0%}

Histogram: SegmentationPlatform.DefaultModelDelivery.SaveResult.CrossDeviceUserSegment recorded 1 samples, mean = 1.0 (flags = 0x41)
0  O                                                                         (0 = 0.0%)
1  -O                                                                        (1 = 100.0%) {0.0%}
2  O                                                                         (0 = 0.0%) {100.0%}

Histogram: SegmentationPlatform.DefaultModelDelivery.SaveResult.DatabaseApiClients recorded 1 samples, mean = 1.0 (flags = 0x41)
0  O                                                                         (0 = 0.0%)
1  -O                                                                        (1 = 100.0%) {0.0%}
2  O                                                                         (0 = 0.0%) {100.0%}

Histogram: SegmentationPlatform.DefaultModelDelivery.SaveResult.DeviceSwitcher recorded 1 samples, mean = 1.0 (flags = 0x41)
0  O                                                                         (0 = 0.0%)
1  -O                                                                        (1 = 100.0%) {0.0%}
2  O                                                                         (0 = 0.0%) {100.0%}

Histogram: SegmentationPlatform.DefaultModelDelivery.SaveResult.PasswordManagerUser recorded 1 samples, mean = 1.0 (flags = 0x41)
0  O                                                                         (0 = 0.0%)
1  -O                                                                        (1 = 100.0%) {0.0%}
2  O                                                                         (0 = 0.0%) {100.0%}

Histogram: SegmentationPlatform.DefaultModelDelivery.SaveResult.ResumeHeavyUserSegment recorded 1 samples, mean = 1.0 (flags = 0x41)
0  O                                                                         (0 = 0.0%)
1  -O                                                                        (1 = 100.0%) {0.0%}
2  O                                                                         (0 = 0.0%) {100.0%}

Histogram: SegmentationPlatform.DefaultModelDelivery.SaveResult.SearchUser recorded 1 samples, mean = 1.0 (flags = 0x41)
0  O                                                                         (0 = 0.0%)
1  -O                                                                        (1 = 100.0%) {0.0%}
2  O                                                                         (0 = 0.0%) {100.0%}

Histogram: SegmentationPlatform.DefaultModelDelivery.SaveResult.ShoppingUser recorded 1 samples, mean = 1.0 (flags = 0x41)
0  O                                                                         (0 = 0.0%)
1  -O                                                                        (1 = 100.0%) {0.0%}
2  O                                                                         (0 = 0.0%) {100.0%}

Histogram: SegmentationPlatform.DefaultModelDelivery.SaveResult.UrlVisitResumptionRanker recorded 1 samples, mean = 1.0 (flags = 0x41)
0  O                                                                         (0 = 0.0%)
1  -O                                                                        (1 = 100.0%) {0.0%}
2  O                                                                         (0 = 0.0%) {100.0%}

Histogram: SegmentationPlatform.DefaultModelDelivery.SegmentIdMatches.ChromeLowUserEngagement recorded 1 samples, mean = 1.0 (flags = 0x41)
0  O                                                                         (0 = 0.0%)
1  -O                                                                        (1 = 100.0%) {0.0%}
2  O                                                                         (0 = 0.0%) {100.0%}

Histogram: SegmentationPlatform.DefaultModelDelivery.SegmentIdMatches.ComposePromotion recorded 1 samples, mean = 1.0 (flags = 0x41)
0  O                                                                         (0 = 0.0%)
1  -O                                                                        (1 = 100.0%) {0.0%}
2  O                                                                         (0 = 0.0%) {100.0%}

Histogram: SegmentationPlatform.DefaultModelDelivery.SegmentIdMatches.CrossDeviceUserSegment recorded 1 samples, mean = 1.0 (flags = 0x41)
0  O                                                                         (0 = 0.0%)
1  -O                                                                        (1 = 100.0%) {0.0%}
2  O                                                                         (0 = 0.0%) {100.0%}

Histogram: SegmentationPlatform.DefaultModelDelivery.SegmentIdMatches.DatabaseApiClients recorded 1 samples, mean = 1.0 (flags = 0x41)
0  O                                                                         (0 = 0.0%)
1  -O                                                                        (1 = 100.0%) {0.0%}
2  O                                                                         (0 = 0.0%) {100.0%}

Histogram: SegmentationPlatform.DefaultModelDelivery.SegmentIdMatches.DeviceSwitcher recorded 1 samples, mean = 1.0 (flags = 0x41)
0  O                                                                         (0 = 0.0%)
1  -O                                                                        (1 = 100.0%) {0.0%}
2  O                                                                         (0 = 0.0%) {100.0%}

Histogram: SegmentationPlatform.DefaultModelDelivery.SegmentIdMatches.PasswordManagerUser recorded 1 samples, mean = 1.0 (flags = 0x41)
0  O                                                                         (0 = 0.0%)
1  -O                                                                        (1 = 100.0%) {0.0%}
2  O                                                                         (0 = 0.0%) {100.0%}

Histogram: SegmentationPlatform.DefaultModelDelivery.SegmentIdMatches.ResumeHeavyUserSegment recorded 1 samples, mean = 1.0 (flags = 0x41)
0  O                                                                         (0 = 0.0%)
1  -O                                                                        (1 = 100.0%) {0.0%}
2  O                                                                         (0 = 0.0%) {100.0%}

Histogram: SegmentationPlatform.DefaultModelDelivery.SegmentIdMatches.SearchUser recorded 1 samples, mean = 1.0 (flags = 0x41)
0  O                                                                         (0 = 0.0%)
1  -O                                                                        (1 = 100.0%) {0.0%}
2  O                                                                         (0 = 0.0%) {100.0%}

Histogram: SegmentationPlatform.DefaultModelDelivery.SegmentIdMatches.ShoppingUser recorded 1 samples, mean = 1.0 (flags = 0x41)
0  O                                                                         (0 = 0.0%)
1  -O                                                                        (1 = 100.0%) {0.0%}
2  O                                                                         (0 = 0.0%) {100.0%}

Histogram: SegmentationPlatform.DefaultModelDelivery.SegmentIdMatches.UrlVisitResumptionRanker recorded 1 samples, mean = 1.0 (flags = 0x41)
0  O                                                                         (0 = 0.0%)
1  -O                                                                        (1 = 100.0%) {0.0%}
2  O                                                                         (0 = 0.0%) {100.0%}

Histogram: SegmentationPlatform.DeviceSwitcher.PostProcessing.TopLabel.Computed recorded 1 samples (flags = 0x41)
7  -O                                                                        (1 = 100.0%)

Histogram: SegmentationPlatform.FeatureProcessing.Error.DeviceSwitcher recorded 1 samples, mean = 7.0 (flags = 0x41)
0  ... 
7  -O                                                                        (1 = 100.0%) {0.0%}
8  O                                                                         (0 = 0.0%) {100.0%}

Histogram: SegmentationPlatform.Init.CreationToInitializationLatency recorded 1 samples, mean = 5710.0 (flags = 0x41)
0     ... 
4955  -O                                                                        (1 = 100.0%) {0.0%}
6296  ... 

Histogram: SegmentationPlatform.Init.ModelUpdatedTimeDifferenceInDays.ChromeLowUserEngagement recorded 1 samples, mean = 3.0 (flags = 0x41)
0  ... 
3  -O                                                                        (1 = 100.0%) {0.0%}
4  ... 

Histogram: SegmentationPlatform.Init.ModelUpdatedTimeDifferenceInDays.ComposePromotion recorded 1 samples, mean = 3.0 (flags = 0x41)
0  ... 
3  -O                                                                        (1 = 100.0%) {0.0%}
4  ... 

Histogram: SegmentationPlatform.Init.ModelUpdatedTimeDifferenceInDays.CrossDeviceUserSegment recorded 1 samples, mean = 3.0 (flags = 0x41)
0  ... 
3  -O                                                                        (1 = 100.0%) {0.0%}
4  ... 

Histogram: SegmentationPlatform.Init.ModelUpdatedTimeDifferenceInDays.DatabaseApiClients recorded 1 samples, mean = 3.0 (flags = 0x41)
0  ... 
3  -O                                                                        (1 = 100.0%) {0.0%}
4  ... 

Histogram: SegmentationPlatform.Init.ModelUpdatedTimeDifferenceInDays.DeviceSwitcher recorded 1 samples, mean = 3.0 (flags = 0x41)
0  ... 
3  -O                                                                        (1 = 100.0%) {0.0%}
4  ... 

Histogram: SegmentationPlatform.Init.ModelUpdatedTimeDifferenceInDays.PasswordManagerUser recorded 1 samples, mean = 3.0 (flags = 0x41)
0  ... 
3  -O                                                                        (1 = 100.0%) {0.0%}
4  ... 

Histogram: SegmentationPlatform.Init.ModelUpdatedTimeDifferenceInDays.ResumeHeavyUserSegment recorded 1 samples, mean = 3.0 (flags = 0x41)
0  ... 
3  -O                                                                        (1 = 100.0%) {0.0%}
4  ... 

Histogram: SegmentationPlatform.Init.ModelUpdatedTimeDifferenceInDays.SearchUser recorded 1 samples, mean = 3.0 (flags = 0x41)
0  ... 
3  -O                                                                        (1 = 100.0%) {0.0%}
4  ... 

Histogram: SegmentationPlatform.Init.ModelUpdatedTimeDifferenceInDays.ShoppingUser recorded 1 samples, mean = 3.0 (flags = 0x41)
0  ... 
3  -O                                                                        (1 = 100.0%) {0.0%}
4  ... 

Histogram: SegmentationPlatform.Init.ModelUpdatedTimeDifferenceInDays.UrlVisitResumptionRanker recorded 1 samples, mean = 3.0 (flags = 0x41)
0  ... 
3  -O                                                                        (1 = 100.0%) {0.0%}
4  ... 

Histogram: SegmentationPlatform.Init.ProcessCreationToServiceCreationLatency recorded 1 samples, mean = 1344249856.0 (flags = 0x41)
0       ... 
180000  -O                                                                        (1 = 100.0%) {0.0%}

Histogram: SegmentationPlatform.Maintenance.CleanupSignalSuccessCount recorded 1 samples, mean = 0.0 (flags = 0x41)
0  -O                                                                        (1 = 100.0%)
1  ... 

Histogram: SegmentationPlatform.Maintenance.SignalIdentifierCount recorded 1 samples, mean = 20.0 (flags = 0x41)
0   ... 
20  -O                                                                        (1 = 100.0%) {0.0%}
23  ... 

Histogram: SegmentationPlatform.ModelAvailability.ChromeLowUserEngagement recorded 1 samples, mean = 0.0 (flags = 0x41)
0  -O                                                                        (1 = 100.0%)
1  ... 

Histogram: SegmentationPlatform.ModelAvailability.ComposePromotion recorded 1 samples, mean = 0.0 (flags = 0x41)
0  -O                                                                        (1 = 100.0%)
1  ... 

Histogram: SegmentationPlatform.ModelAvailability.DeviceSwitcher recorded 1 samples, mean = 0.0 (flags = 0x41)
0  -O                                                                        (1 = 100.0%)
1  ... 

Histogram: SegmentationPlatform.ModelAvailability.SearchUser recorded 1 samples, mean = 0.0 (flags = 0x41)
0  -O                                                                        (1 = 100.0%)
1  ... 

Histogram: SegmentationPlatform.ModelAvailability.ShoppingUser recorded 1 samples, mean = 0.0 (flags = 0x41)
0  -O                                                                        (1 = 100.0%)
1  ... 

Histogram: SegmentationPlatform.ModelAvailability.UrlVisitResumptionRanker recorded 1 samples, mean = 0.0 (flags = 0x41)
0  -O                                                                        (1 = 100.0%)
1  ... 

Histogram: SegmentationPlatform.ModelAvailability.WebAppInstallationPromo recorded 1 samples, mean = 0.0 (flags = 0x41)
0  -O                                                                        (1 = 100.0%)
1  ... 

Histogram: SegmentationPlatform.ModelExecution.DefaultProvider.Status.DeviceSwitcher recorded 1 samples, mean = 0.0 (flags = 0x41)
0  -O                                                                        (1 = 100.0%)
1  ... 

Histogram: SegmentationPlatform.ModelExecution.Duration.Model.DeviceSwitcher.Success recorded 1 samples, mean = 0.0 (flags = 0x41)
0  -O                                                                        (1 = 100.0%)
1  ... 

Histogram: SegmentationPlatform.ModelExecution.Duration.Total.DeviceSwitcher.Success recorded 1 samples, mean = 60006.0 (flags = 0x41)
0      ... 
10000  -O                                                                        (1 = 100.0%) {0.0%}

Histogram: SegmentationPlatform.ModelExecution.Result.0.DeviceSwitcher recorded 1 samples, mean = 0.0 (flags = 0x41)
0  -O                                                                        (1 = 100.0%)
1  ... 

Histogram: SegmentationPlatform.ModelExecution.Result.1.DeviceSwitcher recorded 1 samples, mean = 0.0 (flags = 0x41)
0  -O                                                                        (1 = 100.0%)
1  ... 

Histogram: SegmentationPlatform.ModelExecution.Result.2.DeviceSwitcher recorded 1 samples, mean = 0.0 (flags = 0x41)
0  -O                                                                        (1 = 100.0%)
1  ... 

Histogram: SegmentationPlatform.ModelExecution.Result.3.DeviceSwitcher recorded 1 samples, mean = 0.0 (flags = 0x41)
0  -O                                                                        (1 = 100.0%)
1  ... 

Histogram: SegmentationPlatform.ModelExecution.Result.4.DeviceSwitcher recorded 1 samples, mean = 0.0 (flags = 0x41)
0  -O                                                                        (1 = 100.0%)
1  ... 

Histogram: SegmentationPlatform.ModelExecution.Result.5.DeviceSwitcher recorded 1 samples, mean = 0.0 (flags = 0x41)
0  -O                                                                        (1 = 100.0%)
1  ... 

Histogram: SegmentationPlatform.ModelExecution.Result.6.DeviceSwitcher recorded 1 samples, mean = 0.0 (flags = 0x41)
0  -O                                                                        (1 = 100.0%)
1  ... 

Histogram: SegmentationPlatform.ModelExecution.Result.7.DeviceSwitcher recorded 1 samples, mean = 100.0 (flags = 0x41)
0    ... 
100  -O                                                                        (1 = 100.0%) {0.0%}
101  O                                                                         (0 = 0.0%) {100.0%}

Histogram: SegmentationPlatform.ModelExecution.ZeroValuePercent.DeviceSwitcher recorded 1 samples, mean = 90.0 (flags = 0x41)
0   ... 
90  -O                                                                        (1 = 100.0%) {0.0%}
91  ... 

Histogram: SegmentationPlatform.SegmentInfoDatabase.ProtoDBUpdateResult.ChromeLowUserEngagement recorded 1 samples, mean = 1.0 (flags = 0x41)
0  O                                                                         (0 = 0.0%)
1  -O                                                                        (1 = 100.0%) {0.0%}
2  O                                                                         (0 = 0.0%) {100.0%}

Histogram: SegmentationPlatform.SegmentInfoDatabase.ProtoDBUpdateResult.ComposePromotion recorded 1 samples, mean = 1.0 (flags = 0x41)
0  O                                                                         (0 = 0.0%)
1  -O                                                                        (1 = 100.0%) {0.0%}
2  O                                                                         (0 = 0.0%) {100.0%}

Histogram: SegmentationPlatform.SegmentInfoDatabase.ProtoDBUpdateResult.CrossDeviceUserSegment recorded 1 samples, mean = 1.0 (flags = 0x41)
0  O                                                                         (0 = 0.0%)
1  -O                                                                        (1 = 100.0%) {0.0%}
2  O                                                                         (0 = 0.0%) {100.0%}

Histogram: SegmentationPlatform.SegmentInfoDatabase.ProtoDBUpdateResult.DatabaseApiClients recorded 1 samples, mean = 1.0 (flags = 0x41)
0  O                                                                         (0 = 0.0%)
1  -O                                                                        (1 = 100.0%) {0.0%}
2  O                                                                         (0 = 0.0%) {100.0%}

Histogram: SegmentationPlatform.SegmentInfoDatabase.ProtoDBUpdateResult.DeviceSwitcher recorded 1 samples, mean = 1.0 (flags = 0x41)
0  O                                                                         (0 = 0.0%)
1  -O                                                                        (1 = 100.0%) {0.0%}
2  O                                                                         (0 = 0.0%) {100.0%}

Histogram: SegmentationPlatform.SegmentInfoDatabase.ProtoDBUpdateResult.PasswordManagerUser recorded 1 samples, mean = 1.0 (flags = 0x41)
0  O                                                                         (0 = 0.0%)
1  -O                                                                        (1 = 100.0%) {0.0%}
2  O                                                                         (0 = 0.0%) {100.0%}

Histogram: SegmentationPlatform.SegmentInfoDatabase.ProtoDBUpdateResult.ResumeHeavyUserSegment recorded 1 samples, mean = 1.0 (flags = 0x41)
0  O                                                                         (0 = 0.0%)
1  -O                                                                        (1 = 100.0%) {0.0%}
2  O                                                                         (0 = 0.0%) {100.0%}

Histogram: SegmentationPlatform.SegmentInfoDatabase.ProtoDBUpdateResult.SearchUser recorded 1 samples, mean = 1.0 (flags = 0x41)
0  O                                                                         (0 = 0.0%)
1  -O                                                                        (1 = 100.0%) {0.0%}
2  O                                                                         (0 = 0.0%) {100.0%}

Histogram: SegmentationPlatform.SegmentInfoDatabase.ProtoDBUpdateResult.ShoppingUser recorded 1 samples, mean = 1.0 (flags = 0x41)
0  O                                                                         (0 = 0.0%)
1  -O                                                                        (1 = 100.0%) {0.0%}
2  O                                                                         (0 = 0.0%) {100.0%}

Histogram: SegmentationPlatform.SegmentInfoDatabase.ProtoDBUpdateResult.UrlVisitResumptionRanker recorded 1 samples, mean = 1.0 (flags = 0x41)
0  O                                                                         (0 = 0.0%)
1  -O                                                                        (1 = 100.0%) {0.0%}
2  O                                                                         (0 = 0.0%) {100.0%}

Histogram: SegmentationPlatform.SegmentInfoDatabase.ProtoDBUpdateResult.WebAppInstallationPromo recorded 1 samples, mean = 1.0 (flags = 0x41)
0  O                                                                         (0 = 0.0%)
1  -O                                                                        (1 = 100.0%) {0.0%}
2  O                                                                         (0 = 0.0%) {100.0%}

Histogram: SegmentationPlatform.SelectionFailedReason.ChromeLowUserEngagement recorded 2 samples, mean = 14.5 (flags = 0x41)
0   ... 
12  -O                                                                        (1 = 50.0%) {0.0%}
13  ... 
17  -O                                                                        (1 = 50.0%) {50.0%}
18  ... 

Histogram: SegmentationPlatform.SelectionFailedReason.ComposePromotion recorded 1 samples, mean = 17.0 (flags = 0x41)
0   ... 
17  -O                                                                        (1 = 100.0%) {0.0%}
18  ... 

Histogram: SegmentationPlatform.SelectionFailedReason.CrossDeviceUser recorded 3 samples, mean = 20.3 (flags = 0x41)
0   ... 
16  -O                                                                        (1 = 33.3%) {0.0%}
17  O                                                                         (0 = 0.0%) {33.3%}
18  -O                                                                        (1 = 33.3%) {33.3%}
19  ... 
27  -O                                                                        (1 = 33.3%) {66.7%}
28  ... 

Histogram: SegmentationPlatform.SelectionFailedReason.DatabaseApiClients recorded 1 samples, mean = 17.0 (flags = 0x41)
0   ... 
17  -O                                                                        (1 = 100.0%) {0.0%}
18  ... 

Histogram: SegmentationPlatform.SelectionFailedReason.DeviceSwitcher recorded 2 samples, mean = 19.0 (flags = 0x41)
0   ... 
17  -O                                                                        (1 = 50.0%) {0.0%}
18  ... 
21  -O                                                                        (1 = 50.0%) {50.0%}
22  ... 

Histogram: SegmentationPlatform.SelectionFailedReason.PasswordManagerUser recorded 2 samples, mean = 14.5 (flags = 0x41)
0   ... 
12  -O                                                                        (1 = 50.0%) {0.0%}
13  ... 
17  -O                                                                        (1 = 50.0%) {50.0%}
18  ... 

Histogram: SegmentationPlatform.SelectionFailedReason.ResumeHeavyUser recorded 2 samples, mean = 14.5 (flags = 0x41)
0   ... 
12  -O                                                                        (1 = 50.0%) {0.0%}
13  ... 
17  -O                                                                        (1 = 50.0%) {50.0%}
18  ... 

Histogram: SegmentationPlatform.SelectionFailedReason.SearchUser recorded 2 samples, mean = 14.5 (flags = 0x41)
0   ... 
12  -O                                                                        (1 = 50.0%) {0.0%}
13  ... 
17  -O                                                                        (1 = 50.0%) {50.0%}
18  ... 

Histogram: SegmentationPlatform.SelectionFailedReason.ShoppingUser recorded 3 samples, mean = 20.3 (flags = 0x41)
0   ... 
16  -O                                                                        (1 = 33.3%) {0.0%}
17  O                                                                         (0 = 0.0%) {33.3%}
18  -O                                                                        (1 = 33.3%) {33.3%}
19  ... 
27  -O                                                                        (1 = 33.3%) {66.7%}
28  ... 

Histogram: SegmentationPlatform.SelectionFailedReason.URLVisitResumptionRanker recorded 1 samples, mean = 17.0 (flags = 0x41)
0   ... 
17  -O                                                                        (1 = 100.0%) {0.0%}
18  ... 

Histogram: SegmentationPlatform.SelectionFailedReason.WebAppInstallationPromo recorded 1 samples, mean = 17.0 (flags = 0x41)
0   ... 
17  -O                                                                        (1 = 100.0%) {0.0%}
18  ... 

Histogram: SegmentationPlatform.ShoppingUser.PostProcessing.TopLabel.Computed recorded 1 samples (flags = 0x41)
0  -O                                                                        (1 = 100.0%)

Histogram: SegmentationPlatform.Signals.ListeningCount.HistogramEnum recorded 1 samples, mean = 7.0 (flags = 0x41)
0  ... 
7  -O                                                                        (1 = 100.0%) {0.0%}
8  ... 

Histogram: SegmentationPlatform.Signals.ListeningCount.HistogramValue recorded 1 samples, mean = 6.0 (flags = 0x41)
0  ... 
6  -O                                                                        (1 = 100.0%) {0.0%}
7  ... 

Histogram: SegmentationPlatform.Signals.ListeningCount.UserAction recorded 1 samples, mean = 7.0 (flags = 0x41)
0  ... 
7  -O                                                                        (1 = 100.0%) {0.0%}
8  ... 

Histogram: SegmentationPlatform.SyncSessions.TabsCountAtStartup recorded 1 samples, mean = 0.0 (flags = 0x41)
0  -O                                                                        (1 = 100.0%)
1  ... 

Histogram: SegmentationPlatform.UkmDatabase.InitTime recorded 1 samples, mean = 2.0 (flags = 0x41)
0  ... 
2  -O                                                                        (1 = 100.0%) {0.0%}
3  ... 

Histogram: ServiceWorker.FindRegistrationForClientUrl.IsCalledForNavigation recorded 5 samples, mean = 0.2 (flags = 0x41)
0  ----O                                                                     (4 = 80.0%)
1  -O                                                                        (1 = 20.0%) {80.0%}
2  O                                                                         (0 = 0.0%) {100.0%}

Histogram: ServiceWorker.FindRegistrationForClientUrl.SkippedMojoCall.OnNavigation recorded 1 samples, mean = 0.0 (flags = 0x41)
0  -O                                                                        (1 = 100.0%)
1  ... 

Histogram: ServiceWorker.OnBrowserStartup.SkipServiceWorkerOnFirstNavigation recorded 1 samples, mean = 0.0 (flags = 0x41)
0  -O                                                                        (1 = 100.0%)
1  ... 

Histogram: ServiceWorker.RegisteredStorageKeyCount recorded 1 samples, mean = 0.0 (flags = 0x41)
0  -O                                                                        (1 = 100.0%)
1  ... 

Histogram: ServiceWorker.SkipCallingFindRegistrationForClientUrl recorded 1 samples, mean = 1.0 (flags = 0x41)
0  O                                                                         (0 = 0.0%)
1  -O                                                                        (1 = 100.0%) {0.0%}
2  O                                                                         (0 = 0.0%) {100.0%}

Histogram: ServiceWorker.Storage.ReadInitialDataFromDB.Time recorded 1 samples, mean = 0.0 (flags = 0x41)
0  -O                                                                        (1 = 100.0%)
1  ... 

Histogram: ServiceWorker.Storage.RegisteredStorageKeyCacheInitialization.Time recorded 1 samples, mean = 4034.0 (flags = 0x41)
0     ... 
3900  -O                                                                        (1 = 100.0%) {0.0%}
4955  ... 

Histogram: SessionRestore.UnrecoverableWriteErrorCount recorded 1 samples, mean = 0.0 (flags = 0x41)
0  -O                                                                        (1 = 100.0%)
1  ... 

Histogram: SessionStorageContext.CommitResult recorded 2 samples, mean = 0.0 (flags = 0x41)
0  --O                                                                       (2 = 100.0%)
1  ... 

Histogram: Settings.AdvancedSpellcheck.OnStartup2 recorded 1 samples, mean = 0.0 (flags = 0x41)
0  -O                                                                        (1 = 100.0%)
1  ... 

Histogram: Settings.AutocompleteSearches.OnStartup2 recorded 1 samples, mean = 1.0 (flags = 0x41)
0  O                                                                         (0 = 0.0%)
1  -O                                                                        (1 = 100.0%) {0.0%}
2  O                                                                         (0 = 0.0%) {100.0%}

Histogram: Settings.FingerprintingProtection.Enabled recorded 1 samples, mean = 0.0 (flags = 0x41)
0  -O                                                                        (1 = 100.0%)
1  ... 

Histogram: Settings.FirstPartySets.State recorded 1 samples, mean = 0.0 (flags = 0x41)
0  -O                                                                        (1 = 100.0%)
1  ... 

Histogram: Settings.IpProtection.Enabled recorded 1 samples, mean = 0.0 (flags = 0x41)
0  -O                                                                        (1 = 100.0%)
1  ... 

Histogram: Settings.PreloadStatus.OnStartup3 recorded 1 samples, mean = 1.0 (flags = 0x41)
0  O                                                                         (0 = 0.0%)
1  -O                                                                        (1 = 100.0%) {0.0%}
2  ... 

Histogram: Settings.PrivacySandbox.AdMeasurement.Enabled recorded 1 samples, mean = 0.0 (flags = 0x41)
0  -O                                                                        (1 = 100.0%)
1  ... 

Histogram: Settings.PrivacySandbox.Fledge.Enabled recorded 1 samples, mean = 0.0 (flags = 0x41)
0  -O                                                                        (1 = 100.0%)
1  ... 

Histogram: Settings.PrivacySandbox.Topics.Enabled recorded 1 samples, mean = 0.0 (flags = 0x41)
0  -O                                                                        (1 = 100.0%)
1  ... 

Histogram: Settings.ShowHomeButton2 recorded 1 samples, mean = 0.0 (flags = 0x41)
0  -O                                                                        (1 = 100.0%)
1  ... 

Histogram: Settings.StartupPageLoadSettings2 recorded 1 samples, mean = 5.0 (flags = 0x41)
0  ... 
5  -O                                                                        (1 = 100.0%) {0.0%}
6  ... 

Histogram: Settings.TrackedPreferenceChanged.FromRegistry recorded 1 samples, mean = 5.0 (flags = 0x41)
0  ... 
5  -O                                                                        (1 = 100.0%) {0.0%}
6  ... 

Histogram: Settings.TrackedPreferenceUnchanged recorded 18 samples, mean = 14.5 (flags = 0x41)
0   -O                                                                        (1 = 5.6%)
1   -O                                                                        (1 = 5.6%) {5.6%}
2   -O                                                                        (1 = 5.6%) {11.1%}
3   -O                                                                        (1 = 5.6%) {16.7%}
4   -O                                                                        (1 = 5.6%) {22.2%}
5   -O                                                                        (1 = 5.6%) {27.8%}
6   -O                                                                        (1 = 5.6%) {33.3%}
7   -O                                                                        (1 = 5.6%) {38.9%}
8   ... 
11  -O                                                                        (1 = 5.6%) {44.4%}
12  ... 
14  -O                                                                        (1 = 5.6%) {50.0%}
15  -O                                                                        (1 = 5.6%) {55.6%}
16  ... 
18  -O                                                                        (1 = 5.6%) {61.1%}
19  ... 
23  -O                                                                        (1 = 5.6%) {66.7%}
24  -O                                                                        (1 = 5.6%) {72.2%}
25  ... 
29  -O                                                                        (1 = 5.6%) {77.8%}
30  ... 
32  -O                                                                        (1 = 5.6%) {83.3%}
33  -O                                                                        (1 = 5.6%) {88.9%}
34  -O                                                                        (1 = 5.6%) {94.4%}
35  O                                                                         (0 = 0.0%) {100.0%}

Histogram: Settings.TrackedPreferenceUnchanged.FromRegistry recorded 17 samples, mean = 15.1 (flags = 0x41)
0   -O                                                                        (1 = 5.9%)
1   -O                                                                        (1 = 5.9%) {5.9%}
2   -O                                                                        (1 = 5.9%) {11.8%}
3   -O                                                                        (1 = 5.9%) {17.6%}
4   -O                                                                        (1 = 5.9%) {23.5%}
5   O                                                                         (0 = 0.0%) {29.4%}
6   -O                                                                        (1 = 5.9%) {29.4%}
7   -O                                                                        (1 = 5.9%) {35.3%}
8   ... 
11  -O                                                                        (1 = 5.9%) {41.2%}
12  ... 
14  -O                                                                        (1 = 5.9%) {47.1%}
15  -O                                                                        (1 = 5.9%) {52.9%}
16  ... 
18  -O                                                                        (1 = 5.9%) {58.8%}
19  ... 
23  -O                                                                        (1 = 5.9%) {64.7%}
24  -O                                                                        (1 = 5.9%) {70.6%}
25  ... 
29  -O                                                                        (1 = 5.9%) {76.5%}
30  ... 
32  -O                                                                        (1 = 5.9%) {82.4%}
33  -O                                                                        (1 = 5.9%) {88.2%}
34  -O                                                                        (1 = 5.9%) {94.1%}
35  O                                                                         (0 = 0.0%) {100.0%}

Histogram: Settings.TrackingProtection.Enabled recorded 1 samples, mean = 0.0 (flags = 0x41)
0  -O                                                                        (1 = 100.0%)
1  ... 

Histogram: SharedDictionary.TimeInitializeDB recorded 1 samples, mean = 21.0 (flags = 0x41)
0   ... 
21  -O                                                                        (1 = 100.0%) {0.0%}
26  ... 

Histogram: Signin.APIKeyMatchesFeatureOnStartup recorded 3 samples, mean = 0.0 (flags = 0x41)
0  ---O                                                                      (3 = 100.0%)
1  ... 

Histogram: Signin.AccountTracker.CountOfLoadedAccounts recorded 1 samples, mean = 0.0 (flags = 0x41)
0  -O                                                                        (1 = 100.0%)
1  ... 

Histogram: Signin.ExplicitSigninMigration recorded 1 samples, mean = 0.0 (flags = 0x41)
0  -O                                                                        (1 = 100.0%)
1  ... 

Histogram: Signin.HadPreviousSyncAccount.SignedOutOnProfileLoad recorded 1 samples, mean = 0.0 (flags = 0x41)
0  -O                                                                        (1 = 100.0%)
1  ... 

Histogram: Signin.HadPreviousSyncAccount.SyncOffOnProfileLoad recorded 1 samples, mean = 0.0 (flags = 0x41)
0  -O                                                                        (1 = 100.0%)
1  ... 

Histogram: Signin.ListAccountsFailure recorded 1 samples, mean = 0.0 (flags = 0x41)
0  -O                                                                        (1 = 100.0%)
1  ... 

Histogram: Signin.PAMInitialize.PrimaryAccountPrefs recorded 1 samples, mean = 2.0 (flags = 0x41)
0  ... 
2  -O                                                                        (1 = 100.0%) {0.0%}
3  ... 

Histogram: Signin.SigninAllowed recorded 1 samples, mean = 0.0 (flags = 0x41)
0  -O                                                                        (1 = 100.0%)
1  ... 

Histogram: Signin.TokenTable.GetAllTokensSqlStatementValidity recorded 1 samples, mean = 1.0 (flags = 0x41)
0  O                                                                         (0 = 0.0%)
1  -O                                                                        (1 = 100.0%) {0.0%}
2  O                                                                         (0 = 0.0%) {100.0%}

Histogram: SimpleCache.App.CacheSizeOnInit recorded 1 samples, mean = 0.0 (flags = 0x41)
0  -O                                                                        (1 = 100.0%)
1000... 

Histogram: SimpleCache.App.ConsistencyResult recorded 1 samples, mean = 0.0 (flags = 0x41)
0  -O                                                                        (1 = 100.0%)
1  ... 

Histogram: SimpleCache.App.CreationToIndex recorded 1 samples, mean = 9.0 (flags = 0x41)
0  ... 
8  -O                                                                        (1 = 100.0%) {0.0%}
10 ... 

Histogram: SimpleCache.App.IndexFileStateOnLoad recorded 1 samples, mean = 2.0 (flags = 0x41)
0  ... 
2  -O                                                                        (1 = 100.0%) {0.0%}
3  ... 

Histogram: SimpleCache.App.IndexInitializeMethod recorded 1 samples, mean = 1.0 (flags = 0x41)
0  O                                                                         (0 = 0.0%)
1  -O                                                                        (1 = 100.0%) {0.0%}
2  ... 

Histogram: SimpleCache.App.IndexNumEntriesOnInit recorded 1 samples, mean = 0.0 (flags = 0x41)
0  -O                                                                        (1 = 100.0%)
1  ... 

Histogram: SimpleCache.App.MaxCacheSizeOnInit recorded 1 samples, mean = 0.0 (flags = 0x41)
0  -O                                                                        (1 = 100.0%)
1000... 

Histogram: SimpleCache.Code.CacheSizeOnInit recorded 1 samples, mean = 1138.0 (flags = 0x41)
0     ... 
1138  -O                                                                        (1 = 100.0%) {0.0%}
1295  ... 

Histogram: SimpleCache.Code.ConsistencyResult recorded 1 samples, mean = 0.0 (flags = 0x41)
0  -O                                                                        (1 = 100.0%)
1  ... 

Histogram: SimpleCache.Code.CreationToIndex recorded 1 samples, mean = 1.0 (flags = 0x41)
0  O                                                                         (0 = 0.0%)
1  -O                                                                        (1 = 100.0%) {0.0%}
2  ... 

Histogram: SimpleCache.Code.DiskCloseLatency recorded 43 samples, mean = 0.0 (flags = 0x41)
0  -------------------------------------------O                              (43 = 100.0%)
1  ... 

Histogram: SimpleCache.Code.DiskCreateLatency recorded 4 samples, mean = 0.0 (flags = 0x40)
0  ----O                                                                     (4 = 100.0%)
1  ... 

Histogram: SimpleCache.Code.DiskDoomLatency recorded 2 samples, mean = 9.5 (flags = 0x41)
0   ... 
8   -O                                                                        (1 = 50.0%) {0.0%}
10  -O                                                                        (1 = 50.0%) {50.0%}
12  ... 

Histogram: SimpleCache.Code.DiskOpenLatency recorded 39 samples, mean = 0.1 (flags = 0x41)
0  ------------------------------------O                                     (36 = 92.3%)
1  ---O                                                                      (3 = 7.7%) {92.3%}
2  ... 

Histogram: SimpleCache.Code.DiskWriteLatency recorded 7 samples, mean = 0.0 (flags = 0x41)
0  -------O                                                                  (7 = 100.0%)
1  ... 

Histogram: SimpleCache.Code.EntryCreationTime recorded 43 samples, mean = 0.1 (flags = 0x41)
0  ----------------------------------------O                                 (40 = 93.0%)
1  ---O                                                                      (3 = 7.0%) {93.0%}
2  ... 

Histogram: SimpleCache.Code.HeaderSize recorded 23 samples, mean = 886.8 (flags = 0x41)
0     --O                                                                       (2 = 8.7%)
1     ... 
12    -----O                                                                    (5 = 21.7%) {8.7%}
14    ... 
34    ---O                                                                      (3 = 13.0%) {30.4%}
40    ... 
68    --O                                                                       (2 = 8.7%) {43.5%}
81    ... 
633   --O                                                                       (2 = 8.7%) {52.2%}
752   ... 
1062  -O                                                                        (1 = 4.3%) {60.9%}
1262  -O                                                                        (1 = 4.3%) {65.2%}
1500  -O                                                                        (1 = 4.3%) {69.6%}
1782  --O                                                                       (2 = 8.7%) {73.9%}
2117  -O                                                                        (1 = 4.3%) {82.6%}
2516  ---O                                                                      (3 = 13.0%) {87.0%}
2990  ... 

Histogram: SimpleCache.Code.IndexFileStateOnLoad recorded 1 samples, mean = 2.0 (flags = 0x41)
0  ... 
2  -O                                                                        (1 = 100.0%) {0.0%}
3  ... 

Histogram: SimpleCache.Code.IndexInitializeMethod recorded 1 samples, mean = 1.0 (flags = 0x41)
0  O                                                                         (0 = 0.0%)
1  -O                                                                        (1 = 100.0%) {0.0%}
2  ... 

Histogram: SimpleCache.Code.IndexNumEntriesOnInit recorded 1 samples, mean = 49.0 (flags = 0x41)
0   ... 
49  -O                                                                        (1 = 100.0%) {0.0%}
61  ... 

Histogram: SimpleCache.Code.MaxCacheSizeOnInit recorded 1 samples, mean = 327680.0 (flags = 0x41)
0       ... 
297881  -O                                                                        (1 = 100.0%) {0.0%}
339058  ... 

Histogram: SimpleCache.Code.OpenEntryIndexState recorded 47 samples, mean = 1.8 (flags = 0x41)
0  O                                                                         (0 = 0.0%)
1  --------O                                                                 (8 = 17.0%) {0.0%}
2  ---------------------------------------O                                  (39 = 83.0%) {17.0%}
3  O                                                                         (0 = 0.0%) {100.0%}

Histogram: SimpleCache.Code.SyncCheckEOFResult recorded 39 samples, mean = 0.0 (flags = 0x40)
0  ---------------------------------------O                                  (39 = 100.0%)
1  ... 

Histogram: SimpleCache.Code.SyncCloseResult recorded 43 samples, mean = 0.0 (flags = 0x40)
0  -------------------------------------------O                              (43 = 100.0%)
1  ... 

Histogram: SimpleCache.Code.SyncOpenPrefetchMode recorded 39 samples, mean = 0.0 (flags = 0x41)
0  ---------------------------------------O                                  (39 = 100.0%)
1  ... 

Histogram: SimpleCache.Code.SyncOpenResult recorded 39 samples, mean = 0.0 (flags = 0x40)
0  ---------------------------------------O                                  (39 = 100.0%)
1  ... 

Histogram: SimpleCache.Code.SyncWriteResult recorded 7 samples, mean = 0.0 (flags = 0x40)
0  -------O                                                                  (7 = 100.0%)
1  ... 

Histogram: SiteEngagementService.EngagementScore recorded 1 samples, mean = 13.0 (flags = 0x41)
0   ... 
13  -O                                                                        (1 = 100.0%) {0.0%}
14  ... 

Histogram: SiteEngagementService.EngagementType recorded 1 samples, mean = 0.0 (flags = 0x41)
0  -O                                                                        (1 = 100.0%)
1  ... 

Histogram: SiteEngagementService.MeanEngagement recorded 1 samples, mean = 13.0 (flags = 0x41)
0   ... 
13  -O                                                                        (1 = 100.0%) {0.0%}
14  ... 

Histogram: SiteEngagementService.MedianEngagement recorded 1 samples, mean = 13.0 (flags = 0x41)
0   ... 
13  -O                                                                        (1 = 100.0%) {0.0%}
14  ... 

Histogram: SiteEngagementService.OriginsEngaged recorded 1 samples, mean = 1.0 (flags = 0x41)
0  O                                                                         (0 = 0.0%)
1  -O                                                                        (1 = 100.0%) {0.0%}
2  ... 

Histogram: SiteIsolatedCodeCache.JS.Behaviour recorded 49 samples, mean = 1.7 (flags = 0x41)
0  --------------------O                                                     (20 = 40.8%)
1  ----O                                                                     (4 = 8.2%) {40.8%}
2  --O                                                                       (2 = 4.1%) {49.0%}
3  -------------------O                                                      (19 = 38.8%) {53.1%}
4  ----O                                                                     (4 = 8.2%) {91.8%}
5  ... 

Histogram: SiteIsolatedCodeCache.JS.FetchCodeCache recorded 20 samples, mean = 0.2 (flags = 0x41)
0  ----------------O                                                         (16 = 80.0%)
1  ----O                                                                     (4 = 20.0%) {80.0%}
2  ... 

Histogram: SiteIsolatedCodeCache.JS.Hit recorded 24 samples, mean = 0.8 (flags = 0x41)
0  ----O                                                                     (4 = 16.7%)
1  --------------------O                                                     (20 = 83.3%) {16.7%}
2  O                                                                         (0 = 0.0%) {100.0%}

Histogram: SiteIsolatedCodeCache.JS.PotentialMemoryBackedCodeCacheHit recorded 24 samples, mean = 0.0 (flags = 0x41)
0  ------------------------O                                                 (24 = 100.0%)
1  ... 

Histogram: SiteIsolatedCodeCache.JS.PotentialMemoryBackedCodeCacheSize2 recorded 6 samples, mean = 172504.0 (flags = 0x41)
0       ... 
159976  ------O                                                                   (6 = 100.0%) {0.0%}
229760  ... 

Histogram: SiteIsolatedCodeCache.WASM.Behaviour recorded 4 samples, mean = 1.0 (flags = 0x41)
0  O                                                                         (0 = 0.0%)
1  ----O                                                                     (4 = 100.0%) {0.0%}
2  ... 

Histogram: SiteIsolation.BrowsingInstance.MaxCountPerProcess recorded 2 samples, mean = 1.0 (flags = 0x41)
0  O                                                                         (0 = 0.0%)
1  --O                                                                       (2 = 100.0%) {0.0%}
2  ... 

Histogram: SiteIsolation.NewProcessUsedForNavigationWhenSameSiteProcessExists recorded 1 samples, mean = 0.0 (flags = 0x41)
0  -O                                                                        (1 = 100.0%)
1  ... 

Histogram: SiteIsolation.ProcessPerSiteWithMainFrameThreshold.IsDevToolsUser recorded 1 samples, mean = 0.0 (flags = 0x41)
0  -O                                                                        (1 = 100.0%)
1  ... 

Histogram: Skia.SubmitRenderPasses recorded 15 samples, mean = 0.5 (flags = 0x41)
0  -----------O                                                              (11 = 73.3%)
1  --O                                                                       (2 = 13.3%) {73.3%}
2  -O                                                                        (1 = 6.7%) {86.7%}
3  O                                                                         (0 = 0.0%) {93.3%}
4  -O                                                                        (1 = 6.7%) {93.3%}
5  ... 

Histogram: Sql.Statement.Affiliation.VMSteps recorded 15 samples, mean = 15.5 (flags = 0x41)
0   ... 
3   ----O                                                                     (4 = 26.7%) {0.0%}
4   O                                                                         (0 = 0.0%) {26.7%}
5   -O                                                                        (1 = 6.7%) {26.7%}
6   -O                                                                        (1 = 6.7%) {33.3%}
7   ... 
12  -----O                                                                    (5 = 33.3%) {40.0%}
14  ... 
20  -O                                                                        (1 = 6.7%) {73.3%}
24  O                                                                         (0 = 0.0%) {80.0%}
29  -O                                                                        (1 = 6.7%) {80.0%}
34  O                                                                         (0 = 0.0%) {86.7%}
40  -O                                                                        (1 = 6.7%) {86.7%}
48  -O                                                                        (1 = 6.7%) {93.3%}
57  ... 

Histogram: Sql.Statement.BrowsingTopics.VMSteps recorded 12 samples, mean = 8.0 (flags = 0x41)
0   ... 
3   ----O                                                                     (4 = 33.3%) {0.0%}
4   O                                                                         (0 = 0.0%) {33.3%}
5   -O                                                                        (1 = 8.3%) {33.3%}
6   ... 
8   --O                                                                       (2 = 16.7%) {41.7%}
10  O                                                                         (0 = 0.0%) {58.3%}
12  -----O                                                                    (5 = 41.7%) {58.3%}
14  ... 

Histogram: Sql.Statement.Cookie.VMSteps recorded 32 samples, mean = 20.8 (flags = 0x41)
0   ... 
3   ------O                                                                   (6 = 18.8%) {0.0%}
4   O                                                                         (0 = 0.0%) {18.8%}
5   --O                                                                       (2 = 6.2%) {18.8%}
6   O                                                                         (0 = 0.0%) {25.0%}
7   -O                                                                        (1 = 3.1%) {25.0%}
8   O                                                                         (0 = 0.0%) {28.1%}
10  -O                                                                        (1 = 3.1%) {28.1%}
12  ----------O                                                               (10 = 31.2%) {31.2%}
14  ... 
20  --O                                                                       (2 = 6.2%) {62.5%}
24  ----O                                                                     (4 = 12.5%) {68.8%}
29  O                                                                         (0 = 0.0%) {81.2%}
34  -O                                                                        (1 = 3.1%) {81.2%}
40  ... 
57  -----O                                                                    (5 = 15.6%) {84.4%}
68  ... 

Histogram: Sql.Statement.DIPS.VMSteps recorded 28 samples, mean = 14.4 (flags = 0x41)
0   ... 
3   --O                                                                       (2 = 7.1%) {0.0%}
4   O                                                                         (0 = 0.0%) {7.1%}
5   -O                                                                        (1 = 3.6%) {7.1%}
6   ... 
8   ----O                                                                     (4 = 14.3%) {10.7%}
10  -O                                                                        (1 = 3.6%) {25.0%}
12  ----------O                                                               (10 = 35.7%) {28.6%}
14  --O                                                                       (2 = 7.1%) {64.3%}
17  -O                                                                        (1 = 3.6%) {71.4%}
20  ---O                                                                      (3 = 10.7%) {75.0%}
24  ----O                                                                     (4 = 14.3%) {85.7%}
29  ... 

Histogram: Sql.Statement.FirstPartySets.VMSteps recorded 34 samples, mean = 64.9 (flags = 0x41)
0     ... 
3     ----------O                                                               (10 = 29.4%) {0.0%}
4     O                                                                         (0 = 0.0%) {29.4%}
5     -O                                                                        (1 = 2.9%) {29.4%}
6     ... 
8     ---O                                                                      (3 = 8.8%) {32.4%}
10    -----O                                                                    (5 = 14.7%) {41.2%}
12    -----------O                                                              (11 = 32.4%) {55.9%}
14    ... 
20    -O                                                                        (1 = 2.9%) {88.2%}
24    --O                                                                       (2 = 5.9%) {91.2%}
29    ... 
1782  -O                                                                        (1 = 2.9%) {97.1%}
2117  ... 

Histogram: Sql.Statement.History.VMSteps recorded 102 samples, mean = 60.6 (flags = 0x41)
0     ... 
3     ------O                                                                   (6 = 5.9%) {0.0%}
4     O                                                                         (0 = 0.0%) {5.9%}
5     -O                                                                        (1 = 1.0%) {5.9%}
6     --O                                                                       (2 = 2.0%) {6.9%}
7     O                                                                         (0 = 0.0%) {8.8%}
8     ----O                                                                     (4 = 3.9%) {8.8%}
10    ----O                                                                     (4 = 3.9%) {12.7%}
12    ----------------------O                                                   (22 = 21.6%) {16.7%}
14    -O                                                                        (1 = 1.0%) {38.2%}
17    -------------------O                                                      (19 = 18.6%) {39.2%}
20    -------------O                                                            (13 = 12.7%) {57.8%}
24    ----------O                                                               (10 = 9.8%) {70.6%}
29    ---O                                                                      (3 = 2.9%) {80.4%}
34    -O                                                                        (1 = 1.0%) {83.3%}
40    -O                                                                        (1 = 1.0%) {84.3%}
48    -O                                                                        (1 = 1.0%) {85.3%}
57    -O                                                                        (1 = 1.0%) {86.3%}
68    -----O                                                                    (5 = 4.9%) {87.3%}
81    -O                                                                        (1 = 1.0%) {92.2%}
96    -O                                                                        (1 = 1.0%) {93.1%}
114   O                                                                         (0 = 0.0%) {94.1%}
135   ----O                                                                     (4 = 3.9%) {94.1%}
160   ... 
1500  --O                                                                       (2 = 2.0%) {98.0%}
1782  ... 

Histogram: Sql.Statement.OptOutBlacklist.VMSteps recorded 4 samples, mean = 10.8 (flags = 0x41)
0   ... 
5   -O                                                                        (1 = 25.0%) {0.0%}
6   O                                                                         (0 = 0.0%) {25.0%}
7   -O                                                                        (1 = 25.0%) {25.0%}
8   O                                                                         (0 = 0.0%) {50.0%}
10  -O                                                                        (1 = 25.0%) {50.0%}
12  ... 
20  -O                                                                        (1 = 25.0%) {75.0%}
24  ... 

Histogram: Sql.Statement.Passwords.VMSteps recorded 51 samples, mean = 24.6 (flags = 0x41)
0   ... 
3   ----O                                                                     (4 = 7.8%) {0.0%}
4   O                                                                         (0 = 0.0%) {7.8%}
5   --O                                                                       (2 = 3.9%) {7.8%}
6   ------O                                                                   (6 = 11.8%) {11.8%}
7   ----O                                                                     (4 = 7.8%) {23.5%}
8   ---O                                                                      (3 = 5.9%) {31.4%}
10  O                                                                         (0 = 0.0%) {37.3%}
12  ------------O                                                             (12 = 23.5%) {37.3%}
14  --O                                                                       (2 = 3.9%) {60.8%}
17  O                                                                         (0 = 0.0%) {64.7%}
20  --O                                                                       (2 = 3.9%) {64.7%}
24  ... 
34  --O                                                                       (2 = 3.9%) {68.6%}
40  ----O                                                                     (4 = 7.8%) {72.5%}
48  O                                                                         (0 = 0.0%) {80.4%}
57  ----O                                                                     (4 = 7.8%) {80.4%}
68  ------O                                                                   (6 = 11.8%) {88.2%}
81  ... 

Histogram: Sql.Statement.Predictor.VMSteps recorded 15 samples, mean = 15.4 (flags = 0x41)
0   ... 
3   --O                                                                       (2 = 13.3%) {0.0%}
4   O                                                                         (0 = 0.0%) {13.3%}
5   -O                                                                        (1 = 6.7%) {13.3%}
6   ---O                                                                      (3 = 20.0%) {20.0%}
7   O                                                                         (0 = 0.0%) {40.0%}
8   -O                                                                        (1 = 6.7%) {40.0%}
10  --O                                                                       (2 = 13.3%) {46.7%}
12  -O                                                                        (1 = 6.7%) {60.0%}
14  -O                                                                        (1 = 6.7%) {66.7%}
17  ... 
24  -O                                                                        (1 = 6.7%) {73.3%}
29  -O                                                                        (1 = 6.7%) {80.0%}
34  O                                                                         (0 = 0.0%) {86.7%}
40  -O                                                                        (1 = 6.7%) {86.7%}
48  -O                                                                        (1 = 6.7%) {93.3%}
57  ... 

Histogram: Sql.Statement.Quota.VMSteps recorded 15 samples, mean = 8.8 (flags = 0x41)
0   ... 
3   ----O                                                                     (4 = 26.7%) {0.0%}
4   O                                                                         (0 = 0.0%) {26.7%}
5   -O                                                                        (1 = 6.7%) {26.7%}
6   ... 
8   --O                                                                       (2 = 13.3%) {33.3%}
10  O                                                                         (0 = 0.0%) {46.7%}
12  --------O                                                                 (8 = 53.3%) {46.7%}
14  ... 

Histogram: Sql.Statement.ReportingAndNEL.VMSteps recorded 12 samples, mean = 13.8 (flags = 0x41)
0   ... 
3   --O                                                                       (2 = 16.7%) {0.0%}
4   O                                                                         (0 = 0.0%) {16.7%}
5   -O                                                                        (1 = 8.3%) {16.7%}
6   -O                                                                        (1 = 8.3%) {25.0%}
7   ... 
12  -----O                                                                    (5 = 41.7%) {33.3%}
14  ... 
20  -O                                                                        (1 = 8.3%) {75.0%}
24  O                                                                         (0 = 0.0%) {83.3%}
29  -O                                                                        (1 = 8.3%) {83.3%}
34  -O                                                                        (1 = 8.3%) {91.7%}
40  ... 

Histogram: Sql.Statement.SharedDictionary.VMSteps recorded 22 samples, mean = 9.5 (flags = 0x41)
0   ... 
3   --------O                                                                 (8 = 36.4%) {0.0%}
4   O                                                                         (0 = 0.0%) {36.4%}
5   -O                                                                        (1 = 4.5%) {36.4%}
6   ... 
8   -O                                                                        (1 = 4.5%) {40.9%}
10  O                                                                         (0 = 0.0%) {45.5%}
12  ---------O                                                                (9 = 40.9%) {45.5%}
14  O                                                                         (0 = 0.0%) {86.4%}
17  --O                                                                       (2 = 9.1%) {86.4%}
20  -O                                                                        (1 = 4.5%) {95.5%}
24  ... 

Histogram: Sql.Statement.SharedStorage.VMSteps recorded 3 samples, mean = 7.7 (flags = 0x41)
0   ... 
5   -O                                                                        (1 = 33.3%) {0.0%}
6   ... 
8   -O                                                                        (1 = 33.3%) {33.3%}
10  -O                                                                        (1 = 33.3%) {66.7%}
12  ... 

Histogram: Sql.Statement.Thumbnail.VMSteps recorded 22 samples, mean = 12.5 (flags = 0x41)
0   ... 
3   ------O                                                                   (6 = 27.3%) {0.0%}
4   O                                                                         (0 = 0.0%) {27.3%}
5   -O                                                                        (1 = 4.5%) {27.3%}
6   ... 
8   -O                                                                        (1 = 4.5%) {31.8%}
10  O                                                                         (0 = 0.0%) {36.4%}
12  ----------O                                                               (10 = 45.5%) {36.4%}
14  ... 
20  -O                                                                        (1 = 4.5%) {81.8%}
24  O                                                                         (0 = 0.0%) {86.4%}
29  ---O                                                                      (3 = 13.6%) {86.4%}
34  ... 

Histogram: Sql.Statement.TopSites.VMSteps recorded 13 samples, mean = 12.7 (flags = 0x41)
0   ... 
3   --O                                                                       (2 = 15.4%) {0.0%}
4   O                                                                         (0 = 0.0%) {15.4%}
5   -O                                                                        (1 = 7.7%) {15.4%}
6   ... 
12  ---------O                                                                (9 = 69.2%) {23.1%}
14  ... 
40  -O                                                                        (1 = 7.7%) {92.3%}
48  ... 

Histogram: Sql.Statement.TrustTokens.VMSteps recorded 16 samples, mean = 14.1 (flags = 0x41)
0   ... 
3   --O                                                                       (2 = 12.5%) {0.0%}
4   O                                                                         (0 = 0.0%) {12.5%}
5   -O                                                                        (1 = 6.2%) {12.5%}
6   ---O                                                                      (3 = 18.8%) {18.8%}
7   ... 
10  -O                                                                        (1 = 6.2%) {37.5%}
12  -----O                                                                    (5 = 31.2%) {43.8%}
14  ... 
20  -O                                                                        (1 = 6.2%) {75.0%}
24  O                                                                         (0 = 0.0%) {81.2%}
29  -O                                                                        (1 = 6.2%) {81.2%}
34  --O                                                                       (2 = 12.5%) {87.5%}
40  ... 

Histogram: Sql.Statement.UKMMetrics.VMSteps recorded 31 samples, mean = 14.0 (flags = 0x41)
0   ... 
3   -----O                                                                    (5 = 16.1%) {0.0%}
4   O                                                                         (0 = 0.0%) {16.1%}
5   -O                                                                        (1 = 3.2%) {16.1%}
6   ... 
8   --------O                                                                 (8 = 25.8%) {19.4%}
10  O                                                                         (0 = 0.0%) {45.2%}
12  ------O                                                                   (6 = 19.4%) {45.2%}
14  O                                                                         (0 = 0.0%) {64.5%}
17  -O                                                                        (1 = 3.2%) {64.5%}
20  -------O                                                                  (7 = 22.6%) {67.7%}
24  O                                                                         (0 = 0.0%) {90.3%}
29  -O                                                                        (1 = 3.2%) {90.3%}
34  O                                                                         (0 = 0.0%) {93.5%}
40  --O                                                                       (2 = 6.5%) {93.5%}
48  ... 

Histogram: Sql.Statement.Web.VMSteps recorded 125 samples, mean = 52.3 (flags = 0x41)
0    ... 
3    ----------O                                                               (10 = 8.0%) {0.0%}
4    -O                                                                        (1 = 0.8%) {8.0%}
5    -O                                                                        (1 = 0.8%) {8.8%}
6    ------------O                                                             (12 = 9.6%) {9.6%}
7    ----------O                                                               (10 = 8.0%) {19.2%}
8    ------O                                                                   (6 = 4.8%) {27.2%}
10   ----------O                                                               (10 = 8.0%) {32.0%}
12   ------------------O                                                       (18 = 14.4%) {40.0%}
14   -O                                                                        (1 = 0.8%) {54.4%}
17   ---O                                                                      (3 = 2.4%) {55.2%}
20   -O                                                                        (1 = 0.8%) {57.6%}
24   -O                                                                        (1 = 0.8%) {58.4%}
29   --O                                                                       (2 = 1.6%) {59.2%}
34   --O                                                                       (2 = 1.6%) {60.8%}
40   ---O                                                                      (3 = 2.4%) {62.4%}
48   ---O                                                                      (3 = 2.4%) {64.8%}
57   ----O                                                                     (4 = 3.2%) {67.2%}
68   ----O                                                                     (4 = 3.2%) {70.4%}
81   --O                                                                       (2 = 1.6%) {73.6%}
96   -------O                                                                  (7 = 5.6%) {75.2%}
114  -----O                                                                    (5 = 4.0%) {80.8%}
135  -------O                                                                  (7 = 5.6%) {84.8%}
160  -----O                                                                    (5 = 4.0%) {90.4%}
190  ------O                                                                   (6 = 4.8%) {94.4%}
226  O                                                                         (0 = 0.0%) {99.2%}
268  -O                                                                        (1 = 0.8%) {99.2%}
318  ... 

Histogram: Sql.vfs.SyncTime recorded 51 samples, mean = 0.2 (flags = 0x41)
0  -------------------------------------------O                              (43 = 84.3%)
1  -------O                                                                  (7 = 13.7%) {84.3%}
2  -O                                                                        (1 = 2.0%) {98.0%}
3  ... 

Histogram: Stability.Counts2 recorded 21 samples, mean = 28.5 (flags = 0x43)
0   ... 
2   --O                                                                       (2 = 9.5%) {0.0%}
3   ... 
15  -O                                                                        (1 = 4.8%) {9.5%}
16  ... 
26  --O                                                                       (2 = 9.5%) {14.3%}
27  ... 
33  ----------------O                                                         (16 = 76.2%) {23.8%}
34  O                                                                         (0 = 0.0%) {100.0%}

Histogram: Stability.Experimental.PageLoads recorded 2 samples, mean = 17.0 (flags = 0x41)
0   ... 
17  --O                                                                       (2 = 100.0%) {0.0%}
18  O                                                                         (0 = 0.0%) {100.0%}

Histogram: Startup.AfterStartupTaskCount recorded 1 samples, mean = 2.0 (flags = 0x41)
0  ... 
2  -O                                                                        (1 = 100.0%) {0.0%}
3  ... 

Histogram: Startup.AfterStartupTaskDelayedUntilTime recorded 1 samples, mean = 17562.0 (flags = 0x41)
0      ... 
15215  -O                                                                        (1 = 100.0%) {0.0%}
20614  ... 

Histogram: Startup.BrowserMainRunnerImplInitializeLongTime recorded 1 samples, mean = 63.0 (flags = 0x41)
0   ... 
58  -O                                                                        (1 = 100.0%) {0.0%}
67  ... 

Histogram: Startup.BrowserMessageLoopFirstIdle recorded 1 samples, mean = 1877028.0 (flags = 0x41)
0        ... 
1757160  -O                                                                        (1 = 100.0%) {0.0%}
2028194  ... 

Histogram: Startup.BrowserMessageLoopStartTime recorded 1 samples, mean = 85.0 (flags = 0x41)
0   ... 
77  -O                                                                        (1 = 100.0%) {0.0%}
89  ... 

Histogram: Startup.CreateFirstProfile recorded 1 samples, mean = 33.0 (flags = 0x41)
0   ... 
26  -O                                                                        (1 = 100.0%) {0.0%}
35  ... 

Histogram: Startup.FirstWebContents.FinishReason recorded 1 samples, mean = 6.0 (flags = 0x41)
0  ... 
6  -O                                                                        (1 = 100.0%) {0.0%}
7  ... 

Histogram: Startup.LoadTime.ApplicationStartToChromeMain recorded 1 samples, mean = 0.0 (flags = 0x41)
0  -O                                                                        (1 = 100.0%)
1  ... 

Histogram: Startup.LoadTime.ProcessCreateToApplicationStart recorded 1 samples, mean = 11776.0 (flags = 0x41)
0      ... 
11230  -O                                                                        (1 = 100.0%) {0.0%}
15215  ... 

Histogram: Startup.LoadTime.RecordedProcessCreation recorded 1 samples, mean = 1.0 (flags = 0x1)
0  O                                                                         (0 = 0.0%)
1  -O                                                                        (1 = 100.0%) {0.0%}
2  O                                                                         (0 = 0.0%) {100.0%}

Histogram: Startup.PreMainMessageLoopRunImplLongTime recorded 1 samples, mean = 39.0 (flags = 0x41)
0   ... 
37  -O                                                                        (1 = 100.0%) {0.0%}
43  ... 

Histogram: Startup.Temperature recorded 1 samples, mean = 3.0 (flags = 0x41)
0  ... 
3  -O                                                                        (1 = 100.0%) {0.0%}
4  O                                                                         (0 = 0.0%) {100.0%}

Histogram: Storage.Blob.CreateDirectoryResult recorded 1 samples, mean = 0.0 (flags = 0x41)
0  -O                                                                        (1 = 100.0%)
1  ... 

Histogram: Storage.SessionStorage.RendererAreaCacheHit recorded 2 samples, mean = 1.0 (flags = 0x41)
0  -O                                                                        (1 = 50.0%)
1  O                                                                         (0 = 0.0%) {50.0%}
2  -O                                                                        (1 = 50.0%) {50.0%}
3  O                                                                         (0 = 0.0%) {100.0%}

Histogram: Storage.SharedStorage.Database.Timing.OpenImpl recorded 1 samples, mean = 31.0 (flags = 0x41)
0   ... 
29  -O                                                                        (1 = 100.0%) {0.0%}
34  ... 

Histogram: Storage.SharedStorage.OnShutdown.NumSqlErrors recorded 1 samples, mean = 0.0 (flags = 0x41)
0  -O                                                                        (1 = 100.0%)
1  ... 

Histogram: Storage.SharedStorage.OnShutdown.RecoveryFromInitFailureAttempted recorded 1 samples, mean = 0.0 (flags = 0x41)
0  -O                                                                        (1 = 100.0%)
1  ... 

Histogram: Storage.SharedStorage.OnShutdown.RecoveryOnDiskAttempted recorded 1 samples, mean = 0.0 (flags = 0x41)
0  -O                                                                        (1 = 100.0%)
1  ... 

Histogram: Storage.SharedStorage.Worklet.NumPerPage recorded 1 samples, mean = 0.0 (flags = 0x41)
0  -O                                                                        (1 = 100.0%)
1  ... 

Histogram: Storage.SharedStorage.Worklet.SelectURL.CallsPerPage recorded 1 samples, mean = 0.0 (flags = 0x41)
0  -O                                                                        (1 = 100.0%)
1  ... 

Histogram: Style.InvalidationTime recorded 1 samples, mean = 56.0 (flags = 0x41)
0   ... 
55  -O                                                                        (1 = 100.0%) {0.0%}
76  ... 

Histogram: Style.RebuildLayoutTreeTime recorded 7 samples, mean = 720.0 (flags = 0x41)
0     ... 
21    -O                                                                        (1 = 14.3%) {0.0%}
29    O                                                                         (0 = 0.0%) {14.3%}
40    --O                                                                       (2 = 28.6%) {14.3%}
55    O                                                                         (0 = 0.0%) {42.9%}
76    -O                                                                        (1 = 14.3%) {42.9%}
105   ... 
282   -O                                                                        (1 = 14.3%) {57.1%}
391   -O                                                                        (1 = 14.3%) {71.4%}
542   ... 
3865  -O                                                                        (1 = 14.3%) {85.7%}
5362  ... 

Histogram: Style.RecalcTime recorded 11 samples, mean = 2294.5 (flags = 0x41)
0     ... 
2     -O                                                                        (1 = 9.1%) {0.0%}
3     ... 
40    --O                                                                       (2 = 18.2%) {9.1%}
55    ... 
105   --O                                                                       (2 = 18.2%) {27.3%}
146   ... 
752   -O                                                                        (1 = 9.1%) {45.5%}
1043  O                                                                         (0 = 0.0%) {54.5%}
1447  -O                                                                        (1 = 9.1%) {54.5%}
2008  O                                                                         (0 = 0.0%) {63.6%}
2786  -O                                                                        (1 = 9.1%) {63.6%}
3865  -O                                                                        (1 = 9.1%) {72.7%}
5362  -O                                                                        (1 = 9.1%) {81.8%}
7439  -O                                                                        (1 = 9.1%) {90.9%}
10321 ... 

Histogram: SubresourceFilter.DocumentLoad.RulesetIsAvailable recorded 3 samples, mean = 1.0 (flags = 0x41)
0  O                                                                         (0 = 0.0%)
1  ---O                                                                      (3 = 100.0%) {0.0%}
2  O                                                                         (0 = 0.0%) {100.0%}

Histogram: SubresourceFilter.IndexRuleset.CPUDuration recorded 1 samples, mean = 15.0 (flags = 0x41)
0   ... 
14  -O                                                                        (1 = 100.0%) {0.0%}
17  ... 

Histogram: SubresourceFilter.IndexRuleset.NumUnsupportedRules recorded 1 samples, mean = 0.0 (flags = 0x41)
0  -O                                                                        (1 = 100.0%)
1  ... 

Histogram: SubresourceFilter.IndexRuleset.Verify.Status recorded 2 samples, mean = 0.0 (flags = 0x41)
0  --O                                                                       (2 = 100.0%)
1  ... 

Histogram: SubresourceFilter.IndexRuleset.Verify2.WallDuration recorded 2 samples, mean = 0.0 (flags = 0x41)
0  --O                                                                       (2 = 100.0%)
1  ... 

Histogram: SubresourceFilter.IndexRuleset.WallDuration recorded 1 samples, mean = 18.0 (flags = 0x41)
0   ... 
17  -O                                                                        (1 = 100.0%) {0.0%}
20  ... 

Histogram: SubresourceFilter.MainFrameLoad.RulesetIsAvailableAnyActivationLevel recorded 1 samples, mean = 1.0 (flags = 0x41)
0  O                                                                         (0 = 0.0%)
1  -O                                                                        (1 = 100.0%) {0.0%}
2  O                                                                         (0 = 0.0%) {100.0%}

Histogram: SubresourceFilter.PageLoad.ActivationDecision recorded 1 samples, mean = 1.0 (flags = 0x41)
0  O                                                                         (0 = 0.0%)
1  -O                                                                        (1 = 100.0%) {0.0%}
2  ... 

Histogram: SubresourceFilter.PageLoad.ActivationList recorded 1 samples, mean = 0.0 (flags = 0x41)
0  -O                                                                        (1 = 100.0%)
1  ... 

Histogram: SubresourceFilter.PageLoad.ActivationState recorded 2 samples, mean = 0.5 (flags = 0x41)
0  -O                                                                        (1 = 50.0%)
1  -O                                                                        (1 = 50.0%) {50.0%}
2  ... 

Histogram: SubresourceFilter.PageLoad.NumSubresourceLoads.Disallowed recorded 1 samples, mean = 0.0 (flags = 0x41)
0  -O                                                                        (1 = 100.0%)
1  ... 

Histogram: SubresourceFilter.PageLoad.NumSubresourceLoads.Evaluated recorded 1 samples, mean = 102.0 (flags = 0x41)
0   ... 
95  -O                                                                        (1 = 100.0%) {0.0%}
107 ... 

Histogram: SubresourceFilter.PageLoad.NumSubresourceLoads.MatchedRules recorded 1 samples, mean = 0.0 (flags = 0x41)
0  -O                                                                        (1 = 100.0%)
1  ... 

Histogram: SubresourceFilter.PageLoad.NumSubresourceLoads.Total recorded 1 samples, mean = 102.0 (flags = 0x41)
0   ... 
95  -O                                                                        (1 = 100.0%) {0.0%}
107 ... 

Histogram: SubresourceFilter.PageLoad.SafeBrowsingDelay recorded 1 samples, mean = 0.0 (flags = 0x41)
0  -O                                                                        (1 = 100.0%)
1  ... 

Histogram: SubresourceFilter.SafeBrowsing.TotalCheckTime recorded 3 samples, mean = 0.0 (flags = 0x41)
0  ---O                                                                      (3 = 100.0%)
1  ... 

Histogram: SubresourceFilter.WriteRuleset.Result recorded 1 samples, mean = 0.0 (flags = 0x41)
0  -O                                                                        (1 = 100.0%)
1  ... 

Histogram: Sync.FeatureStatusForSyncToSigninMigration recorded 1 samples, mean = 1.0 (flags = 0x41)
0  O                                                                         (0 = 0.0%)
1  -O                                                                        (1 = 100.0%) {0.0%}
2  ... 

Histogram: Sync.InitialState2 recorded 1 samples, mean = 1.0 (flags = 0x41)
0  O                                                                         (0 = 0.0%)
1  -O                                                                        (1 = 100.0%) {0.0%}
2  ... 

Histogram: Sync.Local.Enabled2 recorded 1 samples, mean = 0.0 (flags = 0x41)
0  -O                                                                        (1 = 100.0%)
1  ... 

Histogram: Sync.ModelTypeStoreBackendError.ReadRecords recorded 22 samples, mean = 1.0 (flags = 0x41)
0  O                                                                         (0 = 0.0%)
1  ----------------------O                                                   (22 = 100.0%) {0.0%}
2  ... 

Histogram: Sync.ModelTypeStoreBackendInitializationSuccess recorded 1 samples, mean = 1.0 (flags = 0x41)
0  O                                                                         (0 = 0.0%)
1  -O                                                                        (1 = 100.0%) {0.0%}
2  O                                                                         (0 = 0.0%) {100.0%}

Histogram: Sync.PassphraseType2 recorded 1 samples, mean = 0.0 (flags = 0x41)
0  -O                                                                        (1 = 100.0%)
1  ... 

Histogram: Sync.Startup.AccountInfoFullyLoaded2 recorded 1 samples, mean = 0.0 (flags = 0x41)
0  -O                                                                        (1 = 100.0%)
1  ... 

Histogram: Sync.Startup.SignedInWithoutAccountInfo2 recorded 1 samples, mean = 0.0 (flags = 0x41)
0  -O                                                                        (1 = 100.0%)
1  ... 

Histogram: Sync.SyncToSigninMigrationDecision recorded 1 samples, mean = 1.0 (flags = 0x41)
0  O                                                                         (0 = 0.0%)
1  -O                                                                        (1 = 100.0%) {0.0%}
2  ... 

Histogram: Sync.TrustedVaultFileReadStatus recorded 1 samples, mean = 0.0 (flags = 0x41)
0  -O                                                                        (1 = 100.0%)
1  ... 

Histogram: Sync.TrustedVaultFileWriteSuccess recorded 1 samples, mean = 1.0 (flags = 0x41)
0  O                                                                         (0 = 0.0%)
1  -O                                                                        (1 = 100.0%) {0.0%}
2  O                                                                         (0 = 0.0%) {100.0%}

Histogram: TabGroups.CollapsedGroupCountPerLoad recorded 1 samples, mean = 0.0 (flags = 0x41)
0  -O                                                                        (1 = 100.0%)
1  ... 

Histogram: TabGroups.ParseSavedTabGroupDataEntries.ParseFailurePercentage recorded 1 samples, mean = 0.0 (flags = 0x41)
0  -O                                                                        (1 = 100.0%)
1  ... 

Histogram: TabGroups.SavedTabGroupSyncBridge.MigrationResult recorded 4 samples, mean = 6.8 (flags = 0x41)
0   O                                                                         (0 = 0.0%)
1   -O                                                                        (1 = 25.0%) {0.0%}
2   O                                                                         (0 = 0.0%) {25.0%}
3   -O                                                                        (1 = 25.0%) {25.0%}
4   ... 
8   -O                                                                        (1 = 25.0%) {50.0%}
9   ... 
15  -O                                                                        (1 = 25.0%) {75.0%}
16  O                                                                         (0 = 0.0%) {100.0%}

Histogram: TabGroups.UserCustomizedGroupCountPerLoad recorded 1 samples, mean = 0.0 (flags = 0x41)
0  -O                                                                        (1 = 100.0%)
1  ... 

Histogram: TabGroups.UserGroupCountPerLoad recorded 1 samples, mean = 0.0 (flags = 0x41)
0  -O                                                                        (1 = 100.0%)
1  ... 

Histogram: TabGroups.UserPinnedTabCountPerLoad recorded 1 samples, mean = 0.0 (flags = 0x41)
0  -O                                                                        (1 = 100.0%)
1  ... 

Histogram: Tabs.NewNavigationWithSameOriginTab recorded 1 samples, mean = 0.0 (flags = 0x41)
0  -O                                                                        (1 = 100.0%)
1  ... 

Histogram: Tabs.TabCount recorded 6 samples, mean = 0.0 (flags = 0x41)
0  ------O                                                                   (6 = 100.0%)
1  ... 

Histogram: Tabs.TabCount.PluggedIn recorded 6 samples, mean = 0.0 (flags = 0x41)
0  ------O                                                                   (6 = 100.0%)
1  ... 

Histogram: Tabs.TabCountPerLoad recorded 1 samples, mean = 0.0 (flags = 0x41)
0  -O                                                                        (1 = 100.0%)
1  ... 

Histogram: Tabs.WindowCount recorded 6 samples, mean = 0.0 (flags = 0x41)
0  ------O                                                                   (6 = 100.0%)
1  ... 

Histogram: Tabs.WindowCount.PluggedIn recorded 6 samples, mean = 0.0 (flags = 0x41)
0  ------O                                                                   (6 = 100.0%)
1  ... 

Histogram: ThirdPartyModules.InputMethodEditorsCount recorded 1 samples, mean = 0.0 (flags = 0x41)
0  -O                                                                        (1 = 100.0%)
1  ... 

Histogram: ThreadPool.UnnecessaryWakeup.Browser.Background recorded 4 samples, mean = 1.0 (flags = 0x41)
0  O                                                                         (0 = 0.0%)
1  ----O                                                                     (4 = 100.0%) {0.0%}
2  O                                                                         (0 = 0.0%) {100.0%}

Histogram: ThreadPool.UnnecessaryWakeup.Browser.Foreground recorded 80 samples, mean = 1.0 (flags = 0x41)
0  O                                                                         (0 = 0.0%)
1  ------------------------------------------------------------------------O (80 = 100.0%) {0.0%}
2  O                                                                         (0 = 0.0%) {100.0%}

Histogram: ThreadPool.UnnecessaryWakeup.ContentChild.Background recorded 1 samples, mean = 1.0 (flags = 0x41)
0  O                                                                         (0 = 0.0%)
1  -O                                                                        (1 = 100.0%) {0.0%}
2  O                                                                         (0 = 0.0%) {100.0%}

Histogram: ThreadPool.UnnecessaryWakeup.ContentChild.Foreground recorded 6 samples, mean = 1.0 (flags = 0x41)
0  O                                                                         (0 = 0.0%)
1  ------O                                                                   (6 = 100.0%) {0.0%}
2  O                                                                         (0 = 0.0%) {100.0%}

Histogram: ThreadPool.UnnecessaryWakeup.GPU.Foreground recorded 2 samples, mean = 1.0 (flags = 0x41)
0  O                                                                         (0 = 0.0%)
1  --O                                                                       (2 = 100.0%) {0.0%}
2  O                                                                         (0 = 0.0%) {100.0%}

Histogram: ThreadPool.UnnecessaryWakeup.Renderer.Foreground recorded 79 samples, mean = 1.0 (flags = 0x41)
0  O                                                                         (0 = 0.0%)
1  ------------------------------------------------------------------------O (79 = 100.0%) {0.0%}
2  O                                                                         (0 = 0.0%) {100.0%}

Histogram: Translate.ApplicationStart.AlwaysTranslateLanguage.Count recorded 1 samples, mean = 0.0 (flags = 0x41)
0  -O                                                                        (1 = 100.0%)
1  ... 

Histogram: Translate.ApplicationStart.NeverTranslateLanguage recorded 1 samples (flags = 0x41)
-74147910-O                                                                        (1 = 100.0%)

Histogram: Translate.ApplicationStart.NeverTranslateLanguage.Count recorded 1 samples, mean = 1.0 (flags = 0x41)
0  O                                                                         (0 = 0.0%)
1  -O                                                                        (1 = 100.0%) {0.0%}
2  ... 

Histogram: Translate.ApplicationStart.NeverTranslateSite.Count recorded 1 samples, mean = 0.0 (flags = 0x41)
0  -O                                                                        (1 = 100.0%)
1  ... 

Histogram: Translate.LanguageDetection.LanguageVerification recorded 1 samples, mean = 2.0 (flags = 0x41)
0  ... 
2  -O                                                                        (1 = 100.0%) {0.0%}
3  ... 

Histogram: Translate.LanguageDeterminedDuration recorded 1 samples, mean = 16.0 (flags = 0x41)
0   ... 
14  -O                                                                        (1 = 100.0%) {0.0%}
19  ... 

Histogram: Translate.PageLoad.FinalSourceLanguage recorded 1 samples (flags = 0x41)
-74147910-O                                                                        (1 = 100.0%)

Histogram: Translate.PageLoad.FinalState recorded 1 samples, mean = 1.0 (flags = 0x41)
0  O                                                                         (0 = 0.0%)
1  -O                                                                        (1 = 100.0%) {0.0%}
2  ... 

Histogram: Translate.PageLoad.FinalTargetLanguage recorded 1 samples (flags = 0x41)
-74147910-O                                                                        (1 = 100.0%)

Histogram: Translate.PageLoad.InitialSourceLanguage recorded 1 samples (flags = 0x41)
-74147910-O                                                                        (1 = 100.0%)

Histogram: Translate.PageLoad.InitialState recorded 1 samples, mean = 1.0 (flags = 0x41)
0  O                                                                         (0 = 0.0%)
1  -O                                                                        (1 = 100.0%) {0.0%}
2  ... 

Histogram: Translate.PageLoad.InitialTargetLanguage recorded 1 samples (flags = 0x41)
-74147910-O                                                                        (1 = 100.0%)

Histogram: Translate.PageLoad.InitialTargetLanguage.Origin recorded 1 samples, mean = 1.0 (flags = 0x41)
0  O                                                                         (0 = 0.0%)
1  -O                                                                        (1 = 100.0%) {0.0%}
2  ... 

Histogram: Translate.PageLoad.IsInitialSourceLanguageInUsersContentLanguages recorded 1 samples, mean = 1.0 (flags = 0x41)
0  O                                                                         (0 = 0.0%)
1  -O                                                                        (1 = 100.0%) {0.0%}
2  O                                                                         (0 = 0.0%) {100.0%}

Histogram: Translate.PageLoad.NumReversions recorded 1 samples, mean = 0.0 (flags = 0x41)
0  -O                                                                        (1 = 100.0%)
1  ... 

Histogram: Translate.PageLoad.NumTargetLanguageChanges recorded 1 samples, mean = 0.0 (flags = 0x41)
0  -O                                                                        (1 = 100.0%)
1  ... 

Histogram: Translate.PageLoad.NumTranslations recorded 1 samples, mean = 0.0 (flags = 0x41)
0  -O                                                                        (1 = 100.0%)
1  ... 

Histogram: Translate.PageLoad.Ranker.Decision recorded 1 samples, mean = 1.0 (flags = 0x41)
0  O                                                                         (0 = 0.0%)
1  -O                                                                        (1 = 100.0%) {0.0%}
2  ... 

Histogram: Translate.PageLoad.Ranker.Version recorded 1 samples (flags = 0x41)
0  -O                                                                        (1 = 100.0%)

Histogram: Translate.PageLoad.TriggerDecision recorded 1 samples, mean = 4.0 (flags = 0x41)
0  ... 
4  -O                                                                        (1 = 100.0%) {0.0%}
5  ... 

Histogram: Translate.Ranker.Model.Status2 recorded 2 samples, mean = 6.5 (flags = 0x41)
0  ... 
6  -O                                                                        (1 = 50.0%) {0.0%}
7  -O                                                                        (1 = 50.0%) {50.0%}
8  O                                                                         (0 = 0.0%) {100.0%}

Histogram: UI.DeviceScale recorded 1 samples (flags = 0x41)
150  -O                                                                        (1 = 100.0%)

Histogram: UKM.ConsentObserver.Purge recorded 1 samples, mean = 0.0 (flags = 0x41)
0  -O                                                                        (1 = 100.0%)
1  ... 

Histogram: UKM.Entries.Dropped recorded 129 samples, mean = 1.0 (flags = 0x41)
0  O                                                                         (0 = 0.0%)
1  ------------------------------------------------------------------------O (129 = 100.0%) {0.0%}
2  ... 

Histogram: UKM.Entries.Dropped.ByEntryHash recorded 129 samples (flags = 0x41)
58315124    -O                                                                        (1 = 0.8%)
181657211   --O                                                                       (2 = 1.6%)
189164898   -O                                                                        (1 = 0.8%)
251237400   -O                                                                        (1 = 0.8%)
270025173   -O                                                                        (1 = 0.8%)
277070773   -O                                                                        (1 = 0.8%)
385121421   -O                                                                        (1 = 0.8%)
480593958   ----O                                                                     (4 = 3.1%)
532600439   ---O                                                                      (3 = 2.3%)
575234402   -O                                                                        (1 = 0.8%)
624513781   -O                                                                        (1 = 0.8%)
654949485   ---------------O                                                          (15 = 11.6%)
661477988   -O                                                                        (1 = 0.8%)
705322609   ---O                                                                      (3 = 2.3%)
805578149   -O                                                                        (1 = 0.8%)
810755299   -O                                                                        (1 = 0.8%)
828084724   ---------------O                                                          (15 = 11.6%)
854760832   -O                                                                        (1 = 0.8%)
888761441   -O                                                                        (1 = 0.8%)
902138984   --------O                                                                 (8 = 6.2%)
986870865   ----O                                                                     (4 = 3.1%)
1004547038  -O                                                                        (1 = 0.8%)
1035062417  -O                                                                        (1 = 0.8%)
1078164680  --O                                                                       (2 = 1.6%)
1149114043  -O                                                                        (1 = 0.8%)
1262170432  --------O                                                                 (8 = 6.2%)
1321082436  --O                                                                       (2 = 1.6%)
1350795912  -O                                                                        (1 = 0.8%)
1354891390  -O                                                                        (1 = 0.8%)
1404242571  ---------------O                                                          (15 = 11.6%)
1548358279  -O                                                                        (1 = 0.8%)
1576109827  -O                                                                        (1 = 0.8%)
1604233346  -------O                                                                  (7 = 5.4%)
1663717192  -O                                                                        (1 = 0.8%)
1767609109  -----------O                                                              (11 = 8.5%)
1832900131  ----O                                                                     (4 = 3.1%)
1866365893  -O                                                                        (1 = 0.8%)
1871083634  -O                                                                        (1 = 0.8%)
2037740339  --O                                                                       (2 = 1.6%)
2066033668  -O                                                                        (1 = 0.8%)

Histogram: UKM.PersistentLogRecall.Status recorded 1 samples, mean = 1.0 (flags = 0x41)
0  O                                                                         (0 = 0.0%)
1  -O                                                                        (1 = 100.0%) {0.0%}
2  ... 

Histogram: UKM.Sources.Dropped recorded 7 samples, mean = 1.0 (flags = 0x41)
0  O                                                                         (0 = 0.0%)
1  -------O                                                                  (7 = 100.0%) {0.0%}
2  ... 

Histogram: UKM.WebDXFeatureSets.Dropped recorded 2 samples, mean = 1.0 (flags = 0x41)
0  O                                                                         (0 = 0.0%)
1  --O                                                                       (2 = 100.0%) {0.0%}
2  ... 

Histogram: UMA.ChildProcess.Ping.Periodic recorded 6 samples, mean = 1.0 (flags = 0x41)
0  --O                                                                       (2 = 33.3%)
1  --O                                                                       (2 = 33.3%) {33.3%}
2  --O                                                                       (2 = 33.3%) {66.7%}
3  O                                                                         (0 = 0.0%) {100.0%}

Histogram: UMA.ChildProcess.Ping.SharedMemorySetUp recorded 58 samples, mean = 1.0 (flags = 0x41)
0  --------------------O                                                     (20 = 34.5%)
1  -------------------O                                                      (19 = 32.8%) {34.5%}
2  -------------------O                                                      (19 = 32.8%) {67.2%}
3  O                                                                         (0 = 0.0%) {100.0%}

Histogram: UMA.CleanExitBeaconConsistency3 recorded 1 samples, mean = 0.0 (flags = 0x41)
0  -O                                                                        (1 = 100.0%)
1  ... 

Histogram: UMA.EntropySourceType recorded 1 samples, mean = 1.0 (flags = 0x41)
0  O                                                                         (0 = 0.0%)
1  -O                                                                        (1 = 100.0%) {0.0%}
2  ... 

Histogram: UMA.LocalHistogram recorded 21 samples, mean = 1.0 (flags = 0x40)
0  O                                                                         (0 = 0.0%)
1  ---------------------O                                                    (21 = 100.0%) {0.0%}
2  O                                                                         (0 = 0.0%) {100.0%}

Histogram: UMA.MachineIdState recorded 1 samples, mean = 3.0 (flags = 0x41)
0  ... 
3  -O                                                                        (1 = 100.0%) {0.0%}
4  O                                                                         (0 = 0.0%) {100.0%}

Histogram: UMA.MetricsService.Initialize.Time recorded 1 samples, mean = 113.0 (flags = 0x41)
0    ... 
113  -O                                                                        (1 = 100.0%) {0.0%}
149  ... 

Histogram: UMA.MetricsService.PendingOngoingLogOnDisable recorded 1 samples, mean = 0.0 (flags = 0x41)
0  -O                                                                        (1 = 100.0%)
1  ... 

Histogram: UMA.PersistentAllocator.BrowserMetrics.Errors recorded 0 samples (flags = 0x41)
0 ... 

Histogram: UMA.PersistentAllocator.BrowserMetrics.UsedPct recorded 0 samples (flags = 0x41)
0 ... 

Histogram: UMA.PersistentAllocator.EarlyHistograms.BrowserMetrics recorded 1 samples, mean = 1.0 (flags = 0x41)
0  O                                                                         (0 = 0.0%)
1  -O                                                                        (1 = 100.0%) {0.0%}
2  ... 

Histogram: UMA.PersistentAllocator.EarlyHistograms.GpuMetrics recorded 1 samples, mean = 25.0 (flags = 0x41)
0   ... 
25  -O                                                                        (1 = 100.0%) {0.0%}
26  ... 

Histogram: UMA.PersistentAllocator.EarlyHistograms.RendererMetrics recorded 2 samples, mean = 30.0 (flags = 0x41)
0   ... 
30  --O                                                                       (2 = 100.0%) {0.0%}
32  ... 

Histogram: UMA.PersistentAllocator.EarlyHistograms.UtilityMetrics recorded 16 samples, mean = 7.0 (flags = 0x41)
0  ... 
7  ----------------O                                                         (16 = 100.0%) {0.0%}
8  ... 

Histogram: UMA.PersistentAllocator.FieldTrialAllocator.Errors recorded 0 samples (flags = 0x41)
0 ... 

Histogram: UMA.PersistentAllocator.FieldTrialAllocator.UsedPct recorded 20 samples, mean = 0.0 (flags = 0x41)
0  --------------------O                                                     (20 = 100.0%)
1  ... 

Histogram: UMA.PersistentHistograms.InitResult recorded 1 samples, mean = 2.0 (flags = 0x41)
0  ... 
2  -O                                                                        (1 = 100.0%) {0.0%}
3  ... 

Histogram: UMA.Pseudo.PageLoad.LayoutInstability.CumulativeShiftScore recorded 1 samples, mean = 0.0 (flags = 0x41)
0  -O                                                                        (1 = 100.0%)
1  ... 

Histogram: UMA.Pseudo.PageLoad.LayoutInstability.MaxCumulativeShiftScore.SessionWindow.Gap1000ms.Max5000ms2 recorded 1 samples, mean = 0.0 (flags = 0x41)
0  -O                                                                        (1 = 100.0%)
1  ... 

Histogram: UnifiedConsent.MakeSearchesAndBrowsingBetter.OnProfileLoad recorded 1 samples, mean = 0.0 (flags = 0x41)
0  -O                                                                        (1 = 100.0%)
1  ... 

Histogram: UpdateClient.BackgroundDownloaderWin.ExistingJobUsed recorded 6 samples, mean = 0.0 (flags = 0x41)
0  ------O                                                                   (6 = 100.0%)
1  ... 

Histogram: UpdateClient.BackgroundDownloaderWin.StaleJobsCleaned recorded 1 samples, mean = 0.0 (flags = 0x41)
0  -O                                                                        (1 = 100.0%)
1  ... 

Histogram: UpdateClient.Component.CanUpdateResult recorded 6 samples, mean = 3.0 (flags = 0x41)
0  ... 
3  ------O                                                                   (6 = 100.0%) {0.0%}
4  O                                                                         (0 = 0.0%) {100.0%}

Histogram: UpdateClient.Component.UpdateCheckResult recorded 19 samples, mean = 2.7 (flags = 0x41)
0  ... 
2  ------O                                                                   (6 = 31.6%) {0.0%}
3  -------------O                                                            (13 = 68.4%) {31.6%}
4  O                                                                         (0 = 0.0%) {100.0%}

Histogram: UpdateClient.Component.Updated recorded 6 samples, mean = 1.0 (flags = 0x41)
0  O                                                                         (0 = 0.0%)
1  ------O                                                                   (6 = 100.0%) {0.0%}
2  O                                                                         (0 = 0.0%) {100.0%}

Histogram: UpdateClient.CrxDownloader.DownloadCompleteSuccess recorded 6 samples, mean = 1.0 (flags = 0x41)
0  O                                                                         (0 = 0.0%)
1  ------O                                                                   (6 = 100.0%) {0.0%}
2  O                                                                         (0 = 0.0%) {100.0%}

Histogram: V8.CollectSourcePositions recorded 23 samples, mean = 66.8 (flags = 0x41)
0    ... 
2    -O                                                                        (1 = 4.3%) {0.0%}
3    ... 
5    --O                                                                       (2 = 8.7%) {4.3%}
7    -O                                                                        (1 = 4.3%) {13.0%}
9    -O                                                                        (1 = 4.3%) {17.4%}
12   -O                                                                        (1 = 4.3%) {21.7%}
16   -O                                                                        (1 = 4.3%) {26.1%}
21   --O                                                                       (2 = 8.7%) {30.4%}
28   ---O                                                                      (3 = 13.0%) {39.1%}
37   ---O                                                                      (3 = 13.0%) {52.2%}
49   O                                                                         (0 = 0.0%) {65.2%}
65   ----O                                                                     (4 = 17.4%) {65.2%}
86   -O                                                                        (1 = 4.3%) {82.6%}
113  O                                                                         (0 = 0.0%) {87.0%}
149  -O                                                                        (1 = 4.3%) {87.0%}
196  O                                                                         (0 = 0.0%) {91.3%}
258  -O                                                                        (1 = 4.3%) {91.3%}
340  -O                                                                        (1 = 4.3%) {95.7%}
448  ... 

Histogram: V8.CompileLazyMicroSeconds recorded 6 samples, mean = 3918.7 (flags = 0x41)
0      ... 
40     -O                                                                        (1 = 16.7%) {0.0%}
55     -O                                                                        (1 = 16.7%) {16.7%}
76     ... 
1447   -O                                                                        (1 = 16.7%) {33.3%}
2008   -O                                                                        (1 = 16.7%) {50.0%}
2786   O                                                                         (0 = 0.0%) {66.7%}
3865   -O                                                                        (1 = 16.7%) {66.7%}
5362   ... 
14319  -O                                                                        (1 = 16.7%) {83.3%}
19866  ... 

Histogram: V8.CompileMicroSeconds recorded 22 samples, mean = 119.6 (flags = 0x41)
0     ... 
3     -O                                                                        (1 = 4.5%) {0.0%}
4     -----O                                                                    (5 = 22.7%) {4.5%}
5     ---O                                                                      (3 = 13.6%) {27.3%}
7     -O                                                                        (1 = 4.5%) {40.9%}
9     --O                                                                       (2 = 9.1%) {45.5%}
12    --O                                                                       (2 = 9.1%) {54.5%}
16    -O                                                                        (1 = 4.5%) {63.6%}
21    ----O                                                                     (4 = 18.2%) {68.2%}
28    -O                                                                        (1 = 4.5%) {86.4%}
37    ... 
149   -O                                                                        (1 = 4.5%) {90.9%}
196   ... 
1774  -O                                                                        (1 = 4.5%) {95.5%}
2336  ... 

Histogram: V8.CompileScript.CacheBehaviour recorded 47 samples, mean = 9.0 (flags = 0x41)
0   O                                                                         (0 = 0.0%)
1   -O                                                                        (1 = 2.1%) {0.0%}
2   ... 
4   ----------------O                                                         (16 = 34.0%) {2.1%}
5   ... 
8   --O                                                                       (2 = 4.3%) {36.2%}
9   ... 
12  ------------------------O                                                 (24 = 51.1%) {40.4%}
13  ----O                                                                     (4 = 8.5%) {91.5%}
14  ... 

Histogram: V8.CompileScriptMicroSeconds recorded 47 samples, mean = 138.5 (flags = 0x41)
0     O                                                                         (0 = 0.0%)
1     -O                                                                        (1 = 2.1%) {0.0%}
2     -O                                                                        (1 = 2.1%) {2.1%}
3     O                                                                         (0 = 0.0%) {4.3%}
4     ----O                                                                     (4 = 8.5%) {4.3%}
5     ---O                                                                      (3 = 6.4%) {12.8%}
7     O                                                                         (0 = 0.0%) {19.1%}
9     ----------O                                                               (10 = 21.3%) {19.1%}
12    --O                                                                       (2 = 4.3%) {40.4%}
16    ------O                                                                   (6 = 12.8%) {44.7%}
21    ---O                                                                      (3 = 6.4%) {57.4%}
28    -----O                                                                    (5 = 10.6%) {63.8%}
37    --O                                                                       (2 = 4.3%) {74.5%}
49    ---O                                                                      (3 = 6.4%) {78.7%}
65    --O                                                                       (2 = 4.3%) {85.1%}
86    -O                                                                        (1 = 2.1%) {89.4%}
113   O                                                                         (0 = 0.0%) {91.5%}
149   -O                                                                        (1 = 2.1%) {91.5%}
196   -O                                                                        (1 = 2.1%) {93.6%}
258   O                                                                         (0 = 0.0%) {95.7%}
340   -O                                                                        (1 = 2.1%) {95.7%}
448   ... 
4053  -O                                                                        (1 = 2.1%) {97.9%}
5338  ... 

Histogram: V8.CompileScriptMicroSeconds.BackgroundThread recorded 24 samples, mean = 2955.9 (flags = 0x41)
0      ... 
113    --O                                                                       (2 = 8.3%) {0.0%}
149    --O                                                                       (2 = 8.3%) {8.3%}
196    -O                                                                        (1 = 4.2%) {16.7%}
258    O                                                                         (0 = 0.0%) {20.8%}
340    -O                                                                        (1 = 4.2%) {20.8%}
448    --O                                                                       (2 = 8.3%) {25.0%}
590    -O                                                                        (1 = 4.2%) {33.3%}
777    --O                                                                       (2 = 8.3%) {37.5%}
1023   ---O                                                                      (3 = 12.5%) {45.8%}
1347   -O                                                                        (1 = 4.2%) {58.3%}
1774   -O                                                                        (1 = 4.2%) {62.5%}
2336   --O                                                                       (2 = 8.3%) {66.7%}
3077   ... 
5338   ---O                                                                      (3 = 12.5%) {75.0%}
7031   --O                                                                       (2 = 8.3%) {87.5%}
9260   ... 
16063  -O                                                                        (1 = 4.2%) {95.8%}
21156  ... 

Histogram: V8.CompileScriptMicroSeconds.IsolateCacheHit recorded 1 samples, mean = 195.0 (flags = 0x41)
0    ... 
149  -O                                                                        (1 = 100.0%) {0.0%}
196  ... 

Histogram: V8.CompileScriptMicroSeconds.NoCache.InlineScript recorded 16 samples, mean = 45.0 (flags = 0x41)
0    ... 
9    --O                                                                       (2 = 12.5%) {0.0%}
12   -O                                                                        (1 = 6.2%) {12.5%}
16   --O                                                                       (2 = 12.5%) {18.8%}
21   -O                                                                        (1 = 6.2%) {31.2%}
28   -----O                                                                    (5 = 31.2%) {37.5%}
37   O                                                                         (0 = 0.0%) {68.8%}
49   --O                                                                       (2 = 12.5%) {68.8%}
65   -O                                                                        (1 = 6.2%) {81.2%}
86   -O                                                                        (1 = 6.2%) {87.5%}
113  ... 
196  -O                                                                        (1 = 6.2%) {93.8%}
258  ... 

Histogram: V8.CompileScriptMicroSeconds.NoCache.Other recorded 6 samples, mean = 892.7 (flags = 0x41)
0     ... 
28    -O                                                                        (1 = 16.7%) {0.0%}
37    -O                                                                        (1 = 16.7%) {16.7%}
49    -O                                                                        (1 = 16.7%) {33.3%}
65    -O                                                                        (1 = 16.7%) {50.0%}
86    ... 
340   -O                                                                        (1 = 16.7%) {66.7%}
448   ... 
4053  -O                                                                        (1 = 16.7%) {83.3%}
5338  ... 

Histogram: V8.CompileScriptMicroSeconds.StreamingFinalization recorded 24 samples, mean = 12.4 (flags = 0x41)
0   ... 
2   --O                                                                       (2 = 8.3%) {0.0%}
3   O                                                                         (0 = 0.0%) {8.3%}
4   ----O                                                                     (4 = 16.7%) {8.3%}
5   ---O                                                                      (3 = 12.5%) {25.0%}
7   O                                                                         (0 = 0.0%) {37.5%}
9   ---O                                                                      (3 = 12.5%) {37.5%}
12  ------O                                                                   (6 = 25.0%) {50.0%}
16  ---O                                                                      (3 = 12.5%) {75.0%}
21  -O                                                                        (1 = 4.2%) {87.5%}
28  -O                                                                        (1 = 4.2%) {91.7%}
37  -O                                                                        (1 = 4.2%) {95.8%}
49  ... 

Histogram: V8.CompileSerializeMicroSeconds recorded 18 samples, mean = 133.7 (flags = 0x41)
0    ... 
13   -O                                                                        (1 = 5.6%) {0.0%}
16   -----O                                                                    (5 = 27.8%) {5.6%}
20   -O                                                                        (1 = 5.6%) {33.3%}
25   O                                                                         (0 = 0.0%) {38.9%}
31   -O                                                                        (1 = 5.6%) {38.9%}
39   O                                                                         (0 = 0.0%) {44.4%}
49   --O                                                                       (2 = 11.1%) {44.4%}
61   ---O                                                                      (3 = 16.7%) {55.6%}
76   O                                                                         (0 = 0.0%) {72.2%}
95   -O                                                                        (1 = 5.6%) {72.2%}
119  O                                                                         (0 = 0.0%) {77.8%}
149  -O                                                                        (1 = 5.6%) {77.8%}
186  O                                                                         (0 = 0.0%) {83.3%}
233  -O                                                                        (1 = 5.6%) {83.3%}
292  ... 
457  -O                                                                        (1 = 5.6%) {88.9%}
572  ... 
896  -O                                                                        (1 = 5.6%) {94.4%}
1122 ... 

Histogram: V8.ErrorsThrownPerContext recorded 1 samples, mean = 0.0 (flags = 0x41)
0  -O                                                                        (1 = 100.0%)
1  ... 

Histogram: V8.GC.Cycle.CollectionRate.Full recorded 1 samples, mean = 78.0 (flags = 0x41)
0   ... 
64  -O                                                                        (1 = 100.0%) {0.0%}
80  ... 

Histogram: V8.GC.Cycle.CollectionRate.Full.Cpp recorded 1 samples, mean = 59.0 (flags = 0x41)
0   ... 
51  -O                                                                        (1 = 100.0%) {0.0%}
64  ... 

Histogram: V8.GC.Cycle.CollectionRate.Young recorded 11 samples, mean = 41.5 (flags = 0x41)
0   ... 
14  -O                                                                        (1 = 9.1%) {0.0%}
17  O                                                                         (0 = 0.0%) {9.1%}
21  -O                                                                        (1 = 9.1%) {9.1%}
26  ----O                                                                     (4 = 36.4%) {18.2%}
33  -O                                                                        (1 = 9.1%) {54.5%}
41  -O                                                                        (1 = 9.1%) {63.6%}
51  --O                                                                       (2 = 18.2%) {72.7%}
64  O                                                                         (0 = 0.0%) {90.9%}
80  -O                                                                        (1 = 9.1%) {90.9%}
100 O                                                                         (0 = 0.0%) {100.0%}

Histogram: V8.GC.Cycle.CollectionWeight.Full recorded 1 samples, mean = 0.0 (flags = 0x41)
0  -O                                                                        (1 = 100.0%)
1  ... 

Histogram: V8.GC.Cycle.CollectionWeight.Full.Cpp recorded 1 samples, mean = 0.0 (flags = 0x41)
0  -O                                                                        (1 = 100.0%)
1  ... 

Histogram: V8.GC.Cycle.CollectionWeight.MainThread.Full recorded 1 samples, mean = 0.0 (flags = 0x41)
0  -O                                                                        (1 = 100.0%)
1  ... 

Histogram: V8.GC.Cycle.CollectionWeight.MainThread.Full.Cpp recorded 1 samples, mean = 0.0 (flags = 0x41)
0  -O                                                                        (1 = 100.0%)
1  ... 

Histogram: V8.GC.Cycle.Efficiency.Full recorded 1 samples, mean = 78.0 (flags = 0x41)
0   ... 
65  -O                                                                        (1 = 100.0%) {0.0%}
88  ... 

Histogram: V8.GC.Cycle.Efficiency.Full.Cpp recorded 1 samples, mean = 138.0 (flags = 0x41)
0    ... 
120  -O                                                                        (1 = 100.0%) {0.0%}
163  ... 

Histogram: V8.GC.Cycle.Efficiency.MainThread.Full recorded 1 samples, mean = 346.0 (flags = 0x41)
0    ... 
302  -O                                                                        (1 = 100.0%) {0.0%}
411  ... 

Histogram: V8.GC.Cycle.Efficiency.MainThread.Full.Cpp recorded 1 samples, mean = 326.0 (flags = 0x41)
0    ... 
302  -O                                                                        (1 = 100.0%) {0.0%}
411  ... 

Histogram: V8.GC.Cycle.Efficiency.MainThread.Young recorded 11 samples, mean = 1665.8 (flags = 0x41)
0     ... 
19    -O                                                                        (1 = 9.1%) {0.0%}
26    ... 
302   --O                                                                       (2 = 18.2%) {9.1%}
411   O                                                                         (0 = 0.0%) {27.3%}
559   -O                                                                        (1 = 9.1%) {27.3%}
760   ... 
1407  --O                                                                       (2 = 18.2%) {36.4%}
1914  --O                                                                       (2 = 18.2%) {54.5%}
2604  ---O                                                                      (3 = 27.3%) {72.7%}
3542  ... 

Histogram: V8.GC.Cycle.Efficiency.Young recorded 11 samples, mean = 767.4 (flags = 0x41)
0     ... 
10    -O                                                                        (1 = 9.1%) {0.0%}
14    ... 
163   -O                                                                        (1 = 9.1%) {9.1%}
222   -O                                                                        (1 = 9.1%) {18.2%}
302   -O                                                                        (1 = 9.1%) {27.3%}
411   ... 
760   ----O                                                                     (4 = 36.4%) {36.4%}
1034  --O                                                                       (2 = 18.2%) {72.7%}
1407  -O                                                                        (1 = 9.1%) {90.9%}
1914  ... 

Histogram: V8.GC.Cycle.Full recorded 1 samples, mean = 38.0 (flags = 0x41)
0   ... 
34  -O                                                                        (1 = 100.0%) {0.0%}
40  ... 

Histogram: V8.GC.Cycle.Full.Compact recorded 1 samples, mean = 2.0 (flags = 0x41)
0  ... 
2  -O                                                                        (1 = 100.0%) {0.0%}
3  ... 

Histogram: V8.GC.Cycle.Full.Compact.Cpp recorded 1 samples, mean = 1.0 (flags = 0x41)
0  O                                                                         (0 = 0.0%)
1  -O                                                                        (1 = 100.0%) {0.0%}
2  ... 

Histogram: V8.GC.Cycle.Full.Cpp recorded 1 samples, mean = 20.0 (flags = 0x41)
0   ... 
20  -O                                                                        (1 = 100.0%) {0.0%}
24  ... 

Histogram: V8.GC.Cycle.Full.Mark recorded 1 samples, mean = 29.0 (flags = 0x41)
0   ... 
29  -O                                                                        (1 = 100.0%) {0.0%}
34  ... 

Histogram: V8.GC.Cycle.Full.Mark.Cpp recorded 1 samples, mean = 14.0 (flags = 0x41)
0   ... 
14  -O                                                                        (1 = 100.0%) {0.0%}
17  ... 

Histogram: V8.GC.Cycle.Full.Sweep recorded 1 samples, mean = 3.0 (flags = 0x41)
0  ... 
3  -O                                                                        (1 = 100.0%) {0.0%}
4  ... 

Histogram: V8.GC.Cycle.Full.Sweep.Cpp recorded 1 samples, mean = 4.0 (flags = 0x41)
0  ... 
4  -O                                                                        (1 = 100.0%) {0.0%}
5  ... 

Histogram: V8.GC.Cycle.Full.Weak recorded 1 samples, mean = 0.0 (flags = 0x41)
0  -O                                                                        (1 = 100.0%)
1  ... 

Histogram: V8.GC.Cycle.Full.Weak.Cpp recorded 1 samples, mean = 0.0 (flags = 0x41)
0  -O                                                                        (1 = 100.0%)
1  ... 

Histogram: V8.GC.Cycle.MainThread.Full recorded 1 samples, mean = 8.0 (flags = 0x41)
0  ... 
8  -O                                                                        (1 = 100.0%) {0.0%}
10 ... 

Histogram: V8.GC.Cycle.MainThread.Full.Atomic recorded 1 samples, mean = 5.0 (flags = 0x41)
0  ... 
5  -O                                                                        (1 = 100.0%) {0.0%}
6  ... 

Histogram: V8.GC.Cycle.MainThread.Full.Atomic.Compact recorded 1 samples, mean = 1.0 (flags = 0x41)
0  O                                                                         (0 = 0.0%)
1  -O                                                                        (1 = 100.0%) {0.0%}
2  ... 

Histogram: V8.GC.Cycle.MainThread.Full.Atomic.Compact.Cpp recorded 1 samples, mean = 1.0 (flags = 0x41)
0  O                                                                         (0 = 0.0%)
1  -O                                                                        (1 = 100.0%) {0.0%}
2  ... 

Histogram: V8.GC.Cycle.MainThread.Full.Atomic.Cpp recorded 1 samples, mean = 2.0 (flags = 0x41)
0  ... 
2  -O                                                                        (1 = 100.0%) {0.0%}
3  ... 

Histogram: V8.GC.Cycle.MainThread.Full.Atomic.Mark recorded 1 samples, mean = 0.0 (flags = 0x41)
0  -O                                                                        (1 = 100.0%)
1  ... 

Histogram: V8.GC.Cycle.MainThread.Full.Atomic.Mark.Cpp recorded 1 samples, mean = 0.0 (flags = 0x41)
0  -O                                                                        (1 = 100.0%)
1  ... 

Histogram: V8.GC.Cycle.MainThread.Full.Atomic.Sweep recorded 1 samples, mean = 0.0 (flags = 0x41)
0  -O                                                                        (1 = 100.0%)
1  ... 

Histogram: V8.GC.Cycle.MainThread.Full.Atomic.Sweep.Cpp recorded 1 samples, mean = 0.0 (flags = 0x41)
0  -O                                                                        (1 = 100.0%)
1  ... 

Histogram: V8.GC.Cycle.MainThread.Full.Atomic.Weak recorded 1 samples, mean = 0.0 (flags = 0x41)
0  -O                                                                        (1 = 100.0%)
1  ... 

Histogram: V8.GC.Cycle.MainThread.Full.Atomic.Weak.Cpp recorded 1 samples, mean = 0.0 (flags = 0x41)
0  -O                                                                        (1 = 100.0%)
1  ... 

Histogram: V8.GC.Cycle.MainThread.Full.Compact recorded 1 samples, mean = 1.0 (flags = 0x41)
0  O                                                                         (0 = 0.0%)
1  -O                                                                        (1 = 100.0%) {0.0%}
2  ... 

Histogram: V8.GC.Cycle.MainThread.Full.Compact.Cpp recorded 1 samples, mean = 1.0 (flags = 0x41)
0  O                                                                         (0 = 0.0%)
1  -O                                                                        (1 = 100.0%) {0.0%}
2  ... 

Histogram: V8.GC.Cycle.MainThread.Full.Cpp recorded 1 samples, mean = 8.0 (flags = 0x41)
0  ... 
8  -O                                                                        (1 = 100.0%) {0.0%}
10 ... 

Histogram: V8.GC.Cycle.MainThread.Full.Incremental.Mark recorded 1 samples, mean = 3.0 (flags = 0x41)
0  ... 
3  -O                                                                        (1 = 100.0%) {0.0%}
4  ... 

Histogram: V8.GC.Cycle.MainThread.Full.Incremental.Mark.Cpp recorded 1 samples, mean = 3.0 (flags = 0x41)
0  ... 
3  -O                                                                        (1 = 100.0%) {0.0%}
4  ... 

Histogram: V8.GC.Cycle.MainThread.Full.Incremental.Mark.StartStop recorded 1 samples, mean = 6.0 (flags = 0x41)
0  ... 
6  -O                                                                        (1 = 100.0%) {0.0%}
7  ... 

Histogram: V8.GC.Cycle.MainThread.Full.Incremental.Sweep recorded 1 samples, mean = 0.0 (flags = 0x41)
0  -O                                                                        (1 = 100.0%)
1  ... 

Histogram: V8.GC.Cycle.MainThread.Full.Incremental.Sweep.Cpp recorded 1 samples, mean = 3.0 (flags = 0x41)
0  ... 
3  -O                                                                        (1 = 100.0%) {0.0%}
4  ... 

Histogram: V8.GC.Cycle.MainThread.Full.Mark recorded 1 samples, mean = 3.0 (flags = 0x41)
0  ... 
3  -O                                                                        (1 = 100.0%) {0.0%}
4  ... 

Histogram: V8.GC.Cycle.MainThread.Full.Mark.Cpp recorded 1 samples, mean = 3.0 (flags = 0x41)
0  ... 
3  -O                                                                        (1 = 100.0%) {0.0%}
4  ... 

Histogram: V8.GC.Cycle.MainThread.Full.Sweep recorded 1 samples, mean = 0.0 (flags = 0x41)
0  -O                                                                        (1 = 100.0%)
1  ... 

Histogram: V8.GC.Cycle.MainThread.Full.Sweep.Cpp recorded 1 samples, mean = 3.0 (flags = 0x41)
0  ... 
3  -O                                                                        (1 = 100.0%) {0.0%}
4  ... 

Histogram: V8.GC.Cycle.MainThread.Full.Weak recorded 1 samples, mean = 0.0 (flags = 0x41)
0  -O                                                                        (1 = 100.0%)
1  ... 

Histogram: V8.GC.Cycle.MainThread.Full.Weak.Cpp recorded 1 samples, mean = 0.0 (flags = 0x41)
0  -O                                                                        (1 = 100.0%)
1  ... 

Histogram: V8.GC.Cycle.MainThread.Young recorded 11 samples, mean = 0.2 (flags = 0x41)
0  ---------O                                                                (9 = 81.8%)
1  --O                                                                       (2 = 18.2%) {81.8%}
2  ... 

Histogram: V8.GC.Cycle.Memory.Freed.Full recorded 1 samples, mean = 7936.0 (flags = 0x41)
0     ... 
6554  -O                                                                        (1 = 100.0%) {0.0%}
8915  ... 

Histogram: V8.GC.Cycle.Memory.Freed.Full.Cpp recorded 1 samples, mean = 2432.0 (flags = 0x41)
0     ... 
1914  -O                                                                        (1 = 100.0%) {0.0%}
2604  ... 

Histogram: V8.GC.Cycle.Objects.After.Full recorded 1 samples, mean = 11108.0 (flags = 0x41)
0     ... 
8915  -O                                                                        (1 = 100.0%) {0.0%}
12127 ... 

Histogram: V8.GC.Cycle.Objects.After.Full.Cpp recorded 1 samples, mean = 4236.0 (flags = 0x41)
0     ... 
3542  -O                                                                        (1 = 100.0%) {0.0%}
4818  ... 

Histogram: V8.GC.Cycle.Objects.Before.Full recorded 1 samples, mean = 14139.0 (flags = 0x41)
0      ... 
12127  -O                                                                        (1 = 100.0%) {0.0%}
16496  ... 

Histogram: V8.GC.Cycle.Objects.Before.Full.Cpp recorded 1 samples, mean = 7106.0 (flags = 0x41)
0     ... 
6554  -O                                                                        (1 = 100.0%) {0.0%}
8915  ... 

Histogram: V8.GC.Cycle.Objects.Freed.Full recorded 1 samples, mean = 3031.0 (flags = 0x41)
0     ... 
2604  -O                                                                        (1 = 100.0%) {0.0%}
3542  ... 

Histogram: V8.GC.Cycle.Objects.Freed.Full.Cpp recorded 1 samples, mean = 2870.0 (flags = 0x41)
0     ... 
2604  -O                                                                        (1 = 100.0%) {0.0%}
3542  ... 

Histogram: V8.GC.Cycle.Reason.Full recorded 1 samples, mean = 9.0 (flags = 0x41)
0  ... 
9  -O                                                                        (1 = 100.0%) {0.0%}
10 ... 

Histogram: V8.GC.Cycle.Reason.Young recorded 11 samples, mean = 3.0 (flags = 0x41)
0   O                                                                         (0 = 0.0%)
1   ---------O                                                                (9 = 81.8%) {0.0%}
2   ... 
12  --O                                                                       (2 = 18.2%) {81.8%}
13  ... 

Histogram: V8.GC.Cycle.Young recorded 11 samples, mean = 1.3 (flags = 0x41)
0  -O                                                                        (1 = 9.1%)
1  -------O                                                                  (7 = 63.6%) {9.1%}
2  --O                                                                       (2 = 18.2%) {72.7%}
3  -O                                                                        (1 = 9.1%) {90.9%}
4  ... 

Histogram: V8.GC.Event.MainThread.Full.Finalize.Incremental.ReduceMemory recorded 2 samples, mean = 4.5 (flags = 0x41)
0  ... 
4  -O                                                                        (1 = 50.0%) {0.0%}
5  -O                                                                        (1 = 50.0%) {50.0%}
6  ... 

Histogram: V8.GC.Event.MainThread.Full.Finalize.Incremental.ReduceMemory.Foreground recorded 2 samples, mean = 4.5 (flags = 0x41)
0  ... 
4  -O                                                                        (1 = 50.0%) {0.0%}
5  -O                                                                        (1 = 50.0%) {50.0%}
6  ... 

Histogram: V8.GC.Event.MainThread.Full.Incremental.Mark recorded 52 samples, mean = 0.0 (flags = 0x41)
0  ----------------------------------------------------O                     (52 = 100.0%)
1  ... 

Histogram: V8.GC.Event.MainThread.Full.Incremental.Mark.Cpp recorded 54 samples, mean = 0.0 (flags = 0x41)
0  -----------------------------------------------------O                    (53 = 98.1%)
1  -O                                                                        (1 = 1.9%) {98.1%}
2  ... 

Histogram: V8.GC.Event.MainThread.Full.Incremental.Sweep.Cpp recorded 1 samples, mean = 3.0 (flags = 0x41)
0  ... 
3  -O                                                                        (1 = 100.0%) {0.0%}
4  ... 

Histogram: V8.GC.TimeToSafepoint recorded 15 samples, mean = 1.4 (flags = 0x41)
0  --------O                                                                 (8 = 53.3%)
1  -----O                                                                    (5 = 33.3%) {53.3%}
2  ... 
6  -O                                                                        (1 = 6.7%) {86.7%}
8  -O                                                                        (1 = 6.7%) {93.3%}
11 ... 

Histogram: V8.GCIncrementalMarking recorded 59 samples, mean = 0.0 (flags = 0x41)
0  ----------------------------------------------------------O               (58 = 98.3%)
1  -O                                                                        (1 = 1.7%) {98.3%}
2  ... 

Histogram: V8.GCIncrementalMarkingReason recorded 2 samples, mean = 17.0 (flags = 0x41)
0   ... 
17  --O                                                                       (2 = 100.0%) {0.0%}
18  ... 

Histogram: V8.GCIncrementalMarkingStart recorded 2 samples, mean = 0.5 (flags = 0x41)
0  -O                                                                        (1 = 50.0%)
1  -O                                                                        (1 = 50.0%) {50.0%}
2  ... 

Histogram: V8.GCMarkCompactReason recorded 1 samples, mean = 9.0 (flags = 0x41)
0  ... 
9  -O                                                                        (1 = 100.0%) {0.0%}
10 ... 

Histogram: V8.GCScavenger.ScavengeMain recorded 11 samples, mean = 0.0 (flags = 0x41)
0  -----------O                                                              (11 = 100.0%)
1  ... 

Histogram: V8.GCScavenger.ScavengeRoots recorded 11 samples, mean = 0.0 (flags = 0x41)
0  -----------O                                                              (11 = 100.0%)
1  ... 

Histogram: V8.JSDispatchTableEntriesCount recorded 2 samples, mean = 0.0 (flags = 0x41)
0  --O                                                                       (2 = 100.0%)
1  ... 

Histogram: V8.LocalWindowProxy.CreateContextTime recorded 4 samples, mean = 4.5 (flags = 0x41)
0   --O                                                                       (2 = 50.0%)
1   -O                                                                        (1 = 25.0%) {50.0%}
2   ... 
17  -O                                                                        (1 = 25.0%) {75.0%}
20  ... 

Histogram: V8.LocalWindowProxy.InitializeTime recorded 4 samples, mean = 7.0 (flags = 0x41)
0   O                                                                         (0 = 0.0%)
1   --O                                                                       (2 = 50.0%) {0.0%}
2   O                                                                         (0 = 0.0%) {50.0%}
3   -O                                                                        (1 = 25.0%) {50.0%}
4   ... 
20  -O                                                                        (1 = 25.0%) {75.0%}
24  ... 

Histogram: V8.MaglevOptimizeExecute recorded 126 samples, mean = 281.1 (flags = 0x41)
0     ... 
13    -O                                                                        (1 = 0.8%) {0.0%}
16    -O                                                                        (1 = 0.8%) {0.8%}
20    O                                                                         (0 = 0.0%) {1.6%}
25    --O                                                                       (2 = 1.6%) {1.6%}
31    -O                                                                        (1 = 0.8%) {3.2%}
39    --------O                                                                 (8 = 6.3%) {4.0%}
49    ---O                                                                      (3 = 2.4%) {10.3%}
61    ------------O                                                             (12 = 9.5%) {12.7%}
76    -----------O                                                              (11 = 8.7%) {22.2%}
95    ------------------O                                                       (18 = 14.3%) {31.0%}
119   --------O                                                                 (8 = 6.3%) {45.2%}
149   -----------O                                                              (11 = 8.7%) {51.6%}
186   --------------O                                                           (14 = 11.1%) {60.3%}
233   ---------O                                                                (9 = 7.1%) {71.4%}
292   --------O                                                                 (8 = 6.3%) {78.6%}
365   ----O                                                                     (4 = 3.2%) {84.9%}
457   ----O                                                                     (4 = 3.2%) {88.1%}
572   ---O                                                                      (3 = 2.4%) {91.3%}
716   --O                                                                       (2 = 1.6%) {93.7%}
896   O                                                                         (0 = 0.0%) {95.2%}
1122  --O                                                                       (2 = 1.6%) {95.2%}
1404  --O                                                                       (2 = 1.6%) {96.8%}
1757  ... 
2753  -O                                                                        (1 = 0.8%) {98.4%}
3446  O                                                                         (0 = 0.0%) {99.2%}
4313  -O                                                                        (1 = 0.8%) {99.2%}
5399  ... 

Histogram: V8.MaglevOptimizeFinalize recorded 126 samples, mean = 5.2 (flags = 0x41)
0   -------O                                                                  (7 = 5.6%)
1   -------------O                                                            (13 = 10.3%) {5.6%}
2   ----------O                                                               (10 = 7.9%) {15.9%}
3   ----------------------O                                                   (22 = 17.5%) {23.8%}
4   ---------------O                                                          (15 = 11.9%) {41.3%}
5   --------O                                                                 (8 = 6.3%) {53.2%}
6   -----------------------O                                                  (23 = 18.3%) {59.5%}
8   ----------O                                                               (10 = 7.9%) {77.8%}
10  -----------O                                                              (11 = 8.7%) {85.7%}
13  -----O                                                                    (5 = 4.0%) {94.4%}
16  -O                                                                        (1 = 0.8%) {98.4%}
20  -O                                                                        (1 = 0.8%) {99.2%}
25  ... 

Histogram: V8.MaglevOptimizePrepare recorded 126 samples, mean = 0.1 (flags = 0x41)
0  ------------------------------------------------------------------------O (114 = 90.5%)
1  --------O                                                                 (12 = 9.5%) {90.5%}
2  ... 

Histogram: V8.MaglevOptimizeTotalTime recorded 126 samples, mean = 398.7 (flags = 0x41)
0     ... 
28    --O                                                                       (2 = 1.6%) {0.0%}
37    --O                                                                       (2 = 1.6%) {1.6%}
49    -------O                                                                  (7 = 5.6%) {3.2%}
65    ---O                                                                      (3 = 2.4%) {8.7%}
86    ---------O                                                                (9 = 7.1%) {11.1%}
113   ------------------O                                                       (18 = 14.3%) {18.3%}
149   ------------------O                                                       (18 = 14.3%) {32.5%}
196   ---------------------O                                                    (21 = 16.7%) {46.8%}
258   -----------O                                                              (11 = 8.7%) {63.5%}
340   -----O                                                                    (5 = 4.0%) {72.2%}
448   ----------O                                                               (10 = 7.9%) {76.2%}
590   --------O                                                                 (8 = 6.3%) {84.1%}
777   ----O                                                                     (4 = 3.2%) {90.5%}
1023  --O                                                                       (2 = 1.6%) {93.7%}
1347  --O                                                                       (2 = 1.6%) {95.2%}
1774  -O                                                                        (1 = 0.8%) {96.8%}
2336  -O                                                                        (1 = 0.8%) {97.6%}
3077  -O                                                                        (1 = 0.8%) {98.4%}
4053  -O                                                                        (1 = 0.8%) {99.2%}
5338  ... 

Histogram: V8.MemoryExternalFragmentationCodeSpace recorded 13 samples, mean = 55.8 (flags = 0x41)
0   ... 
3   -O                                                                        (1 = 7.7%) {0.0%}
4   O                                                                         (0 = 0.0%) {7.7%}
5   -O                                                                        (1 = 7.7%) {7.7%}
6   ... 
24  -O                                                                        (1 = 7.7%) {15.4%}
25  ... 
37  -O                                                                        (1 = 7.7%) {23.1%}
38  ... 
43  -O                                                                        (1 = 7.7%) {30.8%}
44  ... 
53  -O                                                                        (1 = 7.7%) {38.5%}
54  ... 
70  -O                                                                        (1 = 7.7%) {46.2%}
71  ... 
73  -O                                                                        (1 = 7.7%) {53.8%}
74  ... 
79  -O                                                                        (1 = 7.7%) {61.5%}
80  O                                                                         (0 = 0.0%) {69.2%}
81  --O                                                                       (2 = 15.4%) {69.2%}
82  ... 
84  -O                                                                        (1 = 7.7%) {84.6%}
85  ... 
92  -O                                                                        (1 = 7.7%) {92.3%}
93  ... 

Histogram: V8.MemoryExternalFragmentationLoSpace recorded 13 samples, mean = 2.1 (flags = 0x41)
0  O                                                                         (0 = 0.0%)
1  ------O                                                                   (6 = 46.2%) {0.0%}
2  O                                                                         (0 = 0.0%) {46.2%}
3  -------O                                                                  (7 = 53.8%) {46.2%}
4  ... 

Histogram: V8.MemoryExternalFragmentationOldSpace recorded 13 samples, mean = 9.0 (flags = 0x41)
0   O                                                                         (0 = 0.0%)
1   -O                                                                        (1 = 7.7%) {0.0%}
2   --O                                                                       (2 = 15.4%) {7.7%}
3   ... 
5   --O                                                                       (2 = 15.4%) {23.1%}
6   O                                                                         (0 = 0.0%) {38.5%}
7   -O                                                                        (1 = 7.7%) {38.5%}
8   --O                                                                       (2 = 15.4%) {46.2%}
9   --O                                                                       (2 = 15.4%) {61.5%}
10  -O                                                                        (1 = 7.7%) {76.9%}
11  ... 
25  -O                                                                        (1 = 7.7%) {84.6%}
26  -O                                                                        (1 = 7.7%) {92.3%}
27  ... 

Histogram: V8.MemoryExternalFragmentationTotal recorded 13 samples, mean = 37.0 (flags = 0x41)
0   ... 
14  -O                                                                        (1 = 7.7%) {0.0%}
15  ... 
26  -O                                                                        (1 = 7.7%) {7.7%}
27  ... 
31  -O                                                                        (1 = 7.7%) {15.4%}
32  ... 
34  -O                                                                        (1 = 7.7%) {23.1%}
35  -O                                                                        (1 = 7.7%) {30.8%}
36  O                                                                         (0 = 0.0%) {38.5%}
37  -O                                                                        (1 = 7.7%) {38.5%}
38  -O                                                                        (1 = 7.7%) {46.2%}
39  O                                                                         (0 = 0.0%) {53.8%}
40  -O                                                                        (1 = 7.7%) {53.8%}
41  -O                                                                        (1 = 7.7%) {61.5%}
42  -O                                                                        (1 = 7.7%) {69.2%}
43  O                                                                         (0 = 0.0%) {76.9%}
44  -O                                                                        (1 = 7.7%) {76.9%}
45  ... 
49  -O                                                                        (1 = 7.7%) {84.6%}
50  -O                                                                        (1 = 7.7%) {92.3%}
51  ... 

Histogram: V8.MemoryHeapSampleCodeSpaceCommitted recorded 13 samples, mean = 846.8 (flags = 0x41)
0     --------O                                                                 (8 = 61.5%)
1000  -O                                                                        (1 = 7.7%) {61.5%}
1138  ---O                                                                      (3 = 23.1%) {69.2%}
1295  ... 
1678  -O                                                                        (1 = 7.7%) {92.3%}
1910  ... 

Histogram: V8.MemoryHeapSampleMaximumCommitted recorded 13 samples, mean = 13944.9 (flags = 0x41)
0      ... 
4153   -O                                                                        (1 = 7.7%) {0.0%}
4727   -O                                                                        (1 = 7.7%) {7.7%}
5380   O                                                                         (0 = 0.0%) {15.4%}
6124   -O                                                                        (1 = 7.7%) {15.4%}
6971   -O                                                                        (1 = 7.7%) {23.1%}
7935   O                                                                         (0 = 0.0%) {30.8%}
9032   -O                                                                        (1 = 7.7%) {30.8%}
10281  -O                                                                        (1 = 7.7%) {38.5%}
11702  -O                                                                        (1 = 7.7%) {46.2%}
13320  -O                                                                        (1 = 7.7%) {53.8%}
15161  O                                                                         (0 = 0.0%) {61.5%}
17257  -O                                                                        (1 = 7.7%) {61.5%}
19642  -O                                                                        (1 = 7.7%) {69.2%}
22357  ---O                                                                      (3 = 23.1%) {76.9%}
25447  ... 

Histogram: V8.MemoryHeapSampleTotalCommitted recorded 13 samples, mean = 12546.8 (flags = 0x41)
0      ... 
4153   -O                                                                        (1 = 7.7%) {0.0%}
4727   -O                                                                        (1 = 7.7%) {7.7%}
5380   O                                                                         (0 = 0.0%) {15.4%}
6124   -O                                                                        (1 = 7.7%) {15.4%}
6971   -O                                                                        (1 = 7.7%) {23.1%}
7935   O                                                                         (0 = 0.0%) {30.8%}
9032   -O                                                                        (1 = 7.7%) {30.8%}
10281  -O                                                                        (1 = 7.7%) {38.5%}
11702  --O                                                                       (2 = 15.4%) {46.2%}
13320  --O                                                                       (2 = 15.4%) {61.5%}
15161  O                                                                         (0 = 0.0%) {76.9%}
17257  -O                                                                        (1 = 7.7%) {76.9%}
19642  -O                                                                        (1 = 7.7%) {84.6%}
22357  -O                                                                        (1 = 7.7%) {92.3%}
25447  ... 

Histogram: V8.MemoryHeapSampleTotalUsed recorded 13 samples, mean = 7813.0 (flags = 0x41)
0      ... 
2475   -O                                                                        (1 = 7.7%) {0.0%}
2817   O                                                                         (0 = 0.0%) {7.7%}
3206   -O                                                                        (1 = 7.7%) {7.7%}
3649   O                                                                         (0 = 0.0%) {15.4%}
4153   --O                                                                       (2 = 15.4%) {15.4%}
4727   -O                                                                        (1 = 7.7%) {30.8%}
5380   O                                                                         (0 = 0.0%) {38.5%}
6124   -O                                                                        (1 = 7.7%) {38.5%}
6971   -O                                                                        (1 = 7.7%) {46.2%}
7935   O                                                                         (0 = 0.0%) {53.8%}
9032   --O                                                                       (2 = 15.4%) {53.8%}
10281  --O                                                                       (2 = 15.4%) {69.2%}
11702  -O                                                                        (1 = 7.7%) {84.6%}
13320  -O                                                                        (1 = 7.7%) {92.3%}
15161  ... 

Histogram: V8.ProduceCodeCacheMicroseconds recorded 18 samples, mean = 178.6 (flags = 0x41)
0    ... 
21   --O                                                                       (2 = 11.1%) {0.0%}
29   ----O                                                                     (4 = 22.2%) {11.1%}
40   -O                                                                        (1 = 5.6%) {33.3%}
55   --O                                                                       (2 = 11.1%) {38.9%}
76   ---O                                                                      (3 = 16.7%) {50.0%}
105  -O                                                                        (1 = 5.6%) {66.7%}
146  -O                                                                        (1 = 5.6%) {72.2%}
203  O                                                                         (0 = 0.0%) {77.8%}
282  --O                                                                       (2 = 11.1%) {77.8%}
391  O                                                                         (0 = 0.0%) {88.9%}
542  -O                                                                        (1 = 5.6%) {88.9%}
752  -O                                                                        (1 = 5.6%) {94.4%}
1043 ... 

Histogram: V8.RegExpBacktracks recorded 258 samples, mean = 1.7 (flags = 0x41)
0    ------O                                                                   (19 = 7.4%)
1    ------------------------------------------------------------------------O (226 = 87.6%) {7.4%}
2    -O                                                                        (4 = 1.6%) {95.0%}
3    -O                                                                        (2 = 0.8%) {96.5%}
4    -O                                                                        (4 = 1.6%) {97.3%}
6    O                                                                         (1 = 0.4%) {98.8%}
9    O                                                                         (1 = 0.4%) {99.2%}
13   ... 
127  O                                                                         (1 = 0.4%) {99.6%}
185  ... 

Histogram: V8.SandboxedCodePointersCount recorded 2 samples, mean = 1024.5 (flags = 0x41)
0    ... 
977  --O                                                                       (2 = 100.0%) {0.0%}
1136 ... 

Histogram: V8.SandboxedCppHeapPointersCount recorded 2 samples, mean = 4228.0 (flags = 0x41)
0     ... 
226   -O                                                                        (1 = 50.0%) {0.0%}
269   ... 
7152  -O                                                                        (1 = 50.0%) {50.0%}
8499  ... 

Histogram: V8.SandboxedExternalPointersCount recorded 15 samples, mean = 1957.7 (flags = 0x41)
0      ------O                                                                   (6 = 40.0%)
1      ... 
24     -O                                                                        (1 = 6.7%) {40.0%}
29     ... 
40     --O                                                                       (2 = 13.3%) {46.7%}
48     ... 
81     -O                                                                        (1 = 6.7%) {60.0%}
96     ... 
638    -O                                                                        (1 = 6.7%) {66.7%}
758    O                                                                         (0 = 0.0%) {73.3%}
901    -O                                                                        (1 = 6.7%) {73.3%}
1071   ... 
1513   -O                                                                        (1 = 6.7%) {80.0%}
1798   ... 
12002  --O                                                                       (2 = 13.3%) {86.7%}
14263  ... 

Histogram: V8.SandboxedTrustedPointersCount recorded 2 samples, mean = 3726.0 (flags = 0x41)
0     ... 
3267  --O                                                                       (2 = 100.0%) {0.0%}
3799  ... 

Histogram: V8.SnapshotDeserializeContextMicroSeconds recorded 6 samples, mean = 511.2 (flags = 0x41)
0     ... 
149   -O                                                                        (1 = 16.7%) {0.0%}
196   ... 
340   -O                                                                        (1 = 16.7%) {16.7%}
448   ---O                                                                      (3 = 50.0%) {33.3%}
590   ... 
1023  -O                                                                        (1 = 16.7%) {83.3%}
1347  ... 

Histogram: V8.TurboFan1KTicks recorded 9 samples, mean = 30.9 (flags = 0x41)
0    O                                                                         (0 = 0.0%)
1    --O                                                                       (2 = 22.2%) {0.0%}
2    -O                                                                        (1 = 11.1%) {22.2%}
3    ... 
5    -O                                                                        (1 = 11.1%) {33.3%}
6    ... 
9    -O                                                                        (1 = 11.1%) {44.4%}
10   ... 
14   -O                                                                        (1 = 11.1%) {55.6%}
15   -O                                                                        (1 = 11.1%) {66.7%}
16   ... 
45   -O                                                                        (1 = 11.1%) {77.8%}
47   ... 
180  -O                                                                        (1 = 11.1%) {88.9%}
189  ... 

Histogram: V8.TurboFanOptimizeConcurrentTotalTime recorded 7 samples, mean = 2079.9 (flags = 0x41)
0     ... 
282   -O                                                                        (1 = 14.3%) {0.0%}
391   -O                                                                        (1 = 14.3%) {14.3%}
542   -O                                                                        (1 = 14.3%) {28.6%}
752   O                                                                         (0 = 0.0%) {42.9%}
1043  --O                                                                       (2 = 28.6%) {42.9%}
1447  ... 
3865  -O                                                                        (1 = 14.3%) {71.4%}
5362  -O                                                                        (1 = 14.3%) {85.7%}
7439  ... 

Histogram: V8.TurboFanOptimizeExecute recorded 7 samples, mean = 1813.7 (flags = 0x41)
0     ... 
258   -O                                                                        (1 = 14.3%) {0.0%}
340   -O                                                                        (1 = 14.3%) {14.3%}
448   -O                                                                        (1 = 14.3%) {28.6%}
590   ... 
1023  --O                                                                       (2 = 28.6%) {42.9%}
1347  ... 
3077  -O                                                                        (1 = 14.3%) {71.4%}
4053  O                                                                         (0 = 0.0%) {85.7%}
5338  -O                                                                        (1 = 14.3%) {85.7%}
7031  ... 

Histogram: V8.TurboFanOptimizeFinalize recorded 7 samples, mean = 16.7 (flags = 0x41)
0   O                                                                         (0 = 0.0%)
1   -O                                                                        (1 = 14.3%) {0.0%}
2   ... 
9   -O                                                                        (1 = 14.3%) {14.3%}
12  --O                                                                       (2 = 28.6%) {28.6%}
16  -O                                                                        (1 = 14.3%) {57.1%}
21  O                                                                         (0 = 0.0%) {71.4%}
28  --O                                                                       (2 = 28.6%) {71.4%}
37  ... 

Histogram: V8.TurboFanOptimizeForOnStackReplacementExecute recorded 2 samples, mean = 18621.0 (flags = 0x41)
0      ... 
12196  -O                                                                        (1 = 50.0%) {0.0%}
16063  O                                                                         (0 = 0.0%) {50.0%}
21156  -O                                                                        (1 = 50.0%) {50.0%}
27864  ... 

Histogram: V8.TurboFanOptimizeForOnStackReplacementFinalize recorded 2 samples, mean = 54.5 (flags = 0x41)
0   ... 
21  -O                                                                        (1 = 50.0%) {0.0%}
28  ... 
86  -O                                                                        (1 = 50.0%) {50.0%}
113 ... 

Histogram: V8.TurboFanOptimizeForOnStackReplacementPrepare recorded 2 samples, mean = 9.5 (flags = 0x41)
0   ... 
7   -O                                                                        (1 = 50.0%) {0.0%}
9   O                                                                         (0 = 0.0%) {50.0%}
12  -O                                                                        (1 = 50.0%) {50.0%}
16  ... 

Histogram: V8.TurboFanOptimizeForOnStackReplacementTotalTime recorded 2 samples, mean = 19343.0 (flags = 0x41)
0      ... 
14319  -O                                                                        (1 = 50.0%) {0.0%}
19866  -O                                                                        (1 = 50.0%) {50.0%}
27562  ... 

Histogram: V8.TurboFanOptimizePrepare recorded 7 samples, mean = 10.7 (flags = 0x41)
0   ... 
5   --O                                                                       (2 = 28.6%) {0.0%}
7   --O                                                                       (2 = 28.6%) {28.6%}
9   -O                                                                        (1 = 14.3%) {57.1%}
12  O                                                                         (0 = 0.0%) {71.4%}
16  -O                                                                        (1 = 14.3%) {71.4%}
21  -O                                                                        (1 = 14.3%) {85.7%}
28  ... 

Histogram: V8.TurboFanOptimizeTotalBackground recorded 7 samples, mean = 1813.7 (flags = 0x41)
0     ... 
282   --O                                                                       (2 = 28.6%) {0.0%}
391   -O                                                                        (1 = 14.3%) {28.6%}
542   ... 
1043  --O                                                                       (2 = 28.6%) {42.9%}
1447  ... 
2786  -O                                                                        (1 = 14.3%) {71.4%}
3865  -O                                                                        (1 = 14.3%) {85.7%}
5362  ... 

Histogram: V8.TurboFanOptimizeTotalForeground recorded 7 samples, mean = 27.4 (flags = 0x41)
0   ... 
15  -O                                                                        (1 = 14.3%) {0.0%}
21  ---O                                                                      (3 = 42.9%) {14.3%}
29  ---O                                                                      (3 = 42.9%) {57.1%}
40  ... 

Histogram: V8.TurboFanOptimizeTotalTime recorded 7 samples, mean = 2079.9 (flags = 0x41)
0     ... 
282   -O                                                                        (1 = 14.3%) {0.0%}
391   -O                                                                        (1 = 14.3%) {14.3%}
542   -O                                                                        (1 = 14.3%) {28.6%}
752   O                                                                         (0 = 0.0%) {42.9%}
1043  --O                                                                       (2 = 28.6%) {42.9%}
1447  ... 
3865  -O                                                                        (1 = 14.3%) {71.4%}
5362  -O                                                                        (1 = 14.3%) {85.7%}
7439  ... 

Histogram: Variations.ExtendedSafeMode.BeaconFileStateAtStartup recorded 1 samples, mean = 0.0 (flags = 0x41)
0  -O                                                                        (1 = 100.0%)
1  ... 

Histogram: Variations.ExtendedSafeMode.BeaconFileWrite recorded 2 samples, mean = 1.0 (flags = 0x41)
0  O                                                                         (0 = 0.0%)
1  --O                                                                       (2 = 100.0%) {0.0%}
2  O                                                                         (0 = 0.0%) {100.0%}

Histogram: Variations.ForcedFieldTrialsAtStartupForInternalsPage recorded 1 samples, mean = 0.0 (flags = 0x41)
0  -O                                                                        (1 = 100.0%)
1  ... 

Histogram: Variations.Headers.ExperimentCount recorded 92 samples, mean = 1.0 (flags = 0x41)
0  O                                                                         (0 = 0.0%)
1  ------------------------------------------------------------------------O (92 = 100.0%) {0.0%}
2  ... 

Histogram: Variations.Headers.HasLowEntropySourceValue recorded 92 samples, mean = 1.0 (flags = 0x41)
0  O                                                                         (0 = 0.0%)
1  ------------------------------------------------------------------------O (92 = 100.0%) {0.0%}
2  O                                                                         (0 = 0.0%) {100.0%}

Histogram: Variations.Headers.RequestContextCategory recorded 58 samples, mean = 3.1 (flags = 0x41)
0  -------------O                                                            (13 = 22.4%)
1  ... 
4  ---------------------------------------------O                            (45 = 77.6%) {22.4%}
5  ... 

Histogram: Variations.Headers.URLValidationResult.Append recorded 58 samples, mean = 2.2 (flags = 0x41)
0  ... 
2  ----------------------------------------------O                           (46 = 79.3%) {0.0%}
3  ------------O                                                             (12 = 20.7%) {79.3%}
4  ... 

Histogram: Variations.Headers.URLValidationResult.Remove recorded 2 samples, mean = 2.0 (flags = 0x41)
0  ... 
2  --O                                                                       (2 = 100.0%) {0.0%}
3  ... 

Histogram: Variations.Limits.VariationKeySize.Default recorded 23 samples, mean = 0.0 (flags = 0x41)
0  -----------------------O                                                  (23 = 100.0%)
1  ... 

Histogram: Variations.LoadPermanentConsistencyCountryResult recorded 1 samples, mean = 0.0 (flags = 0x41)
0  -O                                                                        (1 = 100.0%)
1  ... 

Histogram: Variations.PolicyRestriction recorded 1 samples, mean = 0.0 (flags = 0x41)
0  -O                                                                        (1 = 100.0%)
1  ... 

Histogram: Variations.SafeMode.Streak.Crashes recorded 1 samples (flags = 0x41)
0  -O                                                                        (1 = 100.0%)

Histogram: Variations.SafeMode.Streak.FetchFailures recorded 1 samples (flags = 0x41)
0  -O                                                                        (1 = 100.0%)

Histogram: Variations.SeedLoadResult recorded 1 samples, mean = 1.0 (flags = 0x41)
0  O                                                                         (0 = 0.0%)
1  -O                                                                        (1 = 100.0%) {0.0%}
2  ... 

Histogram: Variations.SeedUsage recorded 1 samples, mean = 2.0 (flags = 0x41)
0  ... 
2  -O                                                                        (1 = 100.0%) {0.0%}
3  ... 

Histogram: Variations.UserChannel recorded 1 samples (flags = 0x41)
-1 -O                                                                        (1 = 100.0%)

Histogram: Views.Browser.NumColorProvidersInitializedDuringOnNativeThemeUpdated recorded 3 samples, mean = 0.0 (flags = 0x41)
0  ---O                                                                      (3 = 100.0%)
1  ... 

Histogram: Views.Browser.TimeSpentInitializingColorProvider recorded 3 samples, mean = 0.0 (flags = 0x41)
0  ---O                                                                      (3 = 100.0%)
1  ... 

Histogram: Views.Browser.TimeSpentProcessingOnNativeThemeUpdatedEvent recorded 3 samples, mean = 0.0 (flags = 0x41)
0  ---O                                                                      (3 = 100.0%)
1  ... 

Histogram: Views.ColorProviderCacheSize recorded 3 samples, mean = 2.0 (flags = 0x41)
0  O                                                                         (0 = 0.0%)
1  -O                                                                        (1 = 33.3%) {0.0%}
2  -O                                                                        (1 = 33.3%) {33.3%}
3  -O                                                                        (1 = 33.3%) {66.7%}
4  ... 

Histogram: Viz.FrameSinkVideoCapturer.CaptureDuration recorded 1 samples, mean = 43.0 (flags = 0x41)
0   ... 
42  -O                                                                        (1 = 100.0%) {0.0%}
47  ... 

Histogram: Viz.FrameSinkVideoCapturer.CaptureSucceeded recorded 1 samples, mean = 1.0 (flags = 0x41)
0  O                                                                         (0 = 0.0%)
1  -O                                                                        (1 = 100.0%) {0.0%}
2  O                                                                         (0 = 0.0%) {100.0%}

Histogram: Viz.FrameSinkVideoCapturer.FrameResurrected recorded 1 samples, mean = 0.0 (flags = 0x41)
0  -O                                                                        (1 = 100.0%)
1  ... 

Histogram: Viz.FrameSinkVideoCapturer.RGBA.CaptureDuration recorded 1 samples, mean = 43.0 (flags = 0x41)
0   ... 
42  -O                                                                        (1 = 100.0%) {0.0%}
47  ... 

Histogram: Viz.FrameSinkVideoCapturer.RGBA.CaptureSucceeded recorded 1 samples, mean = 1.0 (flags = 0x41)
0  O                                                                         (0 = 0.0%)
1  -O                                                                        (1 = 100.0%) {0.0%}
2  O                                                                         (0 = 0.0%) {100.0%}

Histogram: Viz.FrameSinkVideoCapturer.ReserveFrameDuration recorded 1 samples, mean = 33.0 (flags = 0x41)
0   ... 
33  -O                                                                        (1 = 100.0%) {0.0%}
36  ... 

Histogram: Viz.FrameSinkVideoCapturer.TotalDuration recorded 1 samples, mean = 43.0 (flags = 0x41)
0   ... 
42  -O                                                                        (1 = 100.0%) {0.0%}
47  ... 

Histogram: WebApp.DiyAppsInstalledCount.ByUser recorded 1 samples, mean = 0.0 (flags = 0x41)
0  -O                                                                        (1 = 100.0%)
1  ... 

Histogram: WebApp.GeneratedIconFix.StartUpAttemptCount recorded 1 samples, mean = 0.0 (flags = 0x41)
0  -O                                                                        (1 = 100.0%)
1  ... 

Histogram: WebApp.Icon.AppsWithEmptyDownloadedIconSizes recorded 1 samples, mean = 0.0 (flags = 0x41)
0  -O                                                                        (1 = 100.0%)
1  ... 

Histogram: WebApp.Icon.AppsWithEmptyIconBitmap recorded 1 samples, mean = 0.0 (flags = 0x41)
0  -O                                                                        (1 = 100.0%)
1  ... 

Histogram: WebApp.Icon.AppsWithEmptyIconFile recorded 1 samples, mean = 0.0 (flags = 0x41)
0  -O                                                                        (1 = 100.0%)
1  ... 

Histogram: WebApp.Icon.AppsWithGeneratedIconBitmap recorded 1 samples, mean = 0.0 (flags = 0x41)
0  -O                                                                        (1 = 100.0%)
1  ... 

Histogram: WebApp.Icon.AppsWithGeneratedIconFlag recorded 1 samples, mean = 0.0 (flags = 0x41)
0  -O                                                                        (1 = 100.0%)
1  ... 

Histogram: WebApp.Icon.AppsWithGeneratedIconFlagFalseNegative recorded 1 samples, mean = 0.0 (flags = 0x41)
0  -O                                                                        (1 = 100.0%)
1  ... 

Histogram: WebApp.Icon.AppsWithMissingIconFile recorded 1 samples, mean = 0.0 (flags = 0x41)
0  -O                                                                        (1 = 100.0%)
1  ... 

Histogram: WebApp.InstalledCount.ByUser recorded 1 samples, mean = 0.0 (flags = 0x41)
0  -O                                                                        (1 = 100.0%)
1  ... 

Histogram: WebApp.InstalledCount.ByUserNotLocallyInstalled recorded 1 samples, mean = 0.0 (flags = 0x41)
0  -O                                                                        (1 = 100.0%)
1  ... 

Histogram: WebApp.Preinstalled.AppToReplaceStillDefaultInstalledCount recorded 1 samples, mean = 0.0 (flags = 0x41)
0  -O                                                                        (1 = 100.0%)
1  ... 

Histogram: WebApp.Preinstalled.AppToReplaceStillInstalledCount recorded 1 samples, mean = 0.0 (flags = 0x41)
0  -O                                                                        (1 = 100.0%)
1  ... 

Histogram: WebApp.Preinstalled.AppToReplaceStillInstalledInShelfCount recorded 1 samples, mean = 0.0 (flags = 0x41)
0  -O                                                                        (1 = 100.0%)
1  ... 

Histogram: WebApp.Preinstalled.ConfigErrorCount recorded 1 samples, mean = 0.0 (flags = 0x41)
0  -O                                                                        (1 = 100.0%)
1  ... 

Histogram: WebApp.Preinstalled.CorruptUserUninstallPrefsCount recorded 1 samples, mean = 0.0 (flags = 0x41)
0  -O                                                                        (1 = 100.0%)
1  ... 

Histogram: WebApp.Preinstalled.DisabledCount recorded 1 samples, mean = 0.0 (flags = 0x41)
0  -O                                                                        (1 = 100.0%)
1  ... 

Histogram: WebApp.Preinstalled.EnabledCount recorded 1 samples, mean = 0.0 (flags = 0x41)
0  -O                                                                        (1 = 100.0%)
1  ... 

Histogram: WebApp.Preinstalled.InstallCount recorded 1 samples, mean = 0.0 (flags = 0x41)
0  -O                                                                        (1 = 100.0%)
1  ... 

Histogram: WebApp.Preinstalled.UninstallAndReplaceCount recorded 1 samples, mean = 0.0 (flags = 0x41)
0  -O                                                                        (1 = 100.0%)
1  ... 

Histogram: WebApp.Preinstalled.UninstallAppRemovedCount recorded 1 samples, mean = 0.0 (flags = 0x41)
0  -O                                                                        (1 = 100.0%)
1  ... 

Histogram: WebApp.Preinstalled.UninstallSourceRemovedCount recorded 1 samples, mean = 0.0 (flags = 0x41)
0  -O                                                                        (1 = 100.0%)
1  ... 

Histogram: WebApp.Preinstalled.UninstallTotalCount recorded 1 samples, mean = 0.0 (flags = 0x41)
0  -O                                                                        (1 = 100.0%)
1  ... 

Histogram: WebApp.Uninstall.NonSyncIncompleteCount recorded 1 samples, mean = 0.0 (flags = 0x41)
0  -O                                                                        (1 = 100.0%)
1  ... 

Histogram: WebAuthentication.Windows.KeyCredentialManagerSupported recorded 1 samples, mean = 0.0 (flags = 0x41)
0  -O                                                                        (1 = 100.0%)
1  ... 

Histogram: WebContentsObserver.DOMContentLoaded recorded 3 samples, mean = 0.0 (flags = 0x41)
0  ---O                                                                      (3 = 100.0%)
1  ... 

Histogram: WebContentsObserver.DidChangeVisibleSecurityState recorded 2 samples, mean = 0.0 (flags = 0x41)
0  --O                                                                       (2 = 100.0%)
1  ... 

Histogram: WebContentsObserver.DidFinishLoad recorded 3 samples, mean = 0.7 (flags = 0x41)
0  -O                                                                        (1 = 33.3%)
1  --O                                                                       (2 = 66.7%) {33.3%}
2  ... 

Histogram: WebContentsObserver.DidFinishNavigation recorded 5 samples, mean = 1.8 (flags = 0x41)
0  ----O                                                                     (4 = 80.0%)
1  ... 
8  -O                                                                        (1 = 20.0%) {80.0%}
10 ... 

Histogram: WebContentsObserver.DidFirstVisuallyNonEmptyPaint recorded 1 samples, mean = 0.0 (flags = 0x41)
0  -O                                                                        (1 = 100.0%)
1  ... 

Histogram: WebContentsObserver.DidRedirectNavigation recorded 1 samples, mean = 0.0 (flags = 0x41)
0  -O                                                                        (1 = 100.0%)
1  ... 

Histogram: WebContentsObserver.DidStartLoading recorded 2 samples, mean = 0.0 (flags = 0x41)
0  --O                                                                       (2 = 100.0%)
1  ... 

Histogram: WebContentsObserver.DidStartNavigation recorded 5 samples, mean = 0.0 (flags = 0x41)
0  -----O                                                                    (5 = 100.0%)
1  ... 

Histogram: WebContentsObserver.DidStartNavigation.MainFrame recorded 3 samples, mean = 0.0 (flags = 0x41)
0  ---O                                                                      (3 = 100.0%)
1  ... 

Histogram: WebContentsObserver.DidStartNavigation.Subframe recorded 2 samples, mean = 0.0 (flags = 0x41)
0  --O                                                                       (2 = 100.0%)
1  ... 

Histogram: WebContentsObserver.DidStopLoading recorded 2 samples, mean = 0.0 (flags = 0x41)
0  --O                                                                       (2 = 100.0%)
1  ... 

Histogram: WebContentsObserver.DidUpdateNavigationHandleTiming recorded 5 samples, mean = 0.0 (flags = 0x41)
0  -----O                                                                    (5 = 100.0%)
1  ... 

Histogram: WebContentsObserver.LoadProgressChanged recorded 8 samples, mean = 0.0 (flags = 0x41)
0  --------O                                                                 (8 = 100.0%)
1  ... 

Histogram: WebContentsObserver.NavigationEntryChanged recorded 3 samples, mean = 0.0 (flags = 0x41)
0  ---O                                                                      (3 = 100.0%)
1  ... 

Histogram: WebContentsObserver.NavigationEntryCommitted recorded 2 samples, mean = 0.0 (flags = 0x41)
0  --O                                                                       (2 = 100.0%)
1  ... 

Histogram: WebContentsObserver.PrimaryMainDocumentElementAvailable recorded 1 samples, mean = 0.0 (flags = 0x41)
0  -O                                                                        (1 = 100.0%)
1  ... 

Histogram: WebContentsObserver.RenderFrameCreated recorded 4 samples, mean = 0.0 (flags = 0x41)
0  ----O                                                                     (4 = 100.0%)
1  ... 

Histogram: WebContentsObserver.RenderFrameDeleted recorded 4 samples, mean = 0.0 (flags = 0x41)
0  ----O                                                                     (4 = 100.0%)
1  ... 

Histogram: WebContentsObserver.RenderViewReady recorded 2 samples, mean = 0.0 (flags = 0x41)
0  --O                                                                       (2 = 100.0%)
1  ... 

Histogram: WebContentsObserver.TitleWasSet recorded 1 samples, mean = 0.0 (flags = 0x41)
0  -O                                                                        (1 = 100.0%)
1  ... 

Histogram: WebCore.Scripts.Async.StartedStreaming recorded 24 samples, mean = 1.0 (flags = 0x41)
0  O                                                                         (0 = 0.0%)
1  ------------------------O                                                 (24 = 100.0%) {0.0%}
2  O                                                                         (0 = 0.0%) {100.0%}

Histogram: WebCore.Scripts.Other.NotStreamingReason recorded 17 samples, mean = 11.0 (flags = 0x41)
0   ... 
11  -----------------O                                                        (17 = 100.0%) {0.0%}
12  ... 

Histogram: WebCore.Scripts.Other.StartedStreaming recorded 17 samples, mean = 0.0 (flags = 0x41)
0  -----------------O                                                        (17 = 100.0%)
1  ... 

Histogram: WebCore.Scripts.V8CodeCacheMetadata.Get recorded 45 samples, mean = 0.8 (flags = 0x41)
0  ---------O                                                                (9 = 20.0%)
1  ------------------------------------O                                     (36 = 80.0%) {20.0%}
2  ... 

Histogram: WebCore.Scripts.V8CodeCacheMetadata.Set recorded 21 samples, mean = 2.6 (flags = 0x41)
0  ---O                                                                      (3 = 14.3%)
1  ... 
3  ------------------O                                                       (18 = 85.7%) {14.3%}
4  O                                                                         (0 = 0.0%) {100.0%}

Histogram: WebCore.Scripts.V8CompileHintsStatus recorded 43 samples, mean = 10.4 (flags = 0x41)
0   ... 
10  ------------------------O                                                 (24 = 55.8%) {0.0%}
11  -------------------O                                                      (19 = 44.2%) {55.8%}
12  ... 

Histogram: WebCore.Scripts.V8CrowdsourcedCompileHints.ModelQuality recorded 1 samples, mean = 0.0 (flags = 0x41)
0  -O                                                                        (1 = 100.0%)
1  ... 

Histogram: WebDatabase.InitResult recorded 2 samples, mean = 0.0 (flags = 0x41)
0  --O                                                                       (2 = 100.0%)
1  ... 

Histogram: WebFont.CacheHit recorded 5 samples, mean = 1.4 (flags = 0x41)
0  O                                                                         (0 = 0.0%)
1  ----O                                                                     (4 = 80.0%) {0.0%}
2  O                                                                         (0 = 0.0%) {80.0%}
3  -O                                                                        (1 = 20.0%) {80.0%}
4  O                                                                         (0 = 0.0%) {100.0%}

Histogram: WebFont.Clients.RenderBlockingFonts.ExpiredFonts recorded 1 samples, mean = 1.0 (flags = 0x41)
0  O                                                                         (0 = 0.0%)
1  -O                                                                        (1 = 100.0%) {0.0%}
2  O                                                                         (0 = 0.0%) {100.0%}

Histogram: WebFont.HadBlankText recorded 1 samples, mean = 0.0 (flags = 0x41)
0  -O                                                                        (1 = 100.0%)
1  ... 

Histogram: WebFont.LocalFontUsed recorded 1 samples, mean = 1.0 (flags = 0x41)
0  O                                                                         (0 = 0.0%)
1  -O                                                                        (1 = 100.0%) {0.0%}
2  O                                                                         (0 = 0.0%) {100.0%}

Histogram: Windows.AcLayersLoaded recorded 1 samples, mean = 0.0 (flags = 0x41)
0  -O                                                                        (1 = 100.0%)
1  ... 

Histogram: Windows.CetAvailable recorded 1 samples, mean = 1.0 (flags = 0x41)
0  O                                                                         (0 = 0.0%)
1  -O                                                                        (1 = 100.0%) {0.0%}
2  O                                                                         (0 = 0.0%) {100.0%}

Histogram: Windows.CetEnabled recorded 1 samples, mean = 0.0 (flags = 0x41)
0  -O                                                                        (1 = 100.0%)
1  ... 

Histogram: Windows.DisplayIdFromDeviceId recorded 2 samples, mean = 3.0 (flags = 0x41)
0  ... 
3  --O                                                                       (2 = 100.0%) {0.0%}
4  O                                                                         (0 = 0.0%) {100.0%}

Histogram: Windows.DisplayIdFromDeviceKey recorded 2 samples, mean = 3.0 (flags = 0x41)
0  ... 
3  --O                                                                       (2 = 100.0%) {0.0%}
4  O                                                                         (0 = 0.0%) {100.0%}

Histogram: Windows.Enclave.SGX.Available recorded 1 samples, mean = 0.0 (flags = 0x41)
0  -O                                                                        (1 = 100.0%)
1  ... 

Histogram: Windows.Enclave.SGX2.Available recorded 1 samples, mean = 0.0 (flags = 0x41)
0  -O                                                                        (1 = 100.0%)
1  ... 

Histogram: Windows.Enclave.VBS.Available recorded 1 samples, mean = 1.0 (flags = 0x41)
0  O                                                                         (0 = 0.0%)
1  -O                                                                        (1 = 100.0%) {0.0%}
2  O                                                                         (0 = 0.0%) {100.0%}

Histogram: Windows.Enclave.VBSBasic.Available recorded 1 samples, mean = 0.0 (flags = 0x41)
0  -O                                                                        (1 = 100.0%)
1  ... 

Histogram: Windows.HasHighResolutionTimeTicks recorded 1 samples, mean = 1.0 (flags = 0x41)
0  O                                                                         (0 = 0.0%)
1  -O                                                                        (1 = 100.0%) {0.0%}
2  O                                                                         (0 = 0.0%) {100.0%}

Histogram: Windows.HasThreadTicks recorded 1 samples, mean = 1.0 (flags = 0x41)
0  O                                                                         (0 = 0.0%)
1  -O                                                                        (1 = 100.0%) {0.0%}
2  O                                                                         (0 = 0.0%) {100.0%}

Histogram: Windows.HighResolutionTimerUsage recorded 15 samples, mean = 0.0 (flags = 0x41)
0  ---------------O                                                          (15 = 100.0%)
1  ... 

Histogram: Windows.HypervPresent recorded 1 samples, mean = 1.0 (flags = 0x41)
0  O                                                                         (0 = 0.0%)
1  -O                                                                        (1 = 100.0%) {0.0%}
2  O                                                                         (0 = 0.0%) {100.0%}

Histogram: Windows.LegacyDisplayIdAlgorithm recorded 9 samples, mean = 0.0 (flags = 0x41)
0  ---------O                                                                (9 = 100.0%)
1  ... 

Histogram: Windows.ParallelDllLoadingEnabled recorded 1 samples, mean = 1.0 (flags = 0x41)
0  O                                                                         (0 = 0.0%)
1  -O                                                                        (1 = 100.0%) {0.0%}
2  O                                                                         (0 = 0.0%) {100.0%}

Histogram: Windows.PatchLevel recorded 1 samples (flags = 0x41)
1710497223  -O                                                                        (1 = 100.0%)

Histogram: Windows.PatchLevelKernel32 recorded 1 samples (flags = 0x41)
1710497223  -O                                                                        (1 = 100.0%)

Histogram: Windows.ProcessorFamily recorded 1 samples (flags = 0x41)
198  -O                                                                        (1 = 100.0%)

Histogram: Windows.ProcessorVirtualizationFirmwareEnabled recorded 1 samples, mean = 0.0 (flags = 0x41)
0  -O                                                                        (1 = 100.0%)
1  ... 


